{
  "beta": 0.0061342592592592594,
  "beta_n": 288,
  "degraded": {
    "g": 1.9233055910091934,
    "c": 0.0325,
    "tau": -0.03250000000000008,
    "R": 0.3630170809240999,
    "R_CI": [
      0.11580379107006608,
      0.793969616824475
    ],
    "P_R_lt_1": 0.995,
    "benefit_gbeta": 0.011798055130033246,
    "gross_cost": 0.04429805513003332,
    "cost_attrition": 0.02998684181670412,
    "cost_attrition_CI": [
      0.019201871881806627,
      0.04054659751255439
    ],
    "cost_exposure": 0.006110443126191282,
    "cost_exposure_CI": [
      0.003825395892934069,
      0.008671894185889449
    ],
    "cost_residual": 0.008200770187137916,
    "share_attrition": 0.6769335973933889,
    "share_exposure": 0.13793930925984393
  },
  "severe": {
    "g": 3.683214228664136,
    "c": 0.04479166666666667,
    "tau": -0.04479166666666678,
    "R": 0.5044195196878533,
    "R_CI": [
      0.15208791196752017,
      0.9629961181075664
    ],
    "P_R_lt_1": 0.984,
    "benefit_gbeta": 0.02259379098601843,
    "gross_cost": 0.06738545765268521,
    "cost_attrition": 0.042448569812797175,
    "cost_attrition_CI": [
      0.03242090750515969,
      0.05278308564337035
    ],
    "cost_exposure": 0.0032981908762336923,
    "cost_exposure_CI": [
      0.0015711130610439445,
      0.005302426993623918
    ],
    "cost_residual": 0.02163869696365434,
    "share_attrition": 0.6299366553475602,
    "share_exposure": 0.0489451432270901
  }
}
