seed,team,map_mode,command_mode,stress,stress_family,mission_profile,mission_success,success_time,first_threshold_time,strict_success,strict_success_time,alive_final,reached_final,n_payload,payload_reached,attrition_rate,early_attrition_rate,cumulative_exposure,exposure_per_agent_step,early_exposure_per_agent_step,recovery_time,mean_fragmentation,max_fragmentation,mean_consensus,mean_dispersion,mean_polarization,command_reversal_rate,early_mean_consensus,early_mean_dispersion,early_reversal_rate,early_map_mse,false_safe_rate,false_danger_rate,mean_effective_map_delay,collapse_time,failure_label,matched_variant,display_team,max_steps,safe_exposure_cut,safe_exposure_scale,n_agents,reached_fraction,alive_fraction,payload_fraction,time_efficiency,exposure_safety,recovery_safety,operational_score,safe_delivery_success,degraded_outcome
4123526252,no_relay_hetero,delayed,autonomous,degraded,degraded,full_delivery,1,55,44,1,55,12,11,2,1,0.0,0.0,70.51494282687455,0.10493295063522998,0.07834993647430505,8,0.0,0.0,0.0,0.0,0.0,0.0,0.0,0.0,0.0,0.0005868806109736671,0.0,0.0,12.0,181,0,no_relay_hetero,no_relay_hetero,180,0.15,0.22,12,0.9166666666666666,1.0,0.5,0.6944444444444444,0.5230320425671364,0.6,73.43355970705102,1,0
129758830,no_relay_hetero,delayed,autonomous,degraded,degraded,full_delivery,1,56,44,1,56,12,11,2,1,0.0,0.0,74.17610129260294,0.10844459253304523,0.08241789032511437,9,0.0,0.0,0.0,0.0,0.0,0.0,0.0,0.0,0.0,0.0016339748111716167,0.0,0.0,12.0,181,0,no_relay_hetero,no_relay_hetero,180,0.15,0.22,12,0.9166666666666666,1.0,0.5,0.6888888888888889,0.5070700339407035,0.55,72.62120269739208,1,0
647986598,no_relay_hetero,delayed,autonomous,degraded,degraded,full_delivery,1,57,44,1,57,12,11,2,1,0.0,0.0,73.90171928628168,0.10618063115845068,0.08211302142920186,8,0.0,0.0,0.0,0.0,0.0,0.0,0.0,0.0,0.0,0.0005184411764026318,0.0,0.0,12.0,181,0,no_relay_hetero,no_relay_hetero,180,0.15,0.22,12,0.9166666666666666,1.0,0.5,0.6833333333333333,0.5173607674615879,0.6,73.17638407779556,1,0
1972029220,no_relay_hetero,delayed,autonomous,degraded,degraded,full_delivery,1,57,44,1,57,12,12,2,2,0.0,0.0,87.0319802878938,0.12504594868950258,0.096702200319882,0,0.0,0.0,0.0,0.0,0.0,0.0,0.0,0.0,0.0,0.0019135702875988855,0.0,0.0,12.0,181,0,no_relay_hetero,no_relay_hetero,180,0.15,0.22,12,1.0,1.0,1.0,0.6833333333333333,0.43160932413862463,1.0,86.97586387127409,1,0
4118560726,no_relay_hetero,delayed,autonomous,degraded,degraded,full_delivery,1,56,45,1,56,12,11,2,1,0.0,0.0,95.41308719098829,0.13949281753068463,0.10601454132332032,11,0.0,0.0,0.0,0.0,0.0,0.0,0.0,0.0,0.0,0.000571563394092078,0.0,0.0,12.0,181,0,no_relay_hetero,no_relay_hetero,180,0.15,0.22,12,0.9166666666666666,1.0,0.5,0.6888888888888889,0.36594173849688805,0.44999999999999996,69.64540656117866,0,1
2544655528,no_relay_hetero,delayed,autonomous,degraded,degraded,full_delivery,1,55,45,1,55,11,11,2,1,0.08333333333333333,0.08333333333333333,83.24003190808047,0.1244245618954865,0.09248892434231164,0,0.0,0.0,0.0,0.0,0.0,0.0,0.0,0.0,0.0,0.0013453316857532092,0.0,0.0,12.0,181,0,no_relay_hetero,no_relay_hetero,180,0.15,0.22,12,0.9166666666666666,0.9166666666666666,0.5,0.6944444444444444,0.43443380956597044,1.0,74.69318444503469,0,1
3175310348,no_relay_hetero,delayed,autonomous,degraded,degraded,full_delivery,1,57,45,1,57,12,12,2,2,0.0,0.0,82.38672761683543,0.1183717350816601,0.09154080846315048,9,0.0,0.0,0.0,0.0,0.0,0.0,0.0,0.0,0.0,0.0010398263879767863,0.0,0.0,12.0,181,0,no_relay_hetero,no_relay_hetero,180,0.15,0.22,12,1.0,1.0,1.0,0.6833333333333333,0.46194665871972684,0.55,82.90058655540952,1,0
2570671591,no_relay_hetero,delayed,autonomous,degraded,degraded,full_delivery,1,54,44,1,54,12,11,2,1,0.0,0.0,75.51547309176158,0.11441738347236603,0.08390608121306842,9,0.0,0.0,0.0,0.0,0.0,0.0,0.0,0.0,0.0,0.0008188706978000527,0.0,0.0,12.0,181,0,no_relay_hetero,no_relay_hetero,180,0.15,0.22,12,0.9166666666666666,1.0,0.5,0.7,0.4799209842165181,0.55,72.41889377903125,1,0
1350789548,no_relay_hetero,delayed,autonomous,degraded,degraded,full_delivery,1,56,44,1,56,12,11,2,1,0.0,0.0,72.41657947045836,0.10587219220827246,0.08046286607828707,8,0.0,0.0,0.0,0.0,0.0,0.0,0.0,0.0,0.0,0.00021318692677975694,0.0,0.0,12.0,181,0,no_relay_hetero,no_relay_hetero,180,0.15,0.22,12,0.9166666666666666,1.0,0.5,0.6888888888888889,0.5187627626896707,0.6,73.2849008998776,1,0
4252139443,no_relay_hetero,delayed,autonomous,degraded,degraded,full_delivery,1,56,44,1,56,11,10,2,1,0.08333333333333333,0.08333333333333333,77.76757584012019,0.119275423067669,0.08640841760013354,9,0.0,0.0,0.0,0.0,0.0,0.0,0.0,0.0,0.0,0.0012961201025835595,0.0,0.0,12.0,181,0,no_relay_hetero,no_relay_hetero,180,0.15,0.22,12,0.8333333333333334,0.9166666666666666,0.5,0.6888888888888889,0.45783898605605,0.55,68.43196802700695,0,1
2551803,no_relay_hetero,delayed,autonomous,degraded,degraded,full_delivery,1,54,44,1,54,12,11,2,1,0.0,0.0,79.47953064516027,0.12042353128054586,0.08831058960573362,0,0.0,0.0,0.0,0.0,0.0,0.0,0.0,0.0,0.0,0.0009083250687446008,0.0,0.0,12.0,181,0,no_relay_hetero,no_relay_hetero,180,0.15,0.22,12,0.9166666666666666,1.0,0.5,0.7,0.4526203123611552,1.0,76.53668437305615,1,0
3129722067,no_relay_hetero,delayed,autonomous,degraded,degraded,full_delivery,1,55,44,1,55,12,11,2,1,0.0,0.0,80.18535327769045,0.11932344237751555,0.08909483697521162,9,0.0,0.0,0.0,0.0,0.0,0.0,0.0,0.0,0.0,0.001171374424220665,0.0,0.0,12.0,181,0,no_relay_hetero,no_relay_hetero,180,0.15,0.22,12,0.9166666666666666,1.0,0.5,0.6944444444444444,0.45762071646583846,0.55,72.01780114163284,1,0
729724589,no_relay_hetero,delayed,autonomous,degraded,degraded,full_delivery,1,55,45,1,55,12,11,2,1,0.0,0.0,83.6755455341322,0.12451718085436339,0.092972828371258,9,0.0,0.0,0.0,0.0,0.0,0.0,0.0,0.0,0.0,0.0009982509342263144,0.0,0.0,12.0,181,0,no_relay_hetero,no_relay_hetero,180,0.15,0.22,12,0.9166666666666666,1.0,0.5,0.6944444444444444,0.43401281429834826,0.55,71.68729051128798,1,0
75338282,no_relay_hetero,delayed,autonomous,degraded,degraded,full_delivery,1,54,45,1,54,11,10,2,1,0.08333333333333333,0.08333333333333333,92.44347781785575,0.14580990192090812,0.10271497535317306,11,0.0,0.0,0.0,0.0,0.0,0.0,0.0,0.0,0.0,0.0006446887854019936,0.0,0.0,12.0,181,0,no_relay_hetero,no_relay_hetero,180,0.15,0.22,12,0.8333333333333334,0.9166666666666666,0.5,0.7,0.3372277185413267,0.44999999999999996,65.92118805957857,0,1
585259051,no_relay_hetero,delayed,autonomous,degraded,degraded,full_delivery,1,56,44,1,56,12,12,2,2,0.0,0.0,79.30096125179476,0.11593707785350112,0.08811217916866085,0,0.0,0.0,0.0,0.0,0.0,0.0,0.0,0.0,0.0,0.0008411389718133538,0.0,0.0,12.0,181,0,no_relay_hetero,no_relay_hetero,180,0.15,0.22,12,1.0,1.0,1.0,0.6888888888888889,0.4730132824840858,1.0,87.64440817699942,1,0
1906317264,no_relay_hetero,delayed,autonomous,degraded,degraded,full_delivery,1,56,43,1,56,12,11,2,1,0.0,0.0,67.37957701223928,0.09850815352666561,0.07486619668026587,7,0.0,0.0,0.0,0.0,0.0,0.0,0.0,0.0,0.0,0.001387211531863869,0.0,0.0,12.0,181,0,no_relay_hetero,no_relay_hetero,180,0.15,0.22,12,0.9166666666666666,1.0,0.5,0.6888888888888889,0.5522356657878835,0.65,74.2535215432526,1,0
2093623877,no_relay_hetero,delayed,autonomous,degraded,degraded,full_delivery,1,55,44,1,55,12,11,2,1,0.0,0.0,68.67230033530164,0.1021909231180084,0.07630255592811294,0,0.0,0.0,0.0,0.0,0.0,0.0,0.0,0.0,0.0,0.000486465776155218,0.0,0.0,12.0,181,0,no_relay_hetero,no_relay_hetero,180,0.15,0.22,12,0.9166666666666666,1.0,0.5,0.6944444444444444,0.5354958040090527,1.0,77.60805236723785,1,0
3516897291,no_relay_hetero,delayed,autonomous,degraded,degraded,full_delivery,1,56,45,1,56,10,10,2,1,0.16666666666666666,0.16666666666666666,74.72382304766843,0.1163922477378013,0.08302647005296493,9,0.0,0.0,0.0,0.0,0.0,0.0,0.0,0.0,0.0,0.0011837151828867508,0.0,0.0,12.0,181,0,no_relay_hetero,no_relay_hetero,180,0.15,0.22,12,0.8333333333333334,0.8333333333333334,0.5,0.6888888888888889,0.4709443284645396,0.55,67.11544282072579,0,1
2715029867,no_relay_hetero,delayed,autonomous,degraded,degraded,full_delivery,1,57,44,1,57,12,11,2,1,0.0,0.0,76.29133042888246,0.1096139805012679,0.08476814492098052,9,0.0,0.0,0.0,0.0,0.0,0.0,0.0,0.0,0.0,0.001635323389837611,0.0,0.0,12.0,181,0,no_relay_hetero,no_relay_hetero,180,0.15,0.22,12,0.9166666666666666,1.0,0.5,0.6833333333333333,0.501754634085146,0.55,72.45789821052537,1,0
214085880,no_relay_hetero,delayed,autonomous,degraded,degraded,full_delivery,1,56,44,1,56,12,11,2,1,0.0,0.0,73.18243561525512,0.1069918649345835,0.08131381735028347,9,0.0,0.0,0.0,0.0,0.0,0.0,0.0,0.0,0.0,0.0016310887246944311,0.0,0.0,12.0,181,0,no_relay_hetero,no_relay_hetero,180,0.15,0.22,12,0.9166666666666666,1.0,0.5,0.6888888888888889,0.5136733412064387,0.55,72.71364899911237,1,0
3810470288,no_relay_hetero,delayed,autonomous,degraded,degraded,full_delivery,1,57,45,1,57,12,11,2,1,0.0,0.0,110.10442683162826,0.15819601556268428,0.12233825203514251,14,0.0,0.0,0.0,0.0,0.0,0.0,0.0,0.0,0.0,0.0030105170096065242,0.0,0.0,12.0,181,0,no_relay_hetero,no_relay_hetero,180,0.15,0.22,12,0.9166666666666666,1.0,0.5,0.6833333333333333,0.28092720198779875,0.30000000000000004,66.8663141611625,0,1
3362436975,no_relay_hetero,delayed,autonomous,degraded,degraded,full_delivery,1,58,44,1,58,11,11,2,2,0.08333333333333333,0.08333333333333333,74.3369047695063,0.1133184523925401,0.08259656085500701,0,0.0,0.0,0.0,0.0,0.0,0.0,0.0,0.0,0.0,0.0010382140728568505,0.0,0.0,12.0,181,0,no_relay_hetero,no_relay_hetero,180,0.15,0.22,12,0.9166666666666666,0.9166666666666666,1.0,0.6777777777777778,0.4849161254884541,1.0,84.1332702012828,0,1
449946895,no_relay_hetero,delayed,autonomous,degraded,degraded,full_delivery,1,58,45,1,58,11,10,2,1,0.08333333333333333,0.08333333333333333,91.99410781711408,0.13938501184411226,0.10221567535234899,0,0.0,0.0,0.0,0.0,0.0,0.0,0.0,0.0,0.0,0.003833925677610147,0.0,0.0,12.0,181,0,no_relay_hetero,no_relay_hetero,180,0.15,0.22,12,0.8333333333333334,0.9166666666666666,0.5,0.6777777777777778,0.3664317643449443,1.0,71.47448914527365,0,1
3830867559,no_relay_hetero,delayed,autonomous,degraded,degraded,full_delivery,1,54,45,1,54,12,11,2,1,0.0,0.0,76.08071633876972,0.11527381263449957,0.08453412926529968,8,0.0,0.0,0.0,0.0,0.0,0.0,0.0,0.0,0.0,0.0018536178607433818,0.0,0.0,12.0,181,0,no_relay_hetero,no_relay_hetero,180,0.15,0.22,12,0.9166666666666666,1.0,0.5,0.7,0.4760281243886383,0.6,72.86439374144092,1,0
765867201,no_relay_hetero,delayed,autonomous,degraded,degraded,full_delivery,1,57,44,1,57,11,11,2,1,0.08333333333333333,0.08333333333333333,82.5283048398385,0.12190296135869792,0.09169811648870944,0,0.0,0.0,0.0,0.0,0.0,0.0,0.0,0.0,0.0,0.0013070004853643876,0.0,0.0,12.0,181,0,no_relay_hetero,no_relay_hetero,180,0.15,0.22,12,0.9166666666666666,0.9166666666666666,0.5,0.6833333333333333,0.4458956301877367,1.0,74.67587215596164,0,1
3049931827,no_relay_hetero,delayed,autonomous,degraded,degraded,full_delivery,1,54,44,1,54,11,11,2,1,0.08333333333333333,0.08333333333333333,66.1722039119745,0.10056565944069074,0.07352467101330501,8,0.0,0.0,0.0,0.0,0.0,0.0,0.0,0.0,0.0,0.001338699816452186,0.0,0.0,12.0,181,0,no_relay_hetero,no_relay_hetero,180,0.15,0.22,12,0.9166666666666666,0.9166666666666666,0.5,0.7,0.5428833661786785,0.6,72.3003671265015,0,1
3233134960,no_relay_hetero,delayed,autonomous,degraded,degraded,full_delivery,1,56,45,1,56,12,12,2,2,0.0,0.0,91.40388516068425,0.13363141105363194,0.10155987240076028,10,0.0,0.0,0.0,0.0,0.0,0.0,0.0,0.0,0.0,0.0007000551826064249,0.0,0.0,12.0,181,0,no_relay_hetero,no_relay_hetero,180,0.15,0.22,12,1.0,1.0,1.0,0.6888888888888889,0.3925844952107639,0.5,81.51840515517293,1,1
3362588987,no_relay_hetero,delayed,autonomous,degraded,degraded,full_delivery,1,56,45,1,56,12,11,2,1,0.0,0.0,67.80317500442708,0.09912744883688168,0.07533686111603008,8,0.0,0.0,0.0,0.0,0.0,0.0,0.0,0.0,0.0,0.0011255328320211309,0.0,0.0,12.0,181,0,no_relay_hetero,no_relay_hetero,180,0.15,0.22,12,0.9166666666666666,1.0,0.5,0.6888888888888889,0.5494206871050833,0.6,73.71411184169338,1,0
2598842213,no_relay_hetero,delayed,autonomous,degraded,degraded,full_delivery,1,56,44,1,56,11,11,2,1,0.08333333333333333,0.08333333333333333,73.35311176759535,0.10803109244123027,0.08150345751955039,7,0.0,0.0,0.0,0.0,0.0,0.0,0.0,0.0,0.0,0.00032982552231028444,0.0,0.0,12.0,181,0,no_relay_hetero,no_relay_hetero,180,0.15,0.22,12,0.9166666666666666,0.9166666666666666,0.5,0.6888888888888889,0.5089495798125897,0.65,72.14751633959847,0,1
3360985572,no_relay_hetero,delayed,autonomous,degraded,degraded,full_delivery,1,56,45,1,56,11,11,2,1,0.08333333333333333,0.08333333333333333,111.82741076766136,0.16518081354159728,0.12425267863073484,14,0.0,0.0,0.0,0.0,0.0,0.0,0.0,0.0,0.0,0.0037529061961805044,0.0,0.0,12.0,181,0,no_relay_hetero,no_relay_hetero,180,0.15,0.22,12,0.9166666666666666,0.9166666666666666,0.5,0.6888888888888889,0.24917812026546693,0.30000000000000004,65.01071590593874,0,1
2303982318,no_relay_hetero,delayed,autonomous,degraded,degraded,full_delivery,1,56,44,1,56,12,11,2,1,0.0,0.0,72.2156164500159,0.10557838662283027,0.08023957383335101,0,0.0,0.0,0.0,0.0,0.0,0.0,0.0,0.0,0.0,0.00023987501430909185,0.0,0.0,12.0,181,0,no_relay_hetero,no_relay_hetero,180,0.15,0.22,12,0.9166666666666666,1.0,0.5,0.6888888888888889,0.5200982426234988,1.0,77.3035976189512,1,0
3176462789,no_relay_hetero,delayed,autonomous,degraded,degraded,full_delivery,1,57,45,1,57,11,11,2,2,0.08333333333333333,0.08333333333333333,106.05115603940429,0.15828530752149894,0.11783461782156032,14,0.0,0.0,0.0,0.0,0.0,0.0,0.0,0.0,0.0,0.004451671276302198,0.0,0.0,12.0,181,0,no_relay_hetero,no_relay_hetero,180,0.15,0.22,12,0.9166666666666666,0.9166666666666666,1.0,0.6833333333333333,0.2805213294477321,0.30000000000000004,74.36063194560157,0,1
1072478379,no_relay_hetero,delayed,crowd_vector,degraded,degraded,full_delivery,1,55,44,1,55,12,11,2,1,0.0,0.0,67.20979540353802,0.10001457649336015,0.07467755044837558,0,0.0,0.0,0.6527777777777778,0.052729291671696994,0.232066984511341,0.0,0.6527777777777778,0.052729291671696994,0.0,0.0010955001555239192,0.0,0.0,12.0,181,0,no_relay_hetero,no_relay_hetero,180,0.15,0.22,12,0.9166666666666666,1.0,0.5,0.6944444444444444,0.5453882886665448,1.0,77.74654715244273,1,0
434189688,no_relay_hetero,delayed,crowd_vector,degraded,degraded,full_delivery,1,57,45,1,57,12,11,2,1,0.0,0.0,100.78229540462517,0.14480214856986376,0.1119803282273613,11,0.0,0.0,0.6226053639846743,0.053944080684101406,0.24954823475081125,0.0,0.6226053639846743,0.053944080684101406,0.0,0.0036763487793366693,0.0,0.0,12.0,181,0,no_relay_hetero,no_relay_hetero,180,0.15,0.22,12,0.9166666666666666,1.0,0.5,0.6833333333333333,0.3418084155915284,0.44999999999999996,69.21865115161474,0,1
1227674135,no_relay_hetero,delayed,crowd_vector,degraded,degraded,full_delivery,1,54,44,1,54,10,11,2,2,0.16666666666666666,0.16666666666666666,60.91923832409069,0.099217000527835,0.06768804258232299,0,0.0,0.0,0.6424242424242423,0.04984289467232722,0.23417894350984542,0.0,0.6424242424242423,0.04984289467232722,0.0,0.0011478058850233881,0.0,0.0,12.0,181,0,no_relay_hetero,no_relay_hetero,180,0.15,0.22,12,0.9166666666666666,0.8333333333333334,1.0,0.7,0.5490136339643863,1.0,83.8861908755014,0,1
4001346765,no_relay_hetero,delayed,crowd_vector,degraded,degraded,full_delivery,1,58,44,1,58,12,12,2,2,0.0,0.0,97.83915862421887,0.13819090201160858,0.10871017624913208,10,0.0,0.0,0.6045197740112993,0.05718301601375621,0.2634886032413522,0.0,0.6045197740112993,0.05718301601375621,0.0,0.0026326079964913702,0.0,0.0,12.0,181,0,no_relay_hetero,no_relay_hetero,180,0.15,0.22,12,1.0,1.0,1.0,0.6777777777777778,0.3718595363108701,0.5,81.05047795279663,1,1
3107335282,no_relay_hetero,delayed,crowd_vector,degraded,degraded,full_delivery,1,57,45,1,57,12,11,2,1,0.0,0.0,92.50924981533498,0.13291558881513646,0.1027880553503722,0,0.0,0.0,0.60727969348659,0.05327036345511047,0.25502645836595095,0.0,0.60727969348659,0.05327036345511047,0.0,0.0036132809014068263,0.0,0.0,12.0,181,0,no_relay_hetero,no_relay_hetero,180,0.15,0.22,12,0.9166666666666666,1.0,0.5,0.6833333333333333,0.3958382326584706,1.0,75.47506859055191,1,0
3978578743,no_relay_hetero,delayed,crowd_vector,degraded,degraded,full_delivery,1,58,44,1,58,12,12,2,2,0.0,0.0,65.0555408562869,0.09188635714164815,0.07228393428476322,0,0.0,0.0,0.6421845574387948,0.04943888117166263,0.2350278426335174,0.0,0.6421845574387948,0.04943888117166263,0.0,0.0004380640609782782,0.0,0.0,12.0,181,0,no_relay_hetero,no_relay_hetero,180,0.15,0.22,12,1.0,1.0,1.0,0.6777777777777778,0.5823347402652357,1.0,88.99713080815775,1,0
2754612803,no_relay_hetero,delayed,crowd_vector,degraded,degraded,full_delivery,1,57,44,1,57,12,12,2,2,0.0,0.0,60.78499296391556,0.0873347600056258,0.0675388810710173,0,0.0,0.0,0.6551724137931033,0.05156713890121938,0.2304595725457403,0.0,0.6551724137931033,0.05156713890121938,0.0,0.000922597566285295,0.0,0.0,12.0,181,0,no_relay_hetero,no_relay_hetero,180,0.15,0.22,12,1.0,1.0,1.0,0.6833333333333333,0.6030238181562464,1.0,89.37566678752079,1,0
3880231715,no_relay_hetero,delayed,crowd_vector,degraded,degraded,full_delivery,1,55,45,1,55,12,11,2,1,0.0,0.0,78.47669656086727,0.11678079845367154,0.08719632951207475,7,0.0,0.0,0.6329365079365079,0.054591244827892196,0.25597763000573803,0.0,0.6329365079365079,0.054591244827892196,0.0,0.0005342092190611834,0.0,0.0,12.0,181,0,no_relay_hetero,no_relay_hetero,180,0.15,0.22,12,0.9166666666666666,1.0,0.5,0.6944444444444444,0.4691781888469476,0.65,73.17960575496838,1,0
2121995248,no_relay_hetero,delayed,crowd_vector,degraded,degraded,full_delivery,1,57,45,1,57,11,10,2,1,0.08333333333333333,0.08333333333333333,95.6037021310822,0.1439814791130756,0.10622633570120245,10,0.0,0.0,0.6302681992337165,0.05083712657518173,0.2469861536658628,0.0,0.6302681992337165,0.05083712657518173,0.0,0.003974357872842962,0.0,0.0,12.0,181,0,no_relay_hetero,no_relay_hetero,180,0.15,0.22,12,0.8333333333333334,0.9166666666666666,0.5,0.6833333333333333,0.3455387313042019,0.5,66.27087557159217,0,1
3779627556,no_relay_hetero,delayed,crowd_vector,degraded,degraded,full_delivery,1,56,44,1,56,12,11,2,1,0.0,0.0,79.60372737839198,0.11637971838946196,0.08844858597599109,0,0.0,0.0,0.6276803118908382,0.05298958012110758,0.25058776349532186,0.0,0.6276803118908382,0.05298958012110758,0.0,0.0005265707634844922,0.0,0.0,12.0,181,0,no_relay_hetero,no_relay_hetero,180,0.15,0.22,12,0.9166666666666666,1.0,0.5,0.6888888888888889,0.4710012800479002,1.0,76.61624014289282,1,0
1741679818,no_relay_hetero,delayed,crowd_vector,degraded,degraded,full_delivery,1,56,44,1,56,11,10,2,1,0.08333333333333333,0.08333333333333333,65.20537591363875,0.10188339986506054,0.07245041768182083,0,0.0,0.0,0.6491228070175439,0.052139059992996034,0.2377472089436224,0.0,0.6491228070175439,0.052139059992996034,0.0,0.0010146494041386957,0.0,0.0,12.0,181,0,no_relay_hetero,no_relay_hetero,180,0.15,0.22,12,0.8333333333333334,0.9166666666666666,0.5,0.6888888888888889,0.5368936369769975,1.0,74.03873313990019,0,1
4149761895,no_relay_hetero,delayed,crowd_vector,degraded,degraded,full_delivery,1,55,43,1,55,11,10,2,1,0.08333333333333333,0.08333333333333333,63.048682257349604,0.09882238598330659,0.07005409139705511,6,0.0,0.0,0.6468253968253969,0.05166987245713417,0.23305559080072857,0.0,0.6468253968253969,0.05166987245713417,0.0,0.0004493266178496425,0.0,0.0,12.0,181,0,no_relay_hetero,no_relay_hetero,180,0.15,0.22,12,0.8333333333333334,0.9166666666666666,0.5,0.6944444444444444,0.5508073364395155,0.7,71.32241382126433,0,1
2129781367,no_relay_hetero,delayed,crowd_vector,degraded,degraded,full_delivery,1,55,44,1,55,12,12,2,2,0.0,0.0,59.880004770541674,0.0891071499561632,0.0665333386339352,0,0.0,0.0,0.6468253968253969,0.04891056075287004,0.2357159933194332,0.0,0.6468253968253969,0.04891056075287004,0.0,0.0012285858966010691,0.0,0.0,12.0,181,0,no_relay_hetero,no_relay_hetero,180,0.15,0.22,12,1.0,1.0,1.0,0.6944444444444444,0.5949675001992583,1.0,89.44065611390072,1,0
2876819817,no_relay_hetero,delayed,crowd_vector,degraded,degraded,full_delivery,1,56,44,1,56,12,11,2,1,0.0,0.0,97.54483232770262,0.14260940398786934,0.1083831470307807,0,0.0,0.0,0.6452241715399611,0.049816756910874053,0.234397827378853,0.0,0.6452241715399611,0.049816756910874053,0.0,0.0037628892913183615,0.0,0.0,12.0,181,0,no_relay_hetero,no_relay_hetero,180,0.15,0.22,12,0.9166666666666666,1.0,0.5,0.6888888888888889,0.35177543641877573,1.0,74.94707833208508,1,0
3191220626,no_relay_hetero,delayed,crowd_vector,degraded,degraded,full_delivery,1,56,44,1,56,12,11,2,1,0.0,0.0,84.59932412897429,0.12368322241078113,0.09399924903219366,0,0.0,0.0,0.6549707602339181,0.048853587574651365,0.23340940838276192,0.0,0.6549707602339181,0.048853587574651365,0.0,0.0022789212509478057,0.0,0.0,12.0,181,0,no_relay_hetero,no_relay_hetero,180,0.15,0.22,12,0.9166666666666666,1.0,0.5,0.6888888888888889,0.4378035344964494,1.0,76.15147170517251,1,0
2698621854,no_relay_hetero,delayed,crowd_vector,degraded,degraded,full_delivery,1,55,43,1,55,12,11,2,1,0.0,0.0,75.10000587883243,0.11175596112921493,0.08344445097648048,0,0.0,0.0,0.6507936507936508,0.04682067044478503,0.23213792750042977,0.0,0.6507936507936508,0.04682067044478503,0.0,0.000932666366976038,0.0,0.0,12.0,181,0,no_relay_hetero,no_relay_hetero,180,0.15,0.22,12,0.9166666666666666,1.0,0.5,0.6944444444444444,0.49201835850356845,1.0,76.99936813016106,1,0
1598804801,no_relay_hetero,delayed,crowd_vector,degraded,degraded,full_delivery,1,55,43,1,55,12,11,2,1,0.0,0.0,59.566642079721255,0.08864083642815664,0.06618515786635695,0,0.0,0.0,0.6269841269841269,0.05997202781148586,0.2614065415795847,0.0,0.6269841269841269,0.05997202781148586,0.0,0.0016756332213856836,0.0,0.0,12.0,181,0,no_relay_hetero,no_relay_hetero,180,0.15,0.22,12,0.9166666666666666,1.0,0.5,0.6944444444444444,0.5970871071447426,1.0,78.4703306111375,1,0
2216890092,no_relay_hetero,delayed,crowd_vector,degraded,degraded,full_delivery,1,56,44,1,56,11,10,2,1,0.08333333333333333,0.08333333333333333,61.661994844131456,0.09371123836494143,0.0685133276045905,0,0.0,0.0,0.6159844054580897,0.05828722301206111,0.2555340238145702,0.0,0.6159844054580897,0.05828722301206111,0.0,0.0009359796630531102,0.0,0.0,12.0,181,0,no_relay_hetero,no_relay_hetero,180,0.15,0.22,12,0.8333333333333334,0.9166666666666666,0.5,0.6888888888888889,0.5740398256139025,1.0,74.55877978081686,0,1
3199086882,no_relay_hetero,delayed,crowd_vector,degraded,degraded,full_delivery,1,55,44,1,55,12,12,2,2,0.0,0.0,85.18617235755914,0.12676513743684398,0.09465130261951016,0,0.0,0.0,0.6071428571428571,0.05645282213298123,0.2639641700500053,0.0,0.6071428571428571,0.05645282213298123,0.0,0.0006700724188008415,0.0,0.0,12.0,181,0,no_relay_hetero,no_relay_hetero,180,0.15,0.22,12,1.0,1.0,1.0,0.6944444444444444,0.42379482983252736,1.0,87.04423872876649,1,0
3627395676,no_relay_hetero,delayed,crowd_vector,degraded,degraded,full_delivery,1,53,44,1,53,11,10,2,1,0.08333333333333333,0.08333333333333333,63.1056965987177,0.10211277766782799,0.07011744066524189,0,0.0,0.0,0.662551440329218,0.048640525817272816,0.23669730201937542,0.0,0.662551440329218,0.048640525817272816,0.0,0.001458112395113067,0.0,0.0,12.0,181,0,no_relay_hetero,no_relay_hetero,180,0.15,0.22,12,0.8333333333333334,0.9166666666666666,0.5,0.7055555555555555,0.5358510106007819,1.0,74.29080303729984,0,1
1828673318,no_relay_hetero,delayed,crowd_vector,degraded,degraded,full_delivery,1,56,45,1,56,11,10,2,1,0.08333333333333333,0.08333333333333333,95.58749043416815,0.14615824225407972,0.10620832270463128,11,0.0,0.0,0.631578947368421,0.053642388460047055,0.2480455248377643,0.0,0.631578947368421,0.053642388460047055,0.0,0.002451716578423774,0.0,0.0,12.0,181,0,no_relay_hetero,no_relay_hetero,180,0.15,0.22,12,0.8333333333333334,0.9166666666666666,0.5,0.6888888888888889,0.33564435339054677,0.44999999999999996,65.72124316968988,0,1
2220257496,no_relay_hetero,delayed,crowd_vector,degraded,degraded,full_delivery,1,58,45,1,58,11,12,2,2,0.08333333333333333,0.08333333333333333,97.5165405290892,0.13832133408381447,0.108351711698988,0,0.0,0.0,0.6459510357815442,0.049994136439014514,0.23581424485541413,0.0,0.6459510357815442,0.049994136439014514,0.0,0.0035480075189549443,0.0,0.0,12.0,181,0,no_relay_hetero,no_relay_hetero,180,0.15,0.22,12,1.0,0.9166666666666666,1.0,0.6777777777777778,0.3712666632553887,1.0,84.54217773001989,0,1
2028495802,no_relay_hetero,delayed,crowd_vector,degraded,degraded,full_delivery,1,55,44,1,55,11,10,2,1,0.08333333333333333,0.08333333333333333,66.9391634095251,0.10410445320299393,0.07437684823280566,0,0.0,0.0,0.6190476190476192,0.05321868038372861,0.25004045797133473,0.0,0.6190476190476192,0.05321868038372861,0.0,0.001109653923070961,0.0,0.0,12.0,181,0,no_relay_hetero,no_relay_hetero,180,0.15,0.22,12,0.8333333333333334,0.9166666666666666,0.5,0.6944444444444444,0.5267979399863912,1.0,73.98628227092058,0,1
2020589748,no_relay_hetero,delayed,crowd_vector,degraded,degraded,full_delivery,1,56,46,1,56,12,11,2,1,0.0,0.0,98.52080946119031,0.1440362711420911,0.10946756606798923,9,0.0,0.0,0.645224171539961,0.05206126696041888,0.23987840811449984,0.0,0.645224171539961,0.05206126696041888,0.0,0.003951304709647896,0.0,0.0,12.0,181,0,no_relay_hetero,no_relay_hetero,180,0.15,0.22,12,0.9166666666666666,1.0,0.5,0.6888888888888889,0.3452896766268586,0.55,70.35627769499825,1,0
3633746186,no_relay_hetero,delayed,crowd_vector,degraded,degraded,full_delivery,1,55,43,1,55,12,11,2,1,0.0,0.0,61.27348438091076,0.09118078032873625,0.06808164931212307,0,0.0,0.0,0.6547619047619045,0.05085101726301551,0.23484219621828675,0.0,0.6547619047619045,0.05085101726301551,0.0,0.001103493273968557,0.0,0.0,12.0,181,0,no_relay_hetero,no_relay_hetero,180,0.15,0.22,12,0.9166666666666666,1.0,0.5,0.6944444444444444,0.5855419075966535,1.0,78.30869781746425,1,0
1230607253,no_relay_hetero,delayed,crowd_vector,degraded,degraded,full_delivery,1,56,43,1,56,11,10,2,1,0.08333333333333333,0.08333333333333333,59.03504924274311,0.09253142514536539,0.06559449915860346,0,0.0,0.0,0.6627680311890837,0.050617771502683664,0.22654189409641087,0.0,0.6627680311890837,0.050617771502683664,0.0,0.0006127326328035152,0.0,0.0,12.0,181,0,no_relay_hetero,no_relay_hetero,180,0.15,0.22,12,0.8333333333333334,0.9166666666666666,0.5,0.6888888888888889,0.5794026129756118,1.0,74.6338588038808,0,1
3093003112,no_relay_hetero,delayed,crowd_vector,degraded,degraded,full_delivery,1,57,44,1,57,12,11,2,1,0.0,0.0,65.82719029360189,0.09457929639885329,0.07314132254844655,0,0.0,0.0,0.6570881226053639,0.05022784326361538,0.23008796825936642,0.0,0.6570881226053639,0.05022784326361538,0.0,0.00029938194298462846,0.0,0.0,12.0,181,0,no_relay_hetero,no_relay_hetero,180,0.15,0.22,12,0.9166666666666666,1.0,0.5,0.6833333333333333,0.5700941072779395,1.0,77.91465083522448,1,0
2845474403,no_relay_hetero,delayed,crowd_vector,degraded,degraded,full_delivery,1,55,43,1,55,12,11,2,1,0.0,0.0,62.527205976219285,0.09304643746461203,0.06947467330691032,0,0.0,0.0,0.6309523809523808,0.051191508701308966,0.24414715955131044,0.0,0.6309523809523808,0.051191508701308966,0.0,0.0014294656030993246,0.0,0.0,12.0,181,0,no_relay_hetero,no_relay_hetero,180,0.15,0.22,12,0.9166666666666666,1.0,0.5,0.6944444444444444,0.5770616478881272,1.0,78.18997418154488,1,0
2073933267,no_relay_hetero,delayed,crowd_vector,degraded,degraded,full_delivery,1,52,44,1,52,12,11,2,1,0.0,0.0,78.4472700930849,0.12334476429730329,0.08716363343676099,0,0.0,0.0,0.6498951781970651,0.05213046875601547,0.2357905610445011,0.0,0.6498951781970651,0.05213046875601547,0.0,0.0012590603971360985,0.0,0.0,12.0,181,0,no_relay_hetero,no_relay_hetero,180,0.15,0.22,12,0.9166666666666666,1.0,0.5,0.7111111111111111,0.4393419804668033,1.0,76.52856550431302,1,0
2152924085,no_relay_hetero,delayed,crowd_vector,degraded,degraded,full_delivery,1,57,45,1,57,12,11,2,1,0.0,0.0,94.86438950199091,0.13629941020400993,0.10540487722443435,0,0.0,0.0,0.6226053639846744,0.049319069387478244,0.24950323409910868,0.0,0.6226053639846744,0.049319069387478244,0.0,0.00380629375006736,0.0,0.0,12.0,181,0,no_relay_hetero,no_relay_hetero,180,0.15,0.22,12,0.9166666666666666,1.0,0.5,0.6833333333333333,0.38045722634540946,1.0,75.25973450216907,1,0
3590759223,no_relay_hetero,delayed,crowd_vector,degraded,degraded,full_delivery,1,54,44,1,54,11,10,2,1,0.08333333333333333,0.08333333333333333,57.712543076511906,0.09263650574078958,0.06412504786279101,0,0.0,0.0,0.6262626262626262,0.05685762639581165,0.26443814726805237,0.0,0.6262626262626262,0.05685762639581165,0.0,0.0018945183629736106,0.0,0.0,12.0,181,0,no_relay_hetero,no_relay_hetero,180,0.15,0.22,12,0.8333333333333334,0.9166666666666666,0.5,0.7,0.5789249739055019,1.0,74.80494963467702,0,1
3224859721,no_relay_hetero,delayed,crowd_vector,degraded,degraded,full_delivery,1,57,44,1,57,11,11,2,1,0.08333333333333333,0.08333333333333333,70.76015188040807,0.10345051444504104,0.07862239097823119,0,0.0,0.0,0.653256704980843,0.056109992912488686,0.24314671057490736,0.0,0.653256704980843,0.056109992912488686,0.0,0.000950679268476988,0.0,0.0,12.0,181,0,no_relay_hetero,no_relay_hetero,180,0.15,0.22,12,0.9166666666666666,0.9166666666666666,0.5,0.6833333333333333,0.5297703888861771,1.0,75.85011877773981,0,1
4072761879,no_relay_hetero,scout_belief,autonomous,degraded,degraded,full_delivery,1,55,45,1,55,11,10,2,1,0.08333333333333333,0.08333333333333333,94.65615428265674,0.14766950746124297,0.1051735047585075,12,0.0,0.0,0.0,0.0,0.0,0.0,0.0,0.0,0.0,0.002650227891419075,0.0,0.0,12.0,181,0,no_relay_hetero,no_relay_hetero,180,0.15,0.22,12,0.8333333333333334,0.9166666666666666,0.5,0.6944444444444444,0.32877496608525925,0.4,65.21396063630475,0,1
2813454106,no_relay_hetero,scout_belief,autonomous,degraded,degraded,full_delivery,1,56,44,1,56,12,11,2,1,0.0,0.0,64.75821695665485,0.09467575578458311,0.07195357439628317,0,0.0,0.0,0.0,0.0,0.0,0.0,0.0,0.0,0.0,0.002625725915066384,0.0,0.0,12.0,181,0,no_relay_hetero,no_relay_hetero,180,0.15,0.22,12,0.9166666666666666,1.0,0.5,0.6888888888888889,0.5696556555246222,1.0,77.99740139956694,1,0
219889319,no_relay_hetero,scout_belief,autonomous,degraded,degraded,full_delivery,1,56,45,1,56,11,10,2,1,0.08333333333333333,0.08333333333333333,86.04974057915804,0.13320393278507436,0.09561082286573115,11,0.0,0.0,0.0,0.0,0.0,0.0,0.0,0.0,0.0,0.0033946914255003537,0.0,0.0,12.0,181,0,no_relay_hetero,no_relay_hetero,180,0.15,0.22,12,0.8333333333333334,0.9166666666666666,0.5,0.6888888888888889,0.394527578249662,0.44999999999999996,66.5456083177175,0,1
3122876273,no_relay_hetero,scout_belief,autonomous,degraded,degraded,full_delivery,1,56,44,1,56,12,12,2,2,0.0,0.0,73.51095578574142,0.1074721575814933,0.08167883976193491,9,0.0,0.0,0.0,0.0,0.0,0.0,0.0,0.0,0.0,0.002688947317366835,0.0,0.0,12.0,181,0,no_relay_hetero,no_relay_hetero,180,0.15,0.22,12,1.0,1.0,1.0,0.6888888888888889,0.5114901928113942,0.55,83.68308492158174,1,0
1126916078,no_relay_hetero,scout_belief,autonomous,degraded,degraded,full_delivery,1,55,45,1,55,12,11,2,1,0.0,0.0,80.29328282770037,0.11948405182693507,0.08921475869744486,9,0.0,0.0,0.0,0.0,0.0,0.0,0.0,0.0,0.0,0.002561749588150151,0.0,0.0,12.0,181,0,no_relay_hetero,no_relay_hetero,180,0.15,0.22,12,0.9166666666666666,1.0,0.5,0.6944444444444444,0.45689067351393153,0.55,72.00758054030615,1,0
534397552,no_relay_hetero,scout_belief,autonomous,degraded,degraded,full_delivery,1,57,46,1,57,11,10,2,1,0.08333333333333333,0.08333333333333333,97.66859321442831,0.15142417552624546,0.10852065912714257,14,0.0,0.0,0.0,0.0,0.0,0.0,0.0,0.0,0.0,0.002930115742790266,0.0,0.0,12.0,181,0,no_relay_hetero,no_relay_hetero,180,0.15,0.22,12,0.8333333333333334,0.9166666666666666,0.5,0.6833333333333333,0.3117082930625207,0.30000000000000004,63.797249436208624,0,1
3007672935,no_relay_hetero,scout_belief,autonomous,degraded,degraded,full_delivery,1,57,45,1,57,11,11,2,2,0.08333333333333333,0.08333333333333333,59.479023275009254,0.09279098794853238,0.06608780363889917,0,0.0,0.0,0.0,0.0,0.0,0.0,0.0,0.0,0.0,0.003026655638866967,0.0,0.0,12.0,181,0,no_relay_hetero,no_relay_hetero,180,0.15,0.22,12,0.9166666666666666,0.9166666666666666,1.0,0.6833333333333333,0.5782227820521255,1.0,85.52845228206309,0,1
2607693851,no_relay_hetero,scout_belief,autonomous,degraded,degraded,full_delivery,1,55,44,1,55,12,11,2,1,0.0,0.0,71.52031614016232,0.10642904187524155,0.0794670179335137,8,0.0,0.0,0.0,0.0,0.0,0.0,0.0,0.0,0.0,0.0022535818031851193,0.0,0.0,12.0,181,0,no_relay_hetero,no_relay_hetero,180,0.15,0.22,12,0.9166666666666666,1.0,0.5,0.6944444444444444,0.5162316278398111,0.6,73.33835390086847,1,0
2121995240,no_relay_hetero,scout_belief,autonomous,degraded,degraded,full_delivery,1,57,45,1,57,12,12,2,2,0.0,0.0,98.29061457693199,0.1412221473806494,0.10921179397436888,11,0.0,0.0,0.0,0.0,0.0,0.0,0.0,0.0,0.0,0.0033180175424253316,0.0,0.0,12.0,181,0,no_relay_hetero,no_relay_hetero,180,0.15,0.22,12,1.0,1.0,1.0,0.6833333333333333,0.35808114826977544,0.44999999999999996,80.4464694091102,0,1
2908926875,no_relay_hetero,scout_belief,autonomous,degraded,degraded,full_delivery,1,55,45,1,55,12,11,2,1,0.0,0.0,65.32130863910912,0.09720432833200762,0.07257923182123235,6,0.0,0.0,0.0,0.0,0.0,0.0,0.0,0.0,0.0,0.0018668796578169865,0.0,0.0,12.0,181,0,no_relay_hetero,no_relay_hetero,180,0.15,0.22,12,0.9166666666666666,1.0,0.5,0.6944444444444444,0.5581621439454199,0.7,74.92538112634698,1,0
3364500536,no_relay_hetero,scout_belief,autonomous,degraded,degraded,full_delivery,1,57,45,1,57,12,11,2,1,0.0,0.0,103.42677565948544,0.14860168916592736,0.1149186396216505,13,0.0,0.0,0.0,0.0,0.0,0.0,0.0,0.0,0.0,0.0037266869928194207,0.0,0.0,12.0,181,0,no_relay_hetero,no_relay_hetero,180,0.15,0.22,12,0.9166666666666666,1.0,0.5,0.6833333333333333,0.324537776518512,0.35,67.9768622045925,0,1
3709673296,no_relay_hetero,scout_belief,autonomous,degraded,degraded,full_delivery,1,56,46,1,56,12,11,2,1,0.0,0.0,106.49570335182554,0.15569547273658704,0.11832855927980615,13,0.0,0.0,0.0,0.0,0.0,0.0,0.0,0.0,0.0,0.0027681570822334707,0.0,0.0,12.0,181,0,no_relay_hetero,no_relay_hetero,180,0.15,0.22,12,0.9166666666666666,1.0,0.5,0.6888888888888889,0.2922933057427862,0.35,67.61432850262123,0,1
3256210955,no_relay_hetero,scout_belief,autonomous,degraded,degraded,full_delivery,1,53,45,1,53,11,10,2,1,0.08333333333333333,0.08333333333333333,64.24091746411281,0.10514061778087203,0.07137879718234758,8,0.0,0.0,0.0,0.0,0.0,0.0,0.0,0.0,0.0,0.002944105645715919,0.0,0.0,12.0,181,0,no_relay_hetero,no_relay_hetero,180,0.15,0.22,12,0.8333333333333334,0.9166666666666666,0.5,0.7055555555555555,0.5220881009960363,0.6,70.09812230283339,0,1
2056569923,no_relay_hetero,scout_belief,autonomous,degraded,degraded,full_delivery,1,56,44,1,56,11,10,2,1,0.08333333333333333,0.08333333333333333,63.55511464792392,0.09823047086232445,0.0706167940532488,8,0.0,0.0,0.0,0.0,0.0,0.0,0.0,0.0,0.0,0.0026503433677670285,0.0,0.0,12.0,181,0,no_relay_hetero,no_relay_hetero,180,0.15,0.22,12,0.8333333333333334,0.9166666666666666,0.5,0.6888888888888889,0.5534978597167071,0.6,70.27119225825614,0,1
3821821783,no_relay_hetero,scout_belief,autonomous,degraded,degraded,full_delivery,1,56,44,1,56,12,11,2,1,0.0,0.0,65.61778300932367,0.09593243130018081,0.07290864778813741,0,0.0,0.0,0.0,0.0,0.0,0.0,0.0,0.0,0.0,0.002020402386714707,0.0,0.0,12.0,181,0,no_relay_hetero,no_relay_hetero,180,0.15,0.22,12,0.9166666666666666,1.0,0.5,0.6888888888888889,0.5639434940900871,1.0,77.91743113948344,1,0
2032099525,no_relay_hetero,scout_belief,autonomous,degraded,degraded,full_delivery,1,54,45,1,54,12,11,2,1,0.0,0.0,61.191138147797886,0.09271384567848165,0.0679901534975532,0,0.0,0.0,0.0,0.0,0.0,0.0,0.0,0.0,0.0,0.0031919305004102848,0.0,0.0,12.0,181,0,no_relay_hetero,no_relay_hetero,180,0.15,0.22,12,0.9166666666666666,1.0,0.5,0.7,0.5785734287341744,1.0,78.30002800227844,1,0
2644712766,no_relay_hetero,scout_belief,autonomous,degraded,degraded,full_delivery,1,57,46,1,57,12,11,2,1,0.0,0.0,104.57178445717567,0.15024681674881563,0.11619087161908408,12,0.0,0.0,0.0,0.0,0.0,0.0,0.0,0.0,0.0,0.003219533936837767,0.0,0.0,12.0,181,0,no_relay_hetero,no_relay_hetero,180,0.15,0.22,12,0.9166666666666666,1.0,0.5,0.6833333333333333,0.31705992386901993,0.4,68.37217226749961,0,1
146412303,no_relay_hetero,scout_belief,autonomous,degraded,degraded,full_delivery,1,53,44,1,53,12,11,2,1,0.0,0.0,77.48314219219843,0.11957275029660251,0.08609238021355381,9,0.0,0.0,0.0,0.0,0.0,0.0,0.0,0.0,0.0,0.0032328498510913947,0.0,0.0,12.0,181,0,no_relay_hetero,no_relay_hetero,180,0.15,0.22,12,0.9166666666666666,1.0,0.5,0.7055555555555555,0.4564874986518068,0.55,72.17971387001418,1,0
1915376733,no_relay_hetero,scout_belief,autonomous,degraded,degraded,full_delivery,1,55,46,1,55,10,10,2,1,0.16666666666666666,0.16666666666666666,88.65016638628354,0.14438137847928917,0.09850018487364838,12,0.0,0.0,0.0,0.0,0.0,0.0,0.0,0.0,0.0,0.0027171733339891747,0.0,0.0,12.0,181,0,no_relay_hetero,no_relay_hetero,180,0.15,0.22,12,0.8333333333333334,0.8333333333333334,0.5,0.6944444444444444,0.343721006912322,0.4,63.923205207883626,0,1
3546429129,no_relay_hetero,scout_belief,autonomous,degraded,degraded,full_delivery,1,57,46,1,57,10,9,2,1,0.16666666666666666,0.16666666666666666,83.37195463616938,0.13254682772046006,0.09263550515129931,11,0.0,0.0,0.0,0.0,0.0,0.0,0.0,0.0,0.0,0.0028182174189059473,0.0,0.0,12.0,181,0,no_relay_hetero,no_relay_hetero,180,0.15,0.22,12,0.75,0.8333333333333334,0.5,0.6833333333333333,0.39751441945245425,0.44999999999999996,62.99853520566771,0,1
3621820968,no_relay_hetero,scout_belief,autonomous,degraded,degraded,full_delivery,1,57,45,1,57,12,11,2,1,0.0,0.0,74.85559242490982,0.1075511385415371,0.08317288047212201,0,0.0,0.0,0.0,0.0,0.0,0.0,0.0,0.0,0.0,0.0027141687755156195,0.0,0.0,12.0,181,0,no_relay_hetero,no_relay_hetero,180,0.15,0.22,12,0.9166666666666666,1.0,0.5,0.6833333333333333,0.5111311884475587,1.0,77.08916997159915,1,0
2849619933,no_relay_hetero,scout_belief,autonomous,degraded,degraded,full_delivery,1,55,44,1,55,12,11,2,1,0.0,0.0,69.63347960605215,0.10362124941376807,0.07737053289561349,7,0.0,0.0,0.0,0.0,0.0,0.0,0.0,0.0,0.0,0.0027369186460971403,0.0,0.0,12.0,181,0,no_relay_hetero,no_relay_hetero,180,0.15,0.22,12,0.9166666666666666,1.0,0.5,0.6944444444444444,0.5289943208465088,0.65,74.01703160296222,1,0
2841495444,no_relay_hetero,scout_belief,autonomous,degraded,degraded,full_delivery,1,54,44,1,54,12,11,2,1,0.0,0.0,82.6026531705523,0.12515553510689742,0.0917807257450581,8,0.0,0.0,0.0,0.0,0.0,0.0,0.0,0.0,0.0,0.002299870411892751,0.0,0.0,12.0,181,0,no_relay_hetero,no_relay_hetero,180,0.15,0.22,12,0.9166666666666666,1.0,0.5,0.7,0.43111120405955716,0.6,72.23555685683378,1,0
3496192610,no_relay_hetero,scout_belief,autonomous,degraded,degraded,full_delivery,1,56,46,1,56,11,10,2,1,0.08333333333333333,0.08333333333333333,88.78615558275298,0.135966547599928,0.09865128398083665,11,0.0,0.0,0.0,0.0,0.0,0.0,0.0,0.0,0.0,0.00313890744646233,0.0,0.0,12.0,181,0,no_relay_hetero,no_relay_hetero,180,0.15,0.22,12,0.8333333333333334,0.9166666666666666,0.5,0.6888888888888889,0.3819702381821455,0.44999999999999996,66.36980555677226,0,1
3328017707,no_relay_hetero,scout_belief,autonomous,degraded,degraded,full_delivery,1,57,44,1,57,12,11,2,1,0.0,0.0,76.7388325984042,0.11025694338851179,0.08526536955378244,0,0.0,0.0,0.0,0.0,0.0,0.0,0.0,0.0,0.0,0.002963291564564966,0.0,0.0,12.0,181,0,no_relay_hetero,no_relay_hetero,180,0.15,0.22,12,0.9166666666666666,1.0,0.5,0.6833333333333333,0.49883207550676456,1.0,76.91698239042802,1,0
3172681942,no_relay_hetero,scout_belief,autonomous,degraded,degraded,full_delivery,1,55,46,1,55,11,11,2,1,0.08333333333333333,0.08333333333333333,105.36704715668779,0.1623529231998271,0.11707449684076421,13,0.0,0.0,0.0,0.0,0.0,0.0,0.0,0.0,0.0,0.0024441005805994754,0.0,0.0,12.0,181,0,no_relay_hetero,no_relay_hetero,180,0.15,0.22,12,0.9166666666666666,0.9166666666666666,0.5,0.6944444444444444,0.2620321672735132,0.35,65.7795614529403,0,1
1210042552,no_relay_hetero,scout_belief,autonomous,degraded,degraded,full_delivery,1,54,45,1,54,12,11,2,1,0.0,0.0,77.71497475769847,0.1177499617540886,0.0863499719529983,9,0.0,0.0,0.0,0.0,0.0,0.0,0.0,0.0,0.0,0.0020571170947356002,0.0,0.0,12.0,181,0,no_relay_hetero,no_relay_hetero,180,0.15,0.22,12,0.9166666666666666,1.0,0.5,0.7,0.46477290111777914,0.55,72.20682061564891,1,0
1409384925,no_relay_hetero,scout_belief,autonomous,degraded,degraded,full_delivery,1,58,44,1,58,11,10,2,1,0.08333333333333333,0.08333333333333333,79.18916909029488,0.11628365505182803,0.0879879656558832,8,0.0,0.0,0.0,0.0,0.0,0.0,0.0,0.0,0.0,0.0036178746491181365,0.0,0.0,12.0,181,0,no_relay_hetero,no_relay_hetero,180,0.15,0.22,12,0.8333333333333334,0.9166666666666666,0.5,0.6777777777777778,0.47143793158259983,0.6,68.94457548660084,0,1
2167836644,no_relay_hetero,scout_belief,autonomous,degraded,degraded,full_delivery,1,54,45,1,54,11,10,2,1,0.08333333333333333,0.08333333333333333,69.51634450376109,0.11140439824320687,0.07724038278195677,9,0.0,0.0,0.0,0.0,0.0,0.0,0.0,0.0,0.0,0.001865200726507648,0.0,0.0,12.0,181,0,no_relay_hetero,no_relay_hetero,180,0.15,0.22,12,0.8333333333333334,0.9166666666666666,0.5,0.7,0.49361637162178695,0.55,69.11062920270503,0,1
1929667117,no_relay_hetero,scout_belief,autonomous,degraded,degraded,full_delivery,1,56,45,1,56,11,10,2,1,0.08333333333333333,0.08333333333333333,77.06554598275976,0.11966699686763937,0.08562838442528863,9,0.0,0.0,0.0,0.0,0.0,0.0,0.0,0.0,0.0,0.002911985211329531,0.0,0.0,12.0,181,0,no_relay_hetero,no_relay_hetero,180,0.15,0.22,12,0.8333333333333334,0.9166666666666666,0.5,0.6888888888888889,0.4560591051470938,0.55,68.40704969428155,0,1
3967330435,no_relay_hetero,scout_belief,autonomous,degraded,degraded,full_delivery,1,55,45,1,55,11,11,2,1,0.08333333333333333,0.08333333333333333,87.99028660995654,0.13352092050069278,0.09776698512217394,10,0.0,0.0,0.0,0.0,0.0,0.0,0.0,0.0,0.0,0.002742523286076316,0.0,0.0,12.0,181,0,no_relay_hetero,no_relay_hetero,180,0.15,0.22,12,0.9166666666666666,0.9166666666666666,0.5,0.6944444444444444,0.39308672499685104,0.5,69.11432526106702,0,1
997899735,no_relay_hetero,scout_belief,autonomous,degraded,degraded,full_delivery,1,55,44,1,55,11,10,2,1,0.08333333333333333,0.08333333333333333,64.33463119879302,0.10083797993541226,0.07148292355421447,7,0.0,0.0,0.0,0.0,0.0,0.0,0.0,0.0,0.0,0.0024355263856749515,0.0,0.0,12.0,181,0,no_relay_hetero,no_relay_hetero,180,0.15,0.22,12,0.8333333333333334,0.9166666666666666,0.5,0.6944444444444444,0.5416455457481262,0.65,70.69414875158489,0,1
182768148,no_relay_hetero,scout_belief,crowd_vector,degraded,degraded,full_delivery,1,56,43,1,56,12,11,2,1,0.0,0.0,60.26055066407802,0.08810022026911991,0.06695616740453113,0,0.0,0.0,0.6627680311890837,0.045324048981800716,0.23024084213881219,0.0,0.6627680311890837,0.045324048981800716,0.0,0.003221628011759866,0.0,0.0,12.0,181,0,no_relay_hetero,no_relay_hetero,180,0.15,0.22,12,0.9166666666666666,1.0,0.5,0.6888888888888889,0.5995444533221822,1.0,78.41584456873278,1,0
2777208503,no_relay_hetero,scout_belief,crowd_vector,degraded,degraded,full_delivery,1,57,44,1,57,11,10,2,1,0.08333333333333333,0.08333333333333333,77.63041958922881,0.11726649484777765,0.08625602176580979,9,0.0,0.0,0.6704980842911878,0.0525559563196219,0.23586931447799328,0.0,0.6704980842911878,0.0525559563196219,0.0,0.0031569038603798,0.0,0.0,12.0,181,0,no_relay_hetero,no_relay_hetero,180,0.15,0.22,12,0.8333333333333334,0.9166666666666666,0.5,0.6833333333333333,0.4669704779646471,0.55,68.4709200248384,0,1
318689205,no_relay_hetero,scout_belief,crowd_vector,degraded,degraded,full_delivery,1,54,44,1,54,12,11,2,1,0.0,0.0,62.80271630771037,0.09515563076925813,0.06978079589745596,0,0.0,0.0,0.6808080808080806,0.046045646510376445,0.21221796103558313,0.0,0.6808080808080806,0.046045646510376445,0.0,0.0025212194318538963,0.0,0.0,12.0,181,0,no_relay_hetero,no_relay_hetero,180,0.15,0.22,12,0.9166666666666666,1.0,0.5,0.7,0.5674744055942812,1.0,78.14464167831993,1,0
2407828958,no_relay_hetero,scout_belief,crowd_vector,degraded,degraded,full_delivery,1,56,44,1,56,12,12,2,2,0.0,0.0,65.68879582385831,0.09603625120447122,0.07298755091539813,0,0.0,0.0,0.6608187134502923,0.048641674784043215,0.22211088396074302,0.0,0.6608187134502923,0.048641674784043215,0.0,0.003023809455373316,0.0,0.0,12.0,181,0,no_relay_hetero,no_relay_hetero,180,0.15,0.22,12,1.0,1.0,1.0,0.6888888888888889,0.5634715854342217,1.0,88.91082441830133,1,0
3594510880,no_relay_hetero,scout_belief,crowd_vector,degraded,degraded,full_delivery,1,56,44,1,56,12,11,2,1,0.0,0.0,74.04984979239447,0.10826001431636618,0.08227761088043829,0,0.0,0.0,0.658869395711501,0.0497026843684299,0.22219443479795234,0.0,0.658869395711501,0.0497026843684299,0.0,0.003208138005555987,0.0,0.0,12.0,181,0,no_relay_hetero,no_relay_hetero,180,0.15,0.22,12,0.9166666666666666,1.0,0.5,0.6888888888888889,0.5079090258346992,1.0,77.13294858390802,1,0
3440108640,no_relay_hetero,scout_belief,crowd_vector,degraded,degraded,full_delivery,1,57,47,1,57,10,9,2,1,0.16666666666666666,0.16666666666666666,89.36601544482617,0.14869553318606685,0.09929557271647353,13,0.0,0.0,0.6436781609195402,0.05012605516281889,0.24587459854147126,0.0,0.6436781609195402,0.05012605516281889,0.0,0.004789788156713122,0.0,0.0,12.0,181,0,no_relay_hetero,no_relay_hetero,180,0.15,0.22,12,0.75,0.8333333333333334,0.5,0.6833333333333333,0.3241112127906053,0.35,60.97089031240183,0,1
3435696913,no_relay_hetero,scout_belief,crowd_vector,degraded,degraded,full_delivery,1,56,44,1,56,12,11,2,1,0.0,0.0,85.97853052956523,0.12569960603737607,0.09553170058840582,0,0.0,0.0,0.645224171539961,0.05310941571912256,0.2417014895329983,0.0,0.645224171539961,0.05310941571912256,0.0,0.004076161294679389,0.0,0.0,12.0,181,0,no_relay_hetero,no_relay_hetero,180,0.15,0.22,12,0.9166666666666666,1.0,0.5,0.6888888888888889,0.4286381543755633,1.0,76.0231563834801,1,0
3004628198,no_relay_hetero,scout_belief,crowd_vector,degraded,degraded,full_delivery,1,55,45,1,55,11,10,2,1,0.08333333333333333,0.08333333333333333,75.84699816339335,0.11925628642042979,0.0842744424037704,0,0.0,0.0,0.6388888888888887,0.05017399047718664,0.24054747953119243,0.0,0.6388888888888887,0.05017399047718664,0.0,0.003011047930807864,0.0,0.0,12.0,181,0,no_relay_hetero,no_relay_hetero,180,0.15,0.22,12,0.8333333333333334,0.9166666666666666,0.5,0.6944444444444444,0.4579259708162282,1.0,73.0220747025383,0,1
4238553613,no_relay_hetero,scout_belief,crowd_vector,degraded,degraded,full_delivery,1,56,44,1,56,12,11,2,1,0.0,0.0,66.16462072374203,0.0967319016428977,0.07351624524860226,0,0.0,0.0,0.6569200779727096,0.05042959602883011,0.23373850376314723,0.0,0.6569200779727096,0.05042959602883011,0.0,0.0033403660320032286,0.0,0.0,12.0,181,0,no_relay_hetero,no_relay_hetero,180,0.15,0.22,12,0.9166666666666666,1.0,0.5,0.6888888888888889,0.5603095379868286,1.0,77.86655575403782,1,0
869152841,no_relay_hetero,scout_belief,crowd_vector,degraded,degraded,full_delivery,1,55,44,1,55,11,11,2,1,0.08333333333333333,0.08333333333333333,61.29612891159942,0.09372496775473917,0.06810680990177713,0,0.0,0.0,0.6507936507936508,0.05001962401187473,0.22980790676143892,0.0,0.6507936507936508,0.05001962401187473,0.0,0.00287509535143589,0.0,0.0,12.0,181,0,no_relay_hetero,no_relay_hetero,180,0.15,0.22,12,0.9166666666666666,0.9166666666666666,0.5,0.6944444444444444,0.5739774192966401,1.0,76.64679498126407,0,1
2938866767,no_relay_hetero,scout_belief,crowd_vector,degraded,degraded,full_delivery,1,54,44,1,54,12,11,2,1,0.0,0.0,63.79449900973519,0.09665833183293211,0.07088277667748355,0,0.0,0.0,0.6808080808080808,0.04796805961509733,0.2202444692459947,0.0,0.6808080808080808,0.04796805961509733,0.0,0.0029864517558824727,0.0,0.0,12.0,181,0,no_relay_hetero,no_relay_hetero,180,0.15,0.22,12,0.9166666666666666,1.0,0.5,0.7,0.560643946213945,1.0,78.04901524699521,1,0
1077372729,no_relay_hetero,scout_belief,crowd_vector,degraded,degraded,full_delivery,1,56,44,1,56,12,12,2,2,0.0,0.0,59.871388333866065,0.08753126949395623,0.06652376481540674,0,0.0,0.0,0.6101364522417154,0.061703895565591665,0.2608877149030876,0.0,0.6101364522417154,0.061703895565591665,0.0,0.0027520125072915975,0.0,0.0,12.0,181,0,no_relay_hetero,no_relay_hetero,180,0.15,0.22,12,1.0,1.0,1.0,0.6888888888888889,0.6021305932092899,1.0,89.45205052715227,1,0
1167450995,no_relay_hetero,scout_belief,crowd_vector,degraded,degraded,full_delivery,1,55,44,1,55,12,11,2,1,0.0,0.0,66.72574214011843,0.099294259137081,0.07413971348902047,0,0.0,0.0,0.5952380952380952,0.06870340970394606,0.28169557812244567,0.0,0.5952380952380952,0.06870340970394606,0.0,0.002718516467418615,0.0,0.0,12.0,181,0,no_relay_hetero,no_relay_hetero,180,0.15,0.22,12,0.9166666666666666,1.0,0.5,0.6944444444444444,0.5486624584678137,1.0,77.79238552966049,1,0
2709725612,no_relay_hetero,scout_belief,crowd_vector,degraded,degraded,full_delivery,1,54,44,1,54,12,11,2,1,0.0,0.0,76.60080492725518,0.11606182564735634,0.08511200547472798,0,0.0,0.0,0.6383838383838383,0.04877004012006813,0.23958728385016084,0.0,0.6383838383838383,0.04877004012006813,0.0,0.002771675897146294,0.0,0.0,12.0,181,0,no_relay_hetero,no_relay_hetero,180,0.15,0.22,12,0.9166666666666666,1.0,0.5,0.7,0.4724462470574712,1.0,76.81424745880459,1,0
399209077,no_relay_hetero,scout_belief,crowd_vector,degraded,degraded,full_delivery,1,56,44,1,56,12,12,2,2,0.0,0.0,67.56515151355418,0.098779461277126,0.07507239057061577,0,0.0,0.0,0.658869395711501,0.057818372443277165,0.2414590299741946,0.0,0.658869395711501,0.057818372443277165,0.0,0.002781899141368265,0.0,0.0,12.0,181,0,no_relay_hetero,no_relay_hetero,180,0.15,0.22,12,1.0,1.0,1.0,0.6888888888888889,0.5510024487403364,1.0,88.73625650458693,1,0
2109811185,no_relay_hetero,scout_belief,crowd_vector,degraded,degraded,full_delivery,1,58,44,1,58,12,12,2,2,0.0,0.0,83.22479659709334,0.11754914773600755,0.0924719962189926,0,0.0,0.0,0.6949152542372882,0.04607882260466327,0.21568956041435713,0.0,0.6949152542372882,0.04607882260466327,0.0,0.0041280670297915165,0.0,0.0,12.0,181,0,no_relay_hetero,no_relay_hetero,180,0.15,0.22,12,1.0,1.0,1.0,0.6777777777777778,0.4656856921090565,1.0,87.36404413397123,1,0
1388685904,no_relay_hetero,scout_belief,crowd_vector,degraded,degraded,full_delivery,1,56,45,1,56,11,10,2,1,0.08333333333333333,0.08333333333333333,86.41616330863407,0.1327437224402981,0.09601795923181564,8,0.0,0.0,0.6257309941520467,0.05398760038665962,0.24682176118460564,0.0,0.6257309941520467,0.05398760038665962,0.0,0.005148617982801348,0.0,0.0,12.0,181,0,no_relay_hetero,no_relay_hetero,180,0.15,0.22,12,0.8333333333333334,0.9166666666666666,0.5,0.6888888888888889,0.39661944345319045,0.6,68.07489443056689,0,1
333597265,no_relay_hetero,scout_belief,crowd_vector,degraded,degraded,full_delivery,1,56,44,1,56,12,12,2,2,0.0,0.0,73.43264991606497,0.10735767531588447,0.0815918332400722,0,0.0,0.0,0.6627680311890838,0.04822138331679459,0.22561087185342207,0.0,0.6627680311890838,0.04822138331679459,0.0,0.002787990198555281,0.0,0.0,12.0,181,0,no_relay_hetero,no_relay_hetero,180,0.15,0.22,12,1.0,1.0,1.0,0.6888888888888889,0.5120105667459797,1.0,88.19037015666594,1,0
290418911,no_relay_hetero,scout_belief,crowd_vector,degraded,degraded,full_delivery,1,57,44,1,57,12,11,2,1,0.0,0.0,64.3408085094786,0.0924436903871819,0.07148978723275401,0,0.0,0.0,0.6245210727969348,0.05944685152116298,0.25837039783762095,0.0,0.6245210727969348,0.05944685152116298,0.0,0.002635501340315226,0.0,0.0,12.0,181,0,no_relay_hetero,no_relay_hetero,180,0.15,0.22,12,0.9166666666666666,1.0,0.5,0.6833333333333333,0.5798014073309914,1.0,78.05055303596721,1,0
3569693222,no_relay_hetero,scout_belief,crowd_vector,degraded,degraded,full_delivery,1,56,44,1,56,11,10,2,1,0.08333333333333333,0.08333333333333333,75.50628517506365,0.11616351565394407,0.08389587241673739,0,0.0,0.0,0.621832358674464,0.05816179143558426,0.2619894287911584,0.0,0.621832358674464,0.05816179143558426,0.0,0.0034680458747141534,0.0,0.0,12.0,181,0,no_relay_hetero,no_relay_hetero,180,0.15,0.22,12,0.8333333333333334,0.9166666666666666,0.5,0.6888888888888889,0.47198401975479964,1.0,73.12999849878942,0,1
365362195,no_relay_hetero,scout_belief,crowd_vector,degraded,degraded,full_delivery,1,54,44,1,54,12,11,2,1,0.0,0.0,71.17625875732233,0.10784281629897323,0.07908473195258037,7,0.0,0.0,0.6585858585858585,0.04813928470731587,0.22491699948677008,0.0,0.6585858585858585,0.04813928470731587,0.0,0.0026245196366914466,0.0,0.0,12.0,181,0,no_relay_hetero,no_relay_hetero,180,0.15,0.22,12,0.9166666666666666,1.0,0.5,0.7,0.5098053804592126,0.65,73.83727532642897,1,0
1918787606,no_relay_hetero,scout_belief,crowd_vector,degraded,degraded,full_delivery,1,55,44,1,55,12,11,2,1,0.0,0.0,61.82843231135847,0.09200659570142629,0.06869825812373163,0,0.0,0.0,0.6507936507936508,0.054663367138269615,0.24430116229345078,0.0,0.6507936507936508,0.054663367138269615,0.0,0.002611100454611621,0.0,0.0,12.0,181,0,no_relay_hetero,no_relay_hetero,180,0.15,0.22,12,0.9166666666666666,1.0,0.5,0.6944444444444444,0.5817882013571533,1.0,78.25614593011124,1,0
3597698426,no_relay_hetero,scout_belief,crowd_vector,degraded,degraded,full_delivery,1,56,44,1,56,11,10,2,1,0.08333333333333333,0.08333333333333333,75.85284095558619,0.11492854690240331,0.08428093439509576,0,0.0,0.0,0.6920077972709552,0.044544925124530434,0.21653031915353058,0.0,0.6920077972709552,0.044544925124530434,0.0,0.0030041964271957902,0.0,0.0,12.0,181,0,no_relay_hetero,no_relay_hetero,180,0.15,0.22,12,0.8333333333333334,0.9166666666666666,0.5,0.6888888888888889,0.47759751407998496,1.0,73.20858741934202,0,1
1613234895,no_relay_hetero,scout_belief,crowd_vector,degraded,degraded,full_delivery,1,54,43,1,54,12,11,2,1,0.0,0.0,70.37606411574028,0.10663040017536406,0.07819562679526698,0,0.0,0.0,0.6141414141414142,0.05308741965289241,0.25231514324252724,0.0,0.6141414141414142,0.05308741965289241,0.0,0.0027205587697714754,0.0,0.0,12.0,181,0,no_relay_hetero,no_relay_hetero,180,0.15,0.22,12,0.9166666666666666,1.0,0.5,0.7,0.5153163628392543,1.0,77.41442907974955,1,0
2583942252,no_relay_hetero,scout_belief,crowd_vector,degraded,degraded,full_delivery,1,57,44,1,57,12,12,2,2,0.0,0.0,69.84330458102882,0.1003495755474552,0.07760367175669869,0,0.0,0.0,0.6647509578544061,0.05034043760250775,0.24262194108906093,0.0,0.6647509578544061,0.05034043760250775,0.0,0.0031649442359284485,0.0,0.0,12.0,181,0,no_relay_hetero,no_relay_hetero,180,0.15,0.22,12,1.0,1.0,1.0,0.6833333333333333,0.5438655656933855,1.0,88.54745125304073,1,0
446328963,no_relay_hetero,scout_belief,crowd_vector,degraded,degraded,full_delivery,1,54,45,1,54,12,11,2,1,0.0,0.0,93.20818626391129,0.14122452464228982,0.10356465140434587,10,0.0,0.0,0.6363636363636365,0.04965790363275665,0.24361982702364884,0.0,0.6363636363636365,0.04965790363275665,0.0,0.003199710588302057,0.0,0.0,12.0,181,0,no_relay_hetero,no_relay_hetero,180,0.15,0.22,12,0.9166666666666666,1.0,0.5,0.7,0.3580703425350462,0.5,70.21298479549064,1,1
1468417345,no_relay_hetero,scout_belief,crowd_vector,degraded,degraded,full_delivery,1,55,44,1,55,12,11,2,1,0.0,0.0,63.10120269768792,0.09390059925251178,0.07011244744187546,0,0.0,0.0,0.615079365079365,0.056402881607312334,0.25586529707983047,0.0,0.615079365079365,0.056402881607312334,0.0,0.0026691981418042695,0.0,0.0,12.0,181,0,no_relay_hetero,no_relay_hetero,180,0.15,0.22,12,0.9166666666666666,1.0,0.5,0.6944444444444444,0.5731790943067647,1.0,78.1356184314058,1,0
1710433576,no_relay_hetero,scout_belief,crowd_vector,degraded,degraded,full_delivery,1,57,44,1,57,12,11,2,1,0.0,0.0,59.95611998408077,0.08614385055184019,0.06661791109342308,0,0.0,0.0,0.6206896551724138,0.059317397009467684,0.25713737864306924,0.0,0.6206896551724138,0.059317397009467684,0.0,0.00359598866368316,0.006944444444444444,0.0,12.0,181,0,no_relay_hetero,no_relay_hetero,180,0.15,0.22,12,0.9166666666666666,1.0,0.5,0.6833333333333333,0.608437042946181,1.0,78.45145193457986,1,0
4109474257,no_relay_hetero,scout_belief,crowd_vector,degraded,degraded,full_delivery,1,54,45,1,54,12,11,2,1,0.0,0.0,87.11151054141634,0.13198713718396415,0.09679056726824037,10,0.0,0.0,0.6343434343434342,0.05922174803216353,0.2578558126825653,0.0,0.6343434343434342,0.05922174803216353,0.0,0.0030067796406046464,0.0,0.0,12.0,181,0,no_relay_hetero,no_relay_hetero,180,0.15,0.22,12,0.9166666666666666,1.0,0.5,0.7,0.40005846734561745,0.5,70.80081854283864,1,1
291371504,no_relay_hetero,scout_belief,crowd_vector,degraded,degraded,full_delivery,1,57,44,1,57,11,11,2,1,0.08333333333333333,0.08333333333333333,85.25163483282996,0.12743144220153957,0.0947240387031444,0,0.0,0.0,0.6570881226053639,0.05415453309270489,0.2437858801440474,0.0,0.6570881226053639,0.05415453309270489,0.0,0.0036374017109788207,0.0,0.0,12.0,181,0,no_relay_hetero,no_relay_hetero,180,0.15,0.22,12,0.9166666666666666,0.9166666666666666,0.5,0.6833333333333333,0.4207661718111838,1.0,74.3240597386899,0,1
1554568905,no_relay_hetero,scout_belief,crowd_vector,degraded,degraded,full_delivery,1,57,44,1,57,12,12,2,2,0.0,0.0,72.60998290440268,0.10432468808103834,0.08067775878266965,0,0.0,0.0,0.6187739463601534,0.05365473525645776,0.25018979581542794,0.0,0.6187739463601534,0.05365473525645776,0.0,0.0032070882104917498,0.0,0.0,12.0,181,0,no_relay_hetero,no_relay_hetero,180,0.15,0.22,12,1.0,1.0,1.0,0.6833333333333333,0.5257968723589166,1.0,88.29448954635816,1,0
3101681347,no_relay_hetero,scout_belief,crowd_vector,degraded,degraded,full_delivery,1,55,45,1,55,11,10,2,1,0.08333333333333333,0.08333333333333333,89.09443807470737,0.1387763832939367,0.0989938200830082,8,0.0,0.0,0.6587301587301587,0.04746727888158099,0.23450127585532402,0.0,0.6587301587301587,0.04746727888158099,0.0,0.0035254291649199905,0.0,0.0,12.0,181,0,no_relay_hetero,no_relay_hetero,180,0.15,0.22,12,0.8333333333333334,0.9166666666666666,0.5,0.6944444444444444,0.36919825775483317,0.6,67.77988671967879,0,1
2171560472,no_relay_hetero,delayed,autonomous,severe,severe,full_delivery,1,54,45,1,54,11,11,2,1,0.08333333333333333,0.08333333333333333,68.88481443623546,0.10630372598184484,0.07653868270692829,7,0.0,0.0,0.0,0.0,0.0,0.0,0.0,0.0,0.0,0.007017724642463503,0.0,0.0,24.0,181,0,no_relay_hetero,no_relay_hetero,180,0.15,0.22,12,0.9166666666666666,0.9166666666666666,0.5,0.7,0.516801245537069,0.65,72.43521743751897,0,1
1296126272,no_relay_hetero,delayed,autonomous,severe,severe,full_delivery,1,56,45,1,56,12,11,2,1,0.0,0.0,119.38814139154584,0.17454406636190914,0.13265349043505092,14,0.0,0.0,0.0,0.0,0.0,0.0,0.0,0.0,0.0,0.01635301962189704,0.027777777777777776,0.0,24.0,181,0,no_relay_hetero,no_relay_hetero,180,0.15,0.22,12,0.9166666666666666,1.0,0.5,0.6888888888888889,0.2066178801731403,0.30000000000000004,65.91487254464619,0,1
3019778305,no_relay_hetero,delayed,autonomous,severe,severe,full_delivery,1,53,44,1,53,11,10,2,1,0.08333333333333333,0.08333333333333333,77.53496064762844,0.12465427756853446,0.08614995627514271,9,0.0,0.0,0.0,0.0,0.0,0.0,0.0,0.0,0.0,0.0007670806175221812,0.0,0.0,24.0,181,0,no_relay_hetero,no_relay_hetero,180,0.15,0.22,12,0.8333333333333334,0.9166666666666666,0.5,0.7055555555555555,0.4333896474157525,0.55,68.35634395270944,0,1
4280562328,no_relay_hetero,delayed,autonomous,severe,severe,full_delivery,1,56,44,1,56,12,11,2,1,0.0,0.0,74.15588642623649,0.10841503863484868,0.08239542936248499,9,0.0,0.0,0.0,0.0,0.0,0.0,0.0,0.0,0.0,0.004432626420997276,0.0,0.0,24.0,181,0,no_relay_hetero,no_relay_hetero,180,0.15,0.22,12,0.9166666666666666,1.0,0.5,0.6888888888888889,0.5072043698415969,0.55,72.62308340000459,1,0
1870327377,no_relay_hetero,delayed,autonomous,severe,severe,full_delivery,1,57,45,1,57,12,11,2,1,0.0,0.0,97.43819761707218,0.1399974103693566,0.10826466401896909,0,0.0,0.0,0.0,0.0,0.0,0.0,0.0,0.0,0.0,0.008465562487937044,0.006944444444444444,0.0,24.0,181,0,no_relay_hetero,no_relay_hetero,180,0.15,0.22,12,0.9166666666666666,1.0,0.5,0.6833333333333333,0.3636481346847428,1.0,75.02440721891972,1,0
3815409436,no_relay_hetero,delayed,autonomous,severe,severe,full_delivery,1,56,45,1,56,11,10,2,1,0.08333333333333333,0.08333333333333333,76.81646011474182,0.12059098919111745,0.08535162234971312,10,0.0,0.0,0.0,0.0,0.0,0.0,0.0,0.0,0.0,0.0014968850161868616,0.0,0.0,24.0,181,0,no_relay_hetero,no_relay_hetero,180,0.15,0.22,12,0.8333333333333334,0.9166666666666666,0.5,0.6888888888888889,0.4518591400403752,0.5,67.84825018278748,0,1
1720872557,no_relay_hetero,delayed,autonomous,severe,severe,full_delivery,1,57,43,1,57,12,11,2,1,0.0,0.0,70.79689150607612,0.10171967170413236,0.07866321278452902,8,0.0,0.0,0.0,0.0,0.0,0.0,0.0,0.0,0.0,0.002783164382214747,0.0,0.0,24.0,181,0,no_relay_hetero,no_relay_hetero,180,0.15,0.22,12,0.9166666666666666,1.0,0.5,0.6833333333333333,0.5376378558903074,0.6,73.46026331579762,1,0
204002436,no_relay_hetero,delayed,autonomous,severe,severe,full_delivery,0,180,45,0,180,9,10,2,0,0.25,0.16666666666666666,107.00961030386122,0.06028710439654154,0.11733195628214417,12,0.0,0.0,0.0,0.0,0.0,0.0,0.0,0.0,0.0,0.011168841217318032,0.006944444444444444,0.0,24.0,181,1,no_relay_hetero,no_relay_hetero,180,0.15,0.22,12,0.8333333333333334,0.75,0.0,0.0,0.7259677072884476,0.4,47.663547902038275,0,1
1321521452,no_relay_hetero,delayed,autonomous,severe,severe,full_delivery,1,57,45,1,57,11,10,2,1,0.08333333333333333,0.08333333333333333,78.51194180026017,0.1230594699063639,0.08723549088917797,10,0.0,0.0,0.0,0.0,0.0,0.0,0.0,0.0,0.0,0.0013320965482885997,0.0,0.0,24.0,181,0,no_relay_hetero,no_relay_hetero,180,0.15,0.22,12,0.8333333333333334,0.9166666666666666,0.5,0.6833333333333333,0.44063877315289135,0.5,67.60227615747382,0,1
2262012790,no_relay_hetero,delayed,autonomous,severe,severe,full_delivery,1,56,45,1,56,11,10,2,1,0.08333333333333333,0.08333333333333333,75.59063187145262,0.11611464189163229,0.08398959096828068,0,0.0,0.0,0.0,0.0,0.0,0.0,0.0,0.0,0.0,0.0009829535868548878,0.0,0.0,24.0,181,0,no_relay_hetero,no_relay_hetero,180,0.15,0.22,12,0.8333333333333334,0.9166666666666666,0.5,0.6888888888888889,0.47220617321985325,1.0,73.13310864730018,0,1
1640975777,no_relay_hetero,delayed,autonomous,severe,severe,full_delivery,1,55,45,1,55,11,10,2,1,0.08333333333333333,0.08333333333333333,90.0283725368382,0.1406693320888097,0.10003152504093134,11,0.0,0.0,0.0,0.0,0.0,0.0,0.0,0.0,0.0,0.0019888595850139274,0.0,0.0,24.0,181,0,no_relay_hetero,no_relay_hetero,180,0.15,0.22,12,0.8333333333333334,0.9166666666666666,0.5,0.6944444444444444,0.36059394505086506,0.44999999999999996,66.15942634182322,0,1
2209318853,no_relay_hetero,delayed,autonomous,severe,severe,full_delivery,1,54,45,1,54,12,11,2,1,0.0,0.0,81.05432441189134,0.12280958244225962,0.09006036045765704,9,0.0,0.0,0.0,0.0,0.0,0.0,0.0,0.0,0.0,0.0025658166330799394,0.0,0.0,24.0,181,0,no_relay_hetero,no_relay_hetero,180,0.15,0.22,12,0.9166666666666666,1.0,0.5,0.7,0.44177462526245626,0.55,71.88484475367439,1,0
836620373,no_relay_hetero,delayed,autonomous,severe,severe,full_delivery,1,55,44,1,55,12,11,2,1,0.0,0.0,71.70129496107127,0.10669835559683225,0.07966810551230141,9,0.0,0.0,0.0,0.0,0.0,0.0,0.0,0.0,0.0,0.0058735575677855145,0.0,0.0,24.0,181,0,no_relay_hetero,no_relay_hetero,180,0.15,0.22,12,0.9166666666666666,1.0,0.5,0.6944444444444444,0.5150074745598534,0.55,72.82121575494905,1,0
3723297519,no_relay_hetero,delayed,autonomous,severe,severe,full_delivery,1,57,46,1,57,11,11,2,2,0.08333333333333333,0.08333333333333333,66.01484367283275,0.10314819323880117,0.0733498263031475,9,0.0,0.0,0.0,0.0,0.0,0.0,0.0,0.0,0.0,0.005733562017323397,0.0,0.0,24.0,181,0,no_relay_hetero,no_relay_hetero,180,0.15,0.22,12,0.9166666666666666,0.9166666666666666,1.0,0.6833333333333333,0.5311445761872674,0.55,80.36935739995508,0,1
3935760475,no_relay_hetero,delayed,autonomous,severe,severe,full_delivery,1,54,44,1,54,11,12,2,2,0.08333333333333333,0.08333333333333333,78.36974277250796,0.11983141096713755,0.08707749196945329,9,0.0,0.0,0.0,0.0,0.0,0.0,0.0,0.0,0.0,0.00417049943416075,0.0,0.0,24.0,181,0,no_relay_hetero,no_relay_hetero,180,0.15,0.22,12,1.0,0.9166666666666666,1.0,0.7,0.4553117683311929,0.55,81.5743647566367,0,1
1570138494,no_relay_hetero,delayed,autonomous,severe,severe,full_delivery,1,54,45,1,54,12,11,2,1,0.0,0.0,74.20429126750408,0.11243074434470314,0.08244921251944898,9,0.0,0.0,0.0,0.0,0.0,0.0,0.0,0.0,0.0,0.0063654602126547,0.0,0.0,24.0,181,0,no_relay_hetero,no_relay_hetero,180,0.15,0.22,12,0.9166666666666666,1.0,0.5,0.7,0.48895116206953115,0.55,72.54531626897342,1,0
2668367444,no_relay_hetero,delayed,autonomous,severe,severe,full_delivery,1,55,44,1,55,12,11,2,1,0.0,0.0,74.28982639405429,0.11055033689591412,0.0825442515489492,9,0.0,0.0,0.0,0.0,0.0,0.0,0.0,0.0,0.0,0.003472897031268351,0.0,0.0,24.0,181,0,no_relay_hetero,no_relay_hetero,180,0.15,0.22,12,0.9166666666666666,1.0,0.5,0.6944444444444444,0.49749846865493585,0.55,72.5760896722802,1,0
1181523866,no_relay_hetero,delayed,autonomous,severe,severe,full_delivery,1,55,44,1,55,12,11,2,1,0.0,0.0,69.26416490079755,0.10307167395952017,0.0769601832231084,8,0.0,0.0,0.0,0.0,0.0,0.0,0.0,0.0,0.0,0.005959989165512762,0.0,0.0,24.0,181,0,no_relay_hetero,no_relay_hetero,180,0.15,0.22,12,0.9166666666666666,1.0,0.5,0.6944444444444444,0.5314923910930901,0.6,73.55200458641437,1,0
812438030,no_relay_hetero,delayed,autonomous,severe,severe,full_delivery,1,55,44,1,55,12,11,2,1,0.0,0.0,74.30667873056888,0.11057541477763226,0.08256297636729876,9,0.0,0.0,0.0,0.0,0.0,0.0,0.0,0.0,0.0,0.005297655631494524,0.0,0.0,24.0,181,0,no_relay_hetero,no_relay_hetero,180,0.15,0.22,12,0.9166666666666666,1.0,0.5,0.6944444444444444,0.49738447828348975,0.55,72.57449380707996,1,0
1856702303,no_relay_hetero,delayed,autonomous,severe,severe,full_delivery,1,56,44,1,56,12,11,2,1,0.0,0.0,73.02626501093569,0.10676354533762528,0.08114029445659521,9,0.0,0.0,0.0,0.0,0.0,0.0,0.0,0.0,0.0,0.005511514112761459,0.0,0.0,24.0,181,0,no_relay_hetero,no_relay_hetero,180,0.15,0.22,12,0.9166666666666666,1.0,0.5,0.6888888888888889,0.5147111575562487,0.55,72.7281784280097,1,0
3946129446,no_relay_hetero,delayed,autonomous,severe,severe,full_delivery,1,56,43,1,56,12,11,2,1,0.0,0.0,73.1644504101272,0.10696557077503976,0.08129383378903023,9,0.0,0.0,0.0,0.0,0.0,0.0,0.0,0.0,0.0,0.004095203732209867,0.0,0.0,24.0,181,0,no_relay_hetero,no_relay_hetero,180,0.15,0.22,12,0.9166666666666666,1.0,0.5,0.6888888888888889,0.5137928601134556,0.55,72.7153222638106,1,0
3695994955,no_relay_hetero,delayed,autonomous,severe,severe,full_delivery,1,54,44,1,54,12,11,2,1,0.0,0.0,74.66100117997433,0.11312272906056717,0.08295666797774925,8,0.0,0.0,0.0,0.0,0.0,0.0,0.0,0.0,0.0,0.0037522270193715845,0.0,0.0,24.0,181,0,no_relay_hetero,no_relay_hetero,180,0.15,0.22,12,0.9166666666666666,1.0,0.5,0.7,0.485805776997422,0.6,73.0012808779639,1,0
3478347033,no_relay_hetero,delayed,autonomous,severe,severe,full_delivery,1,55,44,1,55,12,11,2,1,0.0,0.0,86.45735352383002,0.128656776077128,0.09606372613758891,0,0.0,0.0,0.0,0.0,0.0,0.0,0.0,0.0,0.0,0.004151305071209237,0.0,0.0,24.0,181,0,no_relay_hetero,no_relay_hetero,180,0.15,0.22,12,0.9166666666666666,1.0,0.5,0.6944444444444444,0.4151964723766909,1.0,75.92386172438478,1,0
372085424,no_relay_hetero,delayed,autonomous,severe,severe,full_delivery,1,57,44,1,57,12,12,2,2,0.0,0.0,83.07466630692737,0.11936015273983817,0.09230518478547485,10,0.0,0.0,0.0,0.0,0.0,0.0,0.0,0.0,0.0,0.002419189920463719,0.0,0.0,24.0,181,0,no_relay_hetero,no_relay_hetero,180,0.15,0.22,12,1.0,1.0,1.0,0.6833333333333333,0.4574538511825538,0.5,82.33768724988909,1,1
654723153,no_relay_hetero,delayed,autonomous,severe,severe,full_delivery,1,56,43,1,56,12,11,2,1,0.0,0.0,74.0886386607781,0.10831672318827208,0.08232070962308678,8,0.0,0.0,0.0,0.0,0.0,0.0,0.0,0.0,0.0,0.0052570256446153015,0.0,0.0,24.0,181,0,no_relay_hetero,no_relay_hetero,180,0.15,0.22,12,0.9166666666666666,1.0,0.5,0.6888888888888889,0.5076512582351269,0.6,73.129339837514,1,0
2299304610,no_relay_hetero,delayed,autonomous,severe,severe,full_delivery,1,56,44,1,56,12,11,2,1,0.0,0.0,78.22357090804891,0.11436194577200133,0.08691507878672101,10,0.0,0.0,0.0,0.0,0.0,0.0,0.0,0.0,0.0,0.0050323732596681,0.0,0.0,24.0,181,0,no_relay_hetero,no_relay_hetero,180,0.15,0.22,12,0.9166666666666666,1.0,0.5,0.6888888888888889,0.48017297376363033,0.5,71.74464385491305,1,1
275462141,no_relay_hetero,delayed,autonomous,severe,severe,full_delivery,1,57,46,1,57,10,9,2,1,0.16666666666666666,0.16666666666666666,86.28338437631217,0.14029818597774338,0.09587042708479131,0,0.0,0.0,0.0,0.0,0.0,0.0,0.0,0.0,0.0,0.007141071844098711,0.0,0.0,24.0,181,0,no_relay_hetero,no_relay_hetero,180,0.15,0.22,12,0.75,0.8333333333333334,0.5,0.6833333333333333,0.3622809728284392,1.0,68.00526695293149,0,1
2837096664,no_relay_hetero,delayed,autonomous,severe,severe,full_delivery,1,57,45,1,57,12,11,2,1,0.0,0.0,108.91000284918378,0.15647988915112612,0.12101111427687088,13,0.0,0.0,0.0,0.0,0.0,0.0,0.0,0.0,0.0,0.007403770217184757,0.0,0.0,24.0,181,0,no_relay_hetero,no_relay_hetero,180,0.15,0.22,12,0.9166666666666666,1.0,0.5,0.6833333333333333,0.2887277765857904,0.35,67.4755222055344,0,1
3261087237,no_relay_hetero,delayed,autonomous,severe,severe,full_delivery,1,56,44,1,56,11,11,2,1,0.08333333333333333,0.08333333333333333,90.61638165374345,0.13771486573517241,0.10068486850415938,10,0.0,0.0,0.0,0.0,0.0,0.0,0.0,0.0,0.0,0.0018597929764927182,0.0,0.0,24.0,181,0,no_relay_hetero,no_relay_hetero,180,0.15,0.22,12,0.9166666666666666,0.9166666666666666,0.5,0.6888888888888889,0.37402333756739814,0.5,68.75854894816578,0,1
1006983697,no_relay_hetero,delayed,autonomous,severe,severe,full_delivery,1,55,44,1,55,11,10,2,1,0.08333333333333333,0.08333333333333333,65.45413182260273,0.1050628119142901,0.07272681313622525,9,0.0,0.0,0.0,0.0,0.0,0.0,0.0,0.0,0.0,0.004016884628263123,0.0,0.0,24.0,181,0,no_relay_hetero,no_relay_hetero,180,0.15,0.22,12,0.8333333333333334,0.9166666666666666,0.5,0.6944444444444444,0.5224417640259541,0.55,69.42529580747447,0,1
3611782111,no_relay_hetero,delayed,autonomous,severe,severe,full_delivery,1,55,45,1,55,12,11,2,1,0.0,0.0,95.02502816696159,0.1414062919151214,0.10558336462995732,11,0.0,0.0,0.0,0.0,0.0,0.0,0.0,0.0,0.0,0.002240890872675995,0.0,0.0,24.0,181,0,no_relay_hetero,no_relay_hetero,180,0.15,0.22,12,0.9166666666666666,1.0,0.5,0.6944444444444444,0.3572441276585391,0.44999999999999996,69.61252889833067,0,1
2020247651,no_relay_hetero,delayed,autonomous,severe,severe,full_delivery,1,57,44,1,57,12,12,2,2,0.0,0.0,85.13260108253634,0.12231695557835681,0.09459177898059594,0,0.0,0.0,0.0,0.0,0.0,0.0,0.0,0.0,0.0,0.0031856800529838597,0.0,0.0,24.0,181,0,no_relay_hetero,no_relay_hetero,180,0.15,0.22,12,1.0,1.0,1.0,0.6833333333333333,0.44401383828019636,1.0,87.14952706925608,1,0
616927376,no_relay_hetero,delayed,crowd_vector,severe,severe,full_delivery,1,55,45,1,55,12,12,2,2,0.0,0.0,99.53266758999243,0.14811408867558398,0.11059185287776936,9,0.0,0.0,0.5595238095238095,0.07751587715069844,0.3018657478079078,0.0,0.5595238095238095,0.07751587715069844,0.0,0.008353589813198916,0.0,0.0,24.0,181,0,no_relay_hetero,no_relay_hetero,180,0.15,0.22,12,1.0,1.0,1.0,0.6944444444444444,0.32675414238370915,0.55,81.18566910448304,1,0
4248632686,no_relay_hetero,delayed,crowd_vector,severe,severe,full_delivery,1,55,44,1,55,10,10,2,1,0.16666666666666666,0.16666666666666666,63.27153645726175,0.10304810497925367,0.07030170717473529,0,0.0,0.0,0.5456349206349207,0.08839163598950746,0.3241518844673525,0.0,0.5456349206349207,0.08839163598950746,0.0,0.0029514489308277735,0.0,0.0,24.0,181,0,no_relay_hetero,no_relay_hetero,180,0.15,0.22,12,0.8333333333333334,0.8333333333333334,0.5,0.6944444444444444,0.5315995228215742,1.0,72.55350443061315,0,1
1133538500,no_relay_hetero,delayed,crowd_vector,severe,severe,full_delivery,1,54,44,1,54,11,11,2,2,0.08333333333333333,0.08333333333333333,59.73781396602952,0.09761080713403517,0.0663753488511439,7,0.0,0.0,0.5494949494949495,0.09133624017689405,0.3251775442084442,0.0,0.5494949494949495,0.09133624017689405,0.0,0.0057006181042382675,0.0,0.0,24.0,181,0,no_relay_hetero,no_relay_hetero,180,0.15,0.22,12,0.9166666666666666,0.9166666666666666,1.0,0.7,0.5563145130271129,0.65,81.98840318237957,0,1
3946807816,no_relay_hetero,delayed,crowd_vector,severe,severe,full_delivery,1,55,44,1,55,11,10,2,1,0.08333333333333333,0.08333333333333333,56.2610408915461,0.08944521604379349,0.06251226765727344,6,0.0,0.0,0.5515873015873015,0.08967614968046053,0.3249606773922074,0.0,0.5515873015873015,0.08967614968046053,0.0,0.00630873080695109,0.0,0.0,24.0,181,0,no_relay_hetero,no_relay_hetero,180,0.15,0.22,12,0.8333333333333334,0.9166666666666666,0.5,0.6944444444444444,0.593430836164575,0.7,71.91914281741516,0,1
566468603,no_relay_hetero,delayed,crowd_vector,severe,severe,full_delivery,1,57,44,1,57,12,12,2,2,0.0,0.0,61.43197284815262,0.08826432880481698,0.06825774760905846,0,0.0,0.0,0.5402298850574713,0.08653109823732344,0.3207795755167896,0.0,0.5402298850574713,0.08653109823732344,0.0,0.0057500650984748805,0.0,0.0,24.0,181,0,no_relay_hetero,no_relay_hetero,180,0.15,0.22,12,1.0,1.0,1.0,0.6833333333333333,0.5987985054326501,1.0,89.31651240939044,1,0
1847778327,no_relay_hetero,delayed,crowd_vector,severe,severe,full_delivery,1,57,45,1,57,12,12,2,2,0.0,0.0,98.41577854427932,0.141401980667068,0.10935086504919925,0,0.0,0.0,0.5459770114942529,0.08223604913609375,0.3169827642763348,0.0,0.5459770114942529,0.08223604913609375,0.0,0.011318595520151102,0.006944444444444444,0.0,24.0,181,0,no_relay_hetero,no_relay_hetero,180,0.15,0.22,12,1.0,1.0,1.0,0.6833333333333333,0.35726372424060004,1.0,85.93502547270174,1,0
1751018287,no_relay_hetero,delayed,crowd_vector,severe,severe,full_delivery,1,57,44,1,57,10,9,2,1,0.16666666666666666,0.16666666666666666,74.83149363090695,0.11896898828443075,0.08314610403434106,0,0.0,0.0,0.5363984674329502,0.09264698134913378,0.33200618254128206,0.0,0.5363984674329502,0.09264698134913378,0.0,0.00117958926194407,0.0,0.0,24.0,181,0,no_relay_hetero,no_relay_hetero,180,0.15,0.22,12,0.75,0.8333333333333334,0.5,0.6833333333333333,0.4592318714344057,1.0,69.36257953341503,0,1
3731657712,no_relay_hetero,delayed,crowd_vector,severe,severe,full_delivery,1,54,45,1,54,11,10,2,1,0.08333333333333333,0.08333333333333333,56.69039562675439,0.09293507479795801,0.06298932847417155,0,0.0,0.0,0.5595959595959596,0.08971001712271487,0.31986367122835313,0.0,0.5595959595959596,0.08971001712271487,0.0,0.006916548259115273,0.0,0.0,24.0,181,0,no_relay_hetero,no_relay_hetero,180,0.15,0.22,12,0.8333333333333334,0.9166666666666666,0.5,0.7,0.5775678418274636,1.0,74.78594978558448,0,1
2876786367,no_relay_hetero,delayed,crowd_vector,severe,severe,full_delivery,1,56,45,1,56,11,10,2,1,0.08333333333333333,0.08333333333333333,63.92651441692839,0.09895745265778388,0.07102946046325377,0,0.0,0.0,0.5380116959064327,0.09407452542636457,0.3257963343126433,0.0,0.5380116959064327,0.09407452542636457,0.0,0.003579918863636693,0.0,0.0,24.0,181,0,no_relay_hetero,no_relay_hetero,180,0.15,0.22,12,0.8333333333333334,0.9166666666666666,0.5,0.6888888888888889,0.5501933970100732,1.0,74.22492978036324,0,1
618962260,no_relay_hetero,delayed,crowd_vector,severe,severe,full_delivery,1,58,43,1,58,11,12,2,2,0.08333333333333333,0.08333333333333333,66.87476080108256,0.09650037633633847,0.07430528977898063,0,0.0,0.0,0.5291902071563089,0.08674597149633823,0.33398824738444877,0.0,0.5291902071563089,0.08674597149633823,0.0,0.0016081314258382664,0.0,0.0,24.0,181,0,no_relay_hetero,no_relay_hetero,180,0.15,0.22,12,1.0,0.9166666666666666,1.0,0.6777777777777778,0.561361925743916,1.0,87.20351140485927,0,1
1615213799,no_relay_hetero,delayed,crowd_vector,severe,severe,full_delivery,1,57,45,1,57,12,12,2,2,0.0,0.0,92.39784373880039,0.13275552261321896,0.10266427082088932,0,0.0,0.0,0.5517241379310345,0.08208521821530866,0.31609200897344175,0.0,0.5517241379310345,0.08208521821530866,0.0,0.008007004485107563,0.006944444444444444,0.0,24.0,181,0,no_relay_hetero,no_relay_hetero,180,0.15,0.22,12,1.0,1.0,1.0,0.6833333333333333,0.3965658063035502,1.0,86.48525462158304,1,0
3040219924,no_relay_hetero,delayed,crowd_vector,severe,severe,full_delivery,1,55,44,1,55,12,11,2,1,0.0,0.0,70.81549201330374,0.10538019644836866,0.07868388001478194,8,0.0,0.0,0.5972222222222222,0.0673222763948546,0.28406233082706367,0.0,0.5972222222222222,0.0673222763948546,0.0,0.0023148992678960084,0.0,0.0,24.0,181,0,no_relay_hetero,no_relay_hetero,180,0.15,0.22,12,0.9166666666666666,1.0,0.5,0.6944444444444444,0.5209991070528697,0.6,73.40509860985127,1,0
2028845076,no_relay_hetero,delayed,crowd_vector,severe,severe,full_delivery,1,57,46,1,57,10,10,2,1,0.16666666666666666,0.16666666666666666,65.77215922632783,0.10213068202845936,0.07308017691814203,0,0.0,0.0,0.5344827586206896,0.0810155795801068,0.31272732718938945,0.0,0.5344827586206896,0.0810155795801068,0.0,0.0006955831427691751,0.0,0.0,24.0,181,0,no_relay_hetero,no_relay_hetero,180,0.15,0.22,12,0.8333333333333334,0.8333333333333334,0.5,0.6833333333333333,0.5357696271433665,1.0,72.43410811334047,0,1
2000273757,no_relay_hetero,delayed,crowd_vector,severe,severe,full_delivery,1,57,44,1,57,12,12,2,2,0.0,0.0,59.135407451160745,0.08496466587810451,0.06570600827906749,0,0.0,0.0,0.5593869731800766,0.07812399889488723,0.30331014263074707,0.0,0.5593869731800766,0.07812399889488723,0.0,0.0054675857042467075,0.0,0.0,24.0,181,0,no_relay_hetero,no_relay_hetero,180,0.15,0.22,12,1.0,1.0,1.0,0.6833333333333333,0.6137969732813431,1.0,89.52649095927214,1,0
4026726124,no_relay_hetero,delayed,crowd_vector,severe,severe,full_delivery,1,57,44,1,57,11,11,2,2,0.08333333333333333,0.08333333333333333,58.83370219762313,0.08833889218862333,0.06537078021958126,0,0.0,0.0,0.5536398467432949,0.07866818707222052,0.31068799381004475,0.0,0.5536398467432949,0.07866818707222052,0.0,0.005880030724007521,0.0,0.0,24.0,181,0,no_relay_hetero,no_relay_hetero,180,0.15,0.22,12,0.9166666666666666,0.9166666666666666,1.0,0.6833333333333333,0.5984595809608031,1.0,85.81176746678456,0,1
3284240808,no_relay_hetero,delayed,crowd_vector,severe,severe,full_delivery,1,55,43,1,55,12,11,2,1,0.0,0.0,71.58257827071412,0.10652169385522935,0.07953619807857125,0,0.0,0.0,0.5416666666666666,0.09316347682007052,0.32495535884049037,0.0,0.5416666666666666,0.09316347682007052,0.0,0.0007120191052417234,0.0,0.0,24.0,181,0,no_relay_hetero,no_relay_hetero,180,0.15,0.22,12,0.9166666666666666,1.0,0.5,0.6944444444444444,0.5158104824762302,1.0,77.33245786577832,1,0
1473384960,no_relay_hetero,delayed,crowd_vector,severe,severe,full_delivery,1,56,45,1,56,12,12,2,2,0.0,0.0,80.00138978779654,0.1169610961809891,0.08889043309755171,0,0.0,0.0,0.5438596491228069,0.09296505649379988,0.32686718833806677,0.0,0.5438596491228069,0.09296505649379988,0.0,0.0015517413319838262,0.0,0.0,24.0,181,0,no_relay_hetero,no_relay_hetero,180,0.15,0.22,12,1.0,1.0,1.0,0.6888888888888889,0.46835865372277685,1.0,87.5792433743411,1,0
947391382,no_relay_hetero,delayed,crowd_vector,severe,severe,full_delivery,1,55,44,1,55,12,11,2,1,0.0,0.0,60.999194299436866,0.09077261056463819,0.06777688255492985,0,0.0,0.0,0.5535714285714286,0.08166706538424176,0.3118827381175416,0.0,0.5535714285714286,0.08166706538424176,0.0,0.0036849948701147173,0.0,0.0,24.0,181,0,no_relay_hetero,no_relay_hetero,180,0.15,0.22,12,0.9166666666666666,1.0,0.5,0.6944444444444444,0.58739722470619,1.0,78.33467225699776,1,0
1103073839,no_relay_hetero,delayed,crowd_vector,severe,severe,full_delivery,1,55,45,1,55,12,11,2,1,0.0,0.0,67.64185756711784,0.1006575261415444,0.07515761951901982,0,0.0,0.0,0.5396825396825397,0.08521052930568125,0.31999751702028234,0.0,0.5396825396825397,0.08521052930568125,0.0,0.0010502290765761972,0.0,0.0,24.0,181,0,no_relay_hetero,no_relay_hetero,180,0.15,0.22,12,0.9166666666666666,1.0,0.5,0.6944444444444444,0.5424657902657073,1.0,77.70563217483101,1,0
2863873206,no_relay_hetero,delayed,crowd_vector,severe,severe,full_delivery,1,56,45,1,56,11,10,2,1,0.08333333333333333,0.08333333333333333,87.96732551154284,0.13450661393202268,0.09774147279060315,9,0.0,0.0,0.5594541910331384,0.07674286847659847,0.3062394848559257,0.0,0.5594541910331384,0.07674286847659847,0.0,0.004490397058276893,0.0,0.0,24.0,181,0,no_relay_hetero,no_relay_hetero,180,0.15,0.22,12,0.8333333333333334,0.9166666666666666,0.5,0.6888888888888889,0.3886063003089878,0.55,67.46271042654807,0,1
1780751766,no_relay_hetero,delayed,crowd_vector,severe,severe,full_delivery,1,55,45,1,55,11,11,2,1,0.08333333333333333,0.08333333333333333,103.71862995786118,0.1571494393300927,0.11524292217540132,9,0.0,0.0,0.5674603174603174,0.07593560062363121,0.30136749964925036,0.0,0.5674603174603174,0.07593560062363121,0.0,0.011730306503334923,0.013888888888888888,0.0,24.0,181,0,no_relay_hetero,no_relay_hetero,180,0.15,0.22,12,0.9166666666666666,0.9166666666666666,0.5,0.6944444444444444,0.28568436668139685,0.55,68.11069224465066,0,1
35606573,no_relay_hetero,delayed,crowd_vector,severe,severe,full_delivery,1,56,44,1,56,11,10,2,1,0.08333333333333333,0.08333333333333333,66.97000792799204,0.10563092733121773,0.07441111991999116,0,0.0,0.0,0.5477582846003899,0.08106520628414068,0.31224643922813033,0.0,0.5477582846003899,0.08106520628414068,0.0,0.0006266882926950069,0.0,0.0,24.0,181,0,no_relay_hetero,no_relay_hetero,180,0.15,0.22,12,0.8333333333333334,0.9166666666666666,0.5,0.6888888888888889,0.5198594212217376,1.0,73.80025411932655,0,1
646213700,no_relay_hetero,delayed,crowd_vector,severe,severe,full_delivery,1,56,45,1,56,12,11,2,1,0.0,0.0,75.13797024440328,0.10985083369064806,0.08348663360489253,0,0.0,0.0,0.5380116959064327,0.08997946434718747,0.3275759968348709,0.0,0.5380116959064327,0.08997946434718747,0.0,0.0009083357639080519,0.0,0.0,24.0,181,0,no_relay_hetero,no_relay_hetero,180,0.15,0.22,12,0.9166666666666666,1.0,0.5,0.6888888888888889,0.5006780286788725,1.0,77.03171462372643,1,0
500248944,no_relay_hetero,delayed,crowd_vector,severe,severe,full_delivery,1,56,44,1,56,12,11,2,1,0.0,0.0,71.24233139652986,0.10415545525808459,0.07915814599614429,0,0.0,0.0,0.543859649122807,0.08503436818615852,0.3241950770867317,0.0,0.543859649122807,0.08503436818615852,0.0,0.0020700599962505685,0.0,0.0,24.0,181,0,no_relay_hetero,no_relay_hetero,180,0.15,0.22,12,0.9166666666666666,1.0,0.5,0.6888888888888889,0.5265661124632519,1.0,77.39414779670774,1,0
2195137852,no_relay_hetero,delayed,crowd_vector,severe,severe,full_delivery,1,57,44,1,57,11,11,2,1,0.08333333333333333,0.08333333333333333,82.73772735142312,0.12008378425460539,0.0919308081682479,0,0.0,0.0,0.5440613026819924,0.08248734974314754,0.3199930515068521,0.0,0.5440613026819924,0.08248734974314754,0.0,0.0018442954351003925,0.0,0.0,24.0,181,0,no_relay_hetero,no_relay_hetero,180,0.15,0.22,12,0.9166666666666666,0.9166666666666666,0.5,0.6833333333333333,0.45416461702452093,1.0,74.79163797167662,0,1
2942530199,no_relay_hetero,delayed,crowd_vector,severe,severe,full_delivery,1,58,44,1,58,11,11,2,1,0.08333333333333333,0.08333333333333333,60.69228516304117,0.08783254003334467,0.06743587240337907,0,0.0,0.0,0.5499058380414312,0.08350357918952565,0.3168445072097565,0.0,0.5499058380414312,0.08350357918952565,0.0,0.004112655050727514,0.0,0.0,24.0,181,0,no_relay_hetero,no_relay_hetero,180,0.15,0.22,12,0.9166666666666666,0.9166666666666666,0.5,0.6777777777777778,0.6007611816666152,1.0,76.75510098777706,0,1
3399236681,no_relay_hetero,delayed,crowd_vector,severe,severe,full_delivery,1,56,45,1,56,10,9,2,1,0.16666666666666666,0.16666666666666666,77.27028217226167,0.130744978294859,0.08585586908029075,8,0.0,0.0,0.580896686159844,0.08077166532424164,0.3001037742365403,0.0,0.580896686159844,0.08077166532424164,0.0,0.004925457293734372,0.0,0.0,24.0,181,0,no_relay_hetero,no_relay_hetero,180,0.15,0.22,12,0.75,0.8333333333333334,0.5,0.6888888888888889,0.4057046441142772,0.6,64.70208723982212,0,1
3988352078,no_relay_hetero,delayed,crowd_vector,severe,severe,full_delivery,1,53,44,1,53,11,10,2,1,0.08333333333333333,0.08333333333333333,62.845488918541584,0.10580048639485115,0.06982832102060176,7,0.0,0.0,0.5617283950617284,0.08523626346655604,0.3088536434496287,0.0,0.5617283950617284,0.08523626346655604,0.0,0.0013243976864480438,0.0,0.0,24.0,181,0,no_relay_hetero,no_relay_hetero,180,0.15,0.22,12,0.8333333333333334,0.9166666666666666,0.5,0.7055555555555555,0.5190886982052221,0.65,70.556130663762,0,1
520142124,no_relay_hetero,delayed,crowd_vector,severe,severe,full_delivery,1,56,45,1,56,12,11,2,1,0.0,0.0,71.69709051727534,0.10482030777379436,0.07966343390808371,0,0.0,0.0,0.5653021442495126,0.08266353539031716,0.311583103182789,0.0,0.5653021442495126,0.08266353539031716,0.0,0.002366251768388737,0.0,0.0,24.0,181,0,no_relay_hetero,no_relay_hetero,180,0.15,0.22,12,0.9166666666666666,1.0,0.5,0.6888888888888889,0.5235440555736619,1.0,77.35183900025349,1,0
3197502915,no_relay_hetero,delayed,crowd_vector,severe,severe,full_delivery,1,58,44,1,58,12,12,2,2,0.0,0.0,61.55412761538347,0.08694085821381846,0.06839347512820386,0,0.0,0.0,0.5329566854990584,0.08793324368759099,0.32303874108910074,0.0,0.5329566854990584,0.08793324368759099,0.0,0.002955023845537778,0.0,0.0,24.0,181,0,no_relay_hetero,no_relay_hetero,180,0.15,0.22,12,1.0,1.0,1.0,0.6777777777777778,0.6048142808462798,1.0,89.31184437629236,1,0
176191227,no_relay_hetero,delayed,crowd_vector,severe,severe,full_delivery,1,54,43,1,54,12,11,2,1,0.0,0.0,58.1317973359095,0.08807848081198409,0.06459088592878834,0,0.0,0.0,0.5575757575757576,0.08404019475928773,0.3060934663372557,0.0,0.5575757575757576,0.08404019475928773,0.0,0.005869750851889233,0.0,0.0,24.0,181,0,no_relay_hetero,no_relay_hetero,180,0.15,0.22,12,0.9166666666666666,1.0,0.5,0.7,0.5996432690364359,1.0,78.59500576651008,1,0
1141891076,no_relay_hetero,delayed,crowd_vector,severe,severe,full_delivery,1,57,45,1,57,11,10,2,1,0.08333333333333333,0.08333333333333333,95.71060408646046,0.14838853346738057,0.10634511565162273,0,0.0,0.0,0.5862068965517243,0.08039625715906941,0.30248458176349774,0.0,0.5862068965517243,0.08039625715906941,0.0,0.012423211465253466,0.007575757575757576,0.0,24.0,181,0,no_relay_hetero,no_relay_hetero,180,0.15,0.22,12,0.8333333333333334,0.9166666666666666,0.5,0.6833333333333333,0.325506666057361,1.0,70.99042665813639,0,1
1738976513,no_relay_hetero,scout_belief,autonomous,severe,severe,full_delivery,1,56,44,1,56,12,12,2,2,0.0,0.0,70.82288275085578,0.1035422262439412,0.07869209194539531,0,0.0,0.0,0.0,0.0,0.0,0.0,0.0,0.0,0.0,0.0024939787481298506,0.0,0.0,24.0,181,0,no_relay_hetero,no_relay_hetero,180,0.15,0.22,12,1.0,1.0,1.0,0.6888888888888889,0.5293535170729946,1.0,88.43317146124414,1,0
2500301268,no_relay_hetero,scout_belief,autonomous,severe,severe,full_delivery,1,55,46,1,55,11,10,2,1,0.08333333333333333,0.08333333333333333,99.22941900639006,0.15626680158486625,0.11025491000710007,13,0.0,0.0,0.0,0.0,0.0,0.0,0.0,0.0,0.0,0.002791780386674583,0.0,0.0,24.0,181,0,no_relay_hetero,no_relay_hetero,180,0.15,0.22,12,0.8333333333333334,0.9166666666666666,0.5,0.6944444444444444,0.2896963564324262,0.35,64.16686010116508,0,1
2113713448,no_relay_hetero,scout_belief,autonomous,severe,severe,full_delivery,1,59,45,1,59,9,10,2,1,0.25,0.25,90.80640182150132,0.14056718548220018,0.10089600202389036,14,0.0,0.0,0.0,0.0,0.0,0.0,0.0,0.0,0.0,0.0033925147401490633,0.0,0.0,24.0,181,0,no_relay_hetero,no_relay_hetero,180,0.15,0.22,12,0.8333333333333334,0.75,0.5,0.6722222222222223,0.36105824780818097,0.30000000000000004,61.3103710248701,0,1
1673425588,no_relay_hetero,scout_belief,autonomous,severe,severe,full_delivery,1,56,46,1,56,10,10,2,1,0.16666666666666666,0.16666666666666666,78.28004137505046,0.12366515225126455,0.08697782375005607,10,0.0,0.0,0.0,0.0,0.0,0.0,0.0,0.0,0.0,0.0024695096767087662,0.0,0.0,24.0,181,0,no_relay_hetero,no_relay_hetero,180,0.15,0.22,12,0.8333333333333334,0.8333333333333334,0.5,0.6888888888888889,0.4378856715851611,0.5,66.1526216244145,0,1
2538560169,no_relay_hetero,scout_belief,autonomous,severe,severe,full_delivery,1,55,44,1,55,11,11,2,1,0.08333333333333333,0.08333333333333333,74.09134736294916,0.11124826931373749,0.08232371929216574,8,0.0,0.0,0.0,0.0,0.0,0.0,0.0,0.0,0.0,0.0020142538201653503,0.0,0.0,24.0,181,0,no_relay_hetero,no_relay_hetero,180,0.15,0.22,12,0.9166666666666666,0.9166666666666666,0.5,0.6944444444444444,0.4943260485739205,0.6,71.53167579114599,0,1
1210596099,no_relay_hetero,scout_belief,autonomous,severe,severe,full_delivery,1,56,46,1,56,12,11,2,1,0.0,0.0,102.06212963612334,0.14921363981889377,0.11340236626235928,12,0.0,0.0,0.0,0.0,0.0,0.0,0.0,0.0,0.0,0.00510076194386414,0.0,0.0,24.0,181,0,no_relay_hetero,no_relay_hetero,180,0.15,0.22,12,0.9166666666666666,1.0,0.5,0.6888888888888889,0.32175618264139194,0.4,68.52680877920172,0,1
58715179,no_relay_hetero,scout_belief,autonomous,severe,severe,full_delivery,1,55,45,1,55,12,11,2,1,0.0,0.0,83.43507000978086,0.12415933037169771,0.09270563334420096,0,0.0,0.0,0.0,0.0,0.0,0.0,0.0,0.0,0.0,0.003573922818397066,0.0,0.0,24.0,181,0,no_relay_hetero,no_relay_hetero,180,0.15,0.22,12,0.9166666666666666,1.0,0.5,0.6944444444444444,0.4356394074013741,1.0,76.21006281473034,1,0
1395841020,no_relay_hetero,scout_belief,autonomous,severe,severe,full_delivery,1,56,44,1,56,12,11,2,1,0.0,0.0,72.5061836490126,0.10600319246931666,0.08056242627668067,0,0.0,0.0,0.0,0.0,0.0,0.0,0.0,0.0,0.0,0.003804803412531326,0.0,0.0,24.0,181,0,no_relay_hetero,no_relay_hetero,180,0.15,0.22,12,0.9166666666666666,1.0,0.5,0.6888888888888889,0.5181673069576516,1.0,77.27656451962935,1,0
3623893325,no_relay_hetero,scout_belief,autonomous,severe,severe,full_delivery,1,56,44,1,56,11,12,2,2,0.08333333333333333,0.08333333333333333,66.01082074849295,0.09664834663029714,0.07334535638721439,0,0.0,0.0,0.0,0.0,0.0,0.0,0.0,0.0,0.0,0.0028746830661890697,0.0,0.0,24.0,181,0,no_relay_hetero,no_relay_hetero,180,0.15,0.22,12,1.0,0.9166666666666666,1.0,0.6888888888888889,0.5606893334986494,1.0,87.37187289120331,0,1
1941182364,no_relay_hetero,scout_belief,autonomous,severe,severe,full_delivery,1,55,45,1,55,11,11,2,1,0.08333333333333333,0.08333333333333333,76.40069775462314,0.11863462384258251,0.08488966417180349,9,0.0,0.0,0.0,0.0,0.0,0.0,0.0,0.0,0.0,0.0027014907290882823,0.0,0.0,24.0,181,0,no_relay_hetero,no_relay_hetero,180,0.15,0.22,12,0.9166666666666666,0.9166666666666666,0.5,0.6944444444444444,0.4607517098064431,0.55,70.5616350484013,0,1
2128693469,no_relay_hetero,scout_belief,autonomous,severe,severe,full_delivery,1,55,45,1,55,12,11,2,1,0.0,0.0,80.630251130345,0.11998549275348959,0.08958916792260556,9,0.0,0.0,0.0,0.0,0.0,0.0,0.0,0.0,0.0,0.002792923046661858,0.0,0.0,24.0,181,0,no_relay_hetero,no_relay_hetero,180,0.15,0.22,12,0.9166666666666666,1.0,0.5,0.6944444444444444,0.45461139657504734,0.55,71.97567066316178,1,0
1859137974,no_relay_hetero,scout_belief,autonomous,severe,severe,full_delivery,1,57,46,1,57,12,11,2,1,0.0,0.0,99.15803877097767,0.14246844651002538,0.11017559863441963,10,0.0,0.0,0.0,0.0,0.0,0.0,0.0,0.0,0.0,0.004294471055707106,0.0,0.0,24.0,181,0,no_relay_hetero,no_relay_hetero,180,0.15,0.22,12,0.9166666666666666,1.0,0.5,0.6833333333333333,0.3524161522271574,0.5,69.86715946451353,1,1
1338285703,no_relay_hetero,scout_belief,autonomous,severe,severe,full_delivery,1,56,44,1,56,10,11,2,2,0.16666666666666666,0.16666666666666666,61.828235487024294,0.09526692679048428,0.06869803943002699,7,0.0,0.0,0.0,0.0,0.0,0.0,0.0,0.0,0.0,0.0032999765465728387,0.0,0.0,24.0,181,0,no_relay_hetero,no_relay_hetero,180,0.15,0.22,12,0.9166666666666666,0.8333333333333334,1.0,0.6888888888888889,0.5669685145887078,0.65,80.45978142646413,0,1
3501219452,no_relay_hetero,scout_belief,autonomous,severe,severe,full_delivery,1,56,46,1,56,10,9,2,1,0.16666666666666666,0.16666666666666666,57.83387267348878,0.09527820868779041,0.06425985852609864,0,0.0,0.0,0.0,0.0,0.0,0.0,0.0,0.0,0.0,0.00399368948108475,0.0,0.0,24.0,181,0,no_relay_hetero,no_relay_hetero,180,0.15,0.22,12,0.75,0.8333333333333334,0.5,0.6888888888888889,0.5669172332373162,1.0,70.95906348754465,0,1
617628497,no_relay_hetero,scout_belief,autonomous,severe,severe,full_delivery,1,55,44,1,55,11,10,2,1,0.08333333333333333,0.08333333333333333,64.41209930496599,0.10305935888794558,0.07156899922773999,8,0.0,0.0,0.0,0.0,0.0,0.0,0.0,0.0,0.0,0.0022300050356476838,0.0,0.0,24.0,181,0,no_relay_hetero,no_relay_hetero,180,0.15,0.22,12,0.8333333333333334,0.9166666666666666,0.5,0.6944444444444444,0.5315483686911564,0.6,70.0527882727873,0,1
1186763703,no_relay_hetero,scout_belief,autonomous,severe,severe,full_delivery,1,56,45,1,56,10,9,2,1,0.16666666666666666,0.16666666666666666,85.30416468831072,0.14458332998018766,0.09478240520923413,11,0.007407407407407407,0.1111111111111111,0.0,0.0,0.0,0.0,0.0,0.0,0.0,0.0069750552129977305,0.0,0.0,24.0,181,0,no_relay_hetero,no_relay_hetero,180,0.15,0.22,12,0.75,0.8333333333333334,0.5,0.6888888888888889,0.3428030455446015,0.44999999999999996,62.32146485984666,0,1
1777051255,no_relay_hetero,scout_belief,autonomous,severe,severe,full_delivery,1,54,45,1,54,11,11,2,1,0.08333333333333333,0.08333333333333333,70.64990311925585,0.1093651751072072,0.07849989235472872,8,0.0,0.0,0.0,0.0,0.0,0.0,0.0,0.0,0.0,0.00266504046387923,0.0,0.0,24.0,181,0,no_relay_hetero,no_relay_hetero,180,0.15,0.22,12,0.9166666666666666,0.9166666666666666,0.5,0.7,0.5028855676945128,0.6,71.74039794772318,0,1
4169572415,no_relay_hetero,scout_belief,autonomous,severe,severe,full_delivery,1,56,45,1,56,12,11,2,1,0.0,0.0,82.81961293587267,0.12108130546180215,0.09202179215096963,9,0.0,0.0,0.0,0.0,0.0,0.0,0.0,0.0,0.0,0.0031641326218684626,0.0,0.0,24.0,181,0,no_relay_hetero,no_relay_hetero,180,0.15,0.22,12,0.9166666666666666,1.0,0.5,0.6888888888888889,0.4496304297190812,0.55,71.81704823828936,1,0
2158085277,no_relay_hetero,scout_belief,autonomous,severe,severe,full_delivery,1,56,46,1,56,12,11,2,1,0.0,0.0,106.11627519388826,0.15514075320743898,0.11790697243765362,13,0.0,0.0,0.0,0.0,0.0,0.0,0.0,0.0,0.0,0.002668633569593261,0.0,0.0,24.0,181,0,no_relay_hetero,no_relay_hetero,180,0.15,0.22,12,0.9166666666666666,1.0,0.5,0.6888888888888889,0.2948147581480046,0.35,67.64962883629428,0,1
2493158968,no_relay_hetero,scout_belief,autonomous,severe,severe,full_delivery,1,55,44,1,55,11,10,2,1,0.08333333333333333,0.08333333333333333,61.4368571405553,0.09675095612685873,0.068263174600617,0,0.0,0.0,0.0,0.0,0.0,0.0,0.0,0.0,0.0,0.004062907673704309,0.0,0.0,24.0,181,0,no_relay_hetero,no_relay_hetero,180,0.15,0.22,12,0.8333333333333334,0.9166666666666666,0.5,0.6944444444444444,0.5602229266960967,1.0,74.45423208485647,0,1
1380720373,no_relay_hetero,scout_belief,autonomous,severe,severe,full_delivery,1,56,45,1,56,11,10,2,1,0.08333333333333333,0.08333333333333333,79.54008235561665,0.12180717052927512,0.0883778692840185,10,0.0,0.0,0.0,0.0,0.0,0.0,0.0,0.0,0.0,0.00350047756371865,0.0,0.0,24.0,181,0,no_relay_hetero,no_relay_hetero,180,0.15,0.22,12,0.8333333333333334,0.9166666666666666,0.5,0.6888888888888889,0.4463310430487495,0.5,67.77085682490473,0,1
581693995,no_relay_hetero,scout_belief,autonomous,severe,severe,full_delivery,1,58,46,1,58,10,10,2,2,0.16666666666666666,0.16666666666666666,65.15357081551706,0.10424571330482729,0.07239285646168561,8,0.0,0.0,0.0,0.0,0.0,0.0,0.0,0.0,0.0,0.003859723946119015,0.0,0.0,24.0,181,0,no_relay_hetero,no_relay_hetero,180,0.15,0.22,12,0.8333333333333334,0.8333333333333334,1.0,0.6777777777777778,0.5261558486144213,0.6,77.21062632504633,0,1
4231252930,no_relay_hetero,scout_belief,autonomous,severe,severe,full_delivery,1,53,44,1,53,11,10,2,1,0.08333333333333333,0.08333333333333333,65.99432455463071,0.10713364375751738,0.07332702728292301,8,0.0,0.0,0.0,0.0,0.0,0.0,0.0,0.0,0.0,0.0025022040243833175,0.0,0.0,24.0,181,0,no_relay_hetero,no_relay_hetero,180,0.15,0.22,12,0.8333333333333334,0.9166666666666666,0.5,0.7055555555555555,0.5130288920112847,0.6,69.97129337704689,0,1
1457270652,no_relay_hetero,scout_belief,autonomous,severe,severe,full_delivery,1,54,44,1,54,12,11,2,1,0.0,0.0,65.3527150787607,0.09901926527084953,0.07261412786528966,7,0.0,0.0,0.0,0.0,0.0,0.0,0.0,0.0,0.0,0.0030554096567679515,0.0,0.0,24.0,181,0,no_relay_hetero,no_relay_hetero,180,0.15,0.22,12,0.9166666666666666,1.0,0.5,0.7,0.5499124305870475,0.65,74.39877402821867,1,0
3176551431,no_relay_hetero,scout_belief,autonomous,severe,severe,full_delivery,1,55,44,1,55,12,11,2,1,0.0,0.0,62.09707839055268,0.09240636665260815,0.06899675376728076,0,0.0,0.0,0.0,0.0,0.0,0.0,0.0,0.0,0.0,0.0041672273933709295,0.0,0.0,24.0,181,0,no_relay_hetero,no_relay_hetero,180,0.15,0.22,12,0.9166666666666666,1.0,0.5,0.6944444444444444,0.579971060669963,1.0,78.23070596049058,1,0
3035714270,no_relay_hetero,scout_belief,autonomous,severe,severe,full_delivery,1,56,45,1,56,11,10,2,1,0.08333333333333333,0.08333333333333333,71.8249175909145,0.11205135349596645,0.079805463989905,9,0.0,0.0,0.0,0.0,0.0,0.0,0.0,0.0,0.0,0.0031227698670563443,0.0,0.0,24.0,181,0,no_relay_hetero,no_relay_hetero,180,0.15,0.22,12,0.8333333333333334,0.9166666666666666,0.5,0.6888888888888889,0.4906756659274252,0.55,68.89168154520618,0,1
2489002494,no_relay_hetero,scout_belief,autonomous,severe,severe,full_delivery,1,55,43,1,55,11,11,2,1,0.08333333333333333,0.08333333333333333,64.42841232783913,0.09688483056817913,0.07158712480871014,0,0.0,0.0,0.0,0.0,0.0,0.0,0.0,0.0,0.0,0.004051811523271294,0.0,0.0,24.0,181,0,no_relay_hetero,no_relay_hetero,180,0.15,0.22,12,0.9166666666666666,0.9166666666666666,0.5,0.6944444444444444,0.5596144065082767,1.0,76.44571280222698,0,1
2112170983,no_relay_hetero,scout_belief,autonomous,severe,severe,full_delivery,1,58,44,1,58,10,9,2,1,0.16666666666666666,0.16666666666666666,72.97483309779476,0.11158231360519076,0.08108314788643863,0,0.0,0.0,0.0,0.0,0.0,0.0,0.0,0.0,0.0,0.0032597666724873916,0.0,0.0,24.0,181,0,no_relay_hetero,no_relay_hetero,180,0.15,0.22,12,0.75,0.8333333333333334,0.5,0.6777777777777778,0.4928076654309511,1.0,69.74375176047776,0,1
1016190568,no_relay_hetero,scout_belief,autonomous,severe,severe,full_delivery,1,55,45,1,55,11,10,2,1,0.08333333333333333,0.08333333333333333,67.21584847557114,0.10421061779158315,0.07468427608396792,0,0.0,0.0,0.0,0.0,0.0,0.0,0.0,0.0,0.0,0.0031884191387647758,0.0,0.0,24.0,181,0,no_relay_hetero,no_relay_hetero,180,0.15,0.22,12,0.8333333333333334,0.9166666666666666,0.5,0.6944444444444444,0.526315373674622,1.0,73.97952634255581,0,1
1954750148,no_relay_hetero,scout_belief,autonomous,severe,severe,full_delivery,1,52,45,1,52,12,11,2,1,0.0,0.0,66.70825129013615,0.10488718756310715,0.07412027921126238,0,0.0,0.0,0.0,0.0,0.0,0.0,0.0,0.0,0.0,0.0028109441342934003,0.0,0.0,24.0,181,0,no_relay_hetero,no_relay_hetero,180,0.15,0.22,12,0.9166666666666666,1.0,0.5,0.7111111111111111,0.5232400565313311,1.0,77.7031385692164,1,0
162724184,no_relay_hetero,scout_belief,autonomous,severe,severe,full_delivery,1,58,46,1,58,11,10,2,1,0.08333333333333333,0.08333333333333333,101.56197259133997,0.14761914620834296,0.11284663621259997,11,0.0,0.0,0.0,0.0,0.0,0.0,0.0,0.0,0.0,0.004868480776832238,0.007575757575757576,0.0,24.0,181,0,no_relay_hetero,no_relay_hetero,180,0.15,0.22,12,0.8333333333333334,0.9166666666666666,0.5,0.6777777777777778,0.3290038808711684,0.44999999999999996,65.45049877664081,0,1
2481657562,no_relay_hetero,scout_belief,autonomous,severe,severe,full_delivery,1,57,46,1,57,11,10,2,1,0.08333333333333333,0.08333333333333333,95.85739897710134,0.14657094644816718,0.10650822108566815,13,0.0,0.0,0.0,0.0,0.0,0.0,0.0,0.0,0.0,0.0055923064877049684,0.0,0.0,24.0,181,0,no_relay_hetero,no_relay_hetero,180,0.15,0.22,12,0.8333333333333334,0.9166666666666666,0.5,0.6833333333333333,0.3337684252356038,0.35,64.6060912866318,0,1
457713257,no_relay_hetero,scout_belief,crowd_vector,severe,severe,full_delivery,1,54,44,1,54,12,11,2,1,0.0,0.0,67.23839588940939,0.10187635740819605,0.07470932876601043,0,0.0,0.0,0.5373737373737375,0.09258999278875484,0.3292284913867148,0.0,0.5373737373737375,0.09258999278875484,0.0,0.0033810295384044983,0.0,0.0,24.0,181,0,no_relay_hetero,no_relay_hetero,180,0.15,0.22,12,0.9166666666666666,1.0,0.5,0.7,0.5369256481445634,1.0,77.71695907402388,1,0
647419610,no_relay_hetero,scout_belief,crowd_vector,severe,severe,full_delivery,1,57,45,1,57,12,12,2,2,0.0,0.0,77.72858803596881,0.11167900579880577,0.08636509781774312,0,0.0,0.0,0.5363984674329502,0.091895896006057,0.32654426401864545,0.0,0.5363984674329502,0.091895896006057,0.0,0.0031434158201578133,0.0,0.0,24.0,181,0,no_relay_hetero,no_relay_hetero,180,0.15,0.22,12,1.0,1.0,1.0,0.6833333333333333,0.4923681554599738,1.0,87.82648750977296,1,0
1988542027,no_relay_hetero,scout_belief,crowd_vector,severe,severe,full_delivery,1,56,43,1,56,12,11,2,1,0.0,0.0,59.49801137871655,0.08698539675250958,0.06610890153190728,0,0.0,0.0,0.5321637426900585,0.09067745396566194,0.33195495087554056,0.0,0.5321637426900585,0.09067745396566194,0.0,0.003430543502019507,0.0,0.0,24.0,181,0,no_relay_hetero,no_relay_hetero,180,0.15,0.22,12,0.9166666666666666,1.0,0.5,0.6888888888888889,0.6046118329431382,1.0,78.48678788342616,1,0
278997979,no_relay_hetero,scout_belief,crowd_vector,severe,severe,full_delivery,1,55,45,1,55,11,11,2,1,0.08333333333333333,0.08333333333333333,92.82959695560304,0.1425953870285761,0.10314399661733671,9,0.0,0.0,0.5357142857142857,0.0843569138229443,0.3270919479762865,0.0,0.5357142857142857,0.0843569138229443,0.0,0.006280085642123488,0.0,0.0,24.0,181,0,no_relay_hetero,no_relay_hetero,180,0.15,0.22,12,0.9166666666666666,0.9166666666666666,0.5,0.6944444444444444,0.35183914987010867,0.55,69.03685920929263,0,1
1876001108,no_relay_hetero,scout_belief,crowd_vector,severe,severe,full_delivery,1,55,45,1,55,11,10,2,1,0.08333333333333333,0.08333333333333333,71.35748632980848,0.1152786531983982,0.07928609592200943,0,0.0,0.0,0.5694444444444444,0.07121074179284095,0.29622710899827126,0.0,0.5694444444444444,0.07121074179284095,0.0,0.0032637611294220274,0.0,0.0,24.0,181,0,no_relay_hetero,no_relay_hetero,180,0.15,0.22,12,0.8333333333333334,0.9166666666666666,0.5,0.6944444444444444,0.47600612182546276,1.0,73.27519681666759,0,1
3032530954,no_relay_hetero,scout_belief,crowd_vector,severe,severe,full_delivery,1,57,45,1,57,11,11,2,1,0.08333333333333333,0.08333333333333333,96.17649382247195,0.1424836945518103,0.10686277091385772,9,0.0,0.0,0.5727969348659003,0.07323408213009647,0.2946684899905158,0.0,0.5727969348659003,0.07323408213009647,0.0,0.0066822917816145196,0.0,0.0,24.0,181,0,no_relay_hetero,no_relay_hetero,180,0.15,0.22,12,0.9166666666666666,0.9166666666666666,0.5,0.6833333333333333,0.3523468429463168,0.55,68.86618913458177,0,1
2491208236,no_relay_hetero,scout_belief,crowd_vector,severe,severe,full_delivery,1,57,45,1,57,12,12,2,2,0.0,0.0,99.52789779082941,0.1429998531477434,0.11058655310092157,10,0.0,0.0,0.5670498084291187,0.08670368112370556,0.30677819542412504,0.0,0.5670498084291187,0.08670368112370556,0.0,0.005665715091559417,0.0,0.0,24.0,181,0,no_relay_hetero,no_relay_hetero,180,0.15,0.22,12,1.0,1.0,1.0,0.6833333333333333,0.35000066751025727,0.5,80.83334267847695,1,1
1616247031,no_relay_hetero,scout_belief,crowd_vector,severe,severe,full_delivery,1,55,44,1,55,11,10,2,1,0.08333333333333333,0.08333333333333333,88.64218376639245,0.138287338169099,0.09849131529599162,8,0.0,0.0,0.5892857142857143,0.07836095286977593,0.2960889909701906,0.0,0.5892857142857143,0.07836095286977593,0.0,0.005359801553082283,0.0,0.0,24.0,181,0,no_relay_hetero,no_relay_hetero,180,0.15,0.22,12,0.8333333333333334,0.9166666666666666,0.5,0.6944444444444444,0.37142119014045916,0.6,67.81100777307753,0,1
1164477606,no_relay_hetero,scout_belief,crowd_vector,severe,severe,full_delivery,1,57,44,1,57,12,11,2,1,0.0,0.0,89.83704137715338,0.12907620887522037,0.09981893486350375,11,0.0,0.0,0.549808429118774,0.08431957999796472,0.3144756523606095,0.0,0.549808429118774,0.08431957999796472,0.0,0.0038684098689022966,0.0,0.0,24.0,181,0,no_relay_hetero,no_relay_hetero,180,0.15,0.22,12,0.9166666666666666,1.0,0.5,0.6833333333333333,0.41328995965808923,0.44999999999999996,70.21939276854658,0,1
3507183100,no_relay_hetero,scout_belief,crowd_vector,severe,severe,full_delivery,1,56,45,1,56,10,9,2,1,0.16666666666666666,0.16666666666666666,79.33610482413387,0.1290017964620063,0.08815122758237097,11,0.0,0.0,0.5730994152046784,0.074405569854823,0.29899843331350395,0.0,0.5730994152046784,0.074405569854823,0.0,0.003763598588276733,0.0,0.0,24.0,181,0,no_relay_hetero,no_relay_hetero,180,0.15,0.22,12,0.75,0.8333333333333334,0.5,0.6888888888888889,0.4136281978999714,0.44999999999999996,63.31301699282182,0,1
2161179135,no_relay_hetero,scout_belief,crowd_vector,severe,severe,full_delivery,1,55,44,1,55,10,9,2,1,0.16666666666666666,0.16666666666666666,55.456709415402884,0.09611214803362718,0.061618566017114317,7,0.007936507936507936,0.1111111111111111,0.5615079365079365,0.08253835354413479,0.30827264843325736,0.0,0.5615079365079365,0.08253835354413479,0.0,0.003954374838608109,0.0,0.0,24.0,181,0,no_relay_hetero,no_relay_hetero,180,0.15,0.22,12,0.75,0.8333333333333334,0.5,0.6944444444444444,0.5631265998471492,0.65,67.4948835089712,0,1
1374205163,no_relay_hetero,scout_belief,crowd_vector,severe,severe,full_delivery,1,59,45,1,59,11,10,2,1,0.08333333333333333,0.08333333333333333,96.97513006181167,0.14095222392705184,0.10775014451312408,0,0.0,0.0,0.5500000000000002,0.08887377747185442,0.3289627107498756,0.0,0.5500000000000002,0.08887377747185442,0.0,0.006492272841236542,0.007575757575757576,0.0,24.0,181,0,no_relay_hetero,no_relay_hetero,180,0.15,0.22,12,0.8333333333333334,0.9166666666666666,0.5,0.6722222222222223,0.35930807305885526,1.0,71.28586857837954,0,1
2090434756,no_relay_hetero,scout_belief,crowd_vector,severe,severe,full_delivery,1,55,44,1,55,11,10,2,1,0.08333333333333333,0.08333333333333333,60.207099653353964,0.09407359320836557,0.06689677739261551,0,0.0,0.0,0.5555555555555556,0.08740717581002354,0.3178405757717208,0.0,0.5555555555555556,0.08740717581002354,0.0,0.003998622681762807,0.0,0.0,24.0,181,0,no_relay_hetero,no_relay_hetero,180,0.15,0.22,12,0.8333333333333334,0.9166666666666666,0.5,0.6944444444444444,0.5723927581437929,1.0,74.62460972512422,0,1
1963682675,no_relay_hetero,scout_belief,crowd_vector,severe,severe,full_delivery,1,55,44,1,55,10,10,2,1,0.16666666666666666,0.16666666666666666,74.51031538949601,0.1186469990278599,0.08278923932166224,0,0.0,0.0,0.5277777777777778,0.08137250638219469,0.3158077786841073,0.0,0.5277777777777778,0.08137250638219469,0.0,0.003551292529551332,0.0,0.0,24.0,181,0,no_relay_hetero,no_relay_hetero,180,0.15,0.22,12,0.8333333333333334,0.8333333333333334,0.5,0.6944444444444444,0.4606954589642732,1.0,71.56084753661094,0,1
3350321821,no_relay_hetero,scout_belief,crowd_vector,severe,severe,full_delivery,1,57,46,1,57,12,11,2,1,0.0,0.0,95.05766111348639,0.1365770993009862,0.10561962345942932,0,0.0,0.0,0.5727969348659003,0.07720148563882136,0.29907519106486025,0.0,0.5727969348659003,0.07720148563882136,0.0,0.006930078591122783,0.006944444444444444,0.0,24.0,181,0,no_relay_hetero,no_relay_hetero,180,0.15,0.22,12,0.9166666666666666,1.0,0.5,0.6833333333333333,0.37919500317733557,1.0,75.24206337781602,1,0
3841690707,no_relay_hetero,scout_belief,crowd_vector,severe,severe,full_delivery,1,54,44,1,54,12,11,2,1,0.0,0.0,63.07297725341677,0.09556511705063146,0.07008108583712974,0,0.0,0.0,0.5232323232323232,0.08357396969729249,0.321730296747868,0.0,0.5232323232323232,0.08357396969729249,0.0,0.002938698685718251,0.0,0.0,24.0,181,0,no_relay_hetero,no_relay_hetero,180,0.15,0.22,12,0.9166666666666666,1.0,0.5,0.7,0.5656131043153115,1.0,78.11858346041434,1,0
4269390711,no_relay_hetero,scout_belief,crowd_vector,severe,severe,full_delivery,1,57,45,1,57,11,10,2,1,0.08333333333333333,0.08333333333333333,91.11095060379434,0.13639363862843462,0.10123438955977149,0,0.0,0.0,0.5555555555555556,0.07487995874646351,0.3078482582541184,0.0,0.5555555555555556,0.07487995874646351,0.0,0.0062465039022051765,0.015151515151515152,0.0,24.0,181,0,no_relay_hetero,no_relay_hetero,180,0.15,0.22,12,0.8333333333333334,0.9166666666666666,0.5,0.6833333333333333,0.38002891532529715,1.0,71.75373814788749,0,1
4231712797,no_relay_hetero,scout_belief,crowd_vector,severe,severe,full_delivery,1,55,44,1,55,11,10,2,1,0.08333333333333333,0.08333333333333333,64.25995923333971,0.10119678619423576,0.0713999547037108,0,0.0,0.0,0.5753968253968255,0.07998307005682018,0.30751998197349184,0.0,0.5753968253968255,0.07998307005682018,0.0,0.0035888007556029943,0.0,0.0,24.0,181,0,no_relay_hetero,no_relay_hetero,180,0.15,0.22,12,0.8333333333333334,0.9166666666666666,0.5,0.6944444444444444,0.5400146082080193,1.0,74.17131562602339,0,1
2874282381,no_relay_hetero,scout_belief,crowd_vector,severe,severe,full_delivery,1,56,44,1,56,12,11,2,1,0.0,0.0,61.63781074466558,0.09011375839863389,0.06848645638296176,0,0.0,0.0,0.571150097465887,0.0819492596125187,0.31206459792220836,0.0,0.571150097465887,0.0819492596125187,0.0,0.003897954453919696,0.0,0.0,24.0,181,0,no_relay_hetero,no_relay_hetero,180,0.15,0.22,12,0.9166666666666666,1.0,0.5,0.6888888888888889,0.5903920072789368,1.0,78.28771032412733,1,0
887764875,no_relay_hetero,scout_belief,crowd_vector,severe,severe,full_delivery,1,55,45,1,55,11,10,2,1,0.08333333333333333,0.08333333333333333,66.67208921853754,0.10566099717676314,0.07408009913170838,7,0.0,0.0,0.5615079365079365,0.08739446754259173,0.31263067180123877,0.0,0.5615079365079365,0.08739446754259173,0.0,0.0034198094689280403,0.0,0.0,24.0,181,0,no_relay_hetero,no_relay_hetero,180,0.15,0.22,12,0.8333333333333334,0.9166666666666666,0.5,0.6944444444444444,0.5197227401056221,0.65,70.38722947258982,0,1
1324264072,no_relay_hetero,scout_belief,crowd_vector,severe,severe,full_delivery,1,57,45,1,57,11,10,2,1,0.08333333333333333,0.08333333333333333,86.97994908464855,0.13119147674909284,0.09664438787183173,0,0.0,0.0,0.5440613026819924,0.08177492447070718,0.31879913779541685,0.0,0.5440613026819924,0.08177492447070718,0.0,0.005088077583041875,0.007575757575757576,0.0,24.0,181,0,no_relay_hetero,no_relay_hetero,180,0.15,0.22,12,0.8333333333333334,0.9166666666666666,0.5,0.6833333333333333,0.40367510568594167,1.0,72.08478481293652,0,1
3776252684,no_relay_hetero,scout_belief,crowd_vector,severe,severe,full_delivery,1,55,44,1,55,11,11,2,1,0.08333333333333333,0.08333333333333333,61.24025589980396,0.09349657389283048,0.06804472877755996,0,0.0,0.0,0.5396825396825397,0.09137693222205244,0.33560598799046665,0.0,0.5396825396825397,0.09137693222205244,0.0,0.00412971068865032,0.0,0.0,24.0,181,0,no_relay_hetero,no_relay_hetero,180,0.15,0.22,12,0.9166666666666666,0.9166666666666666,0.5,0.6944444444444444,0.5750155732144069,1.0,76.6613291361128,0,1
2514135696,no_relay_hetero,scout_belief,crowd_vector,severe,severe,full_delivery,1,57,45,1,57,10,10,2,1,0.16666666666666666,0.16666666666666666,91.13143201164718,0.14419530381589743,0.10125714667960797,11,0.0,0.0,0.5689655172413793,0.08264643593287208,0.3098211840420312,0.0,0.5689655172413793,0.08264643593287208,0.0,0.006628409961077821,0.0,0.0,24.0,181,0,no_relay_hetero,no_relay_hetero,180,0.15,0.22,12,0.8333333333333334,0.8333333333333334,0.5,0.6833333333333333,0.3445668008368299,0.44999999999999996,64.25726854504897,0,1
985296618,no_relay_hetero,scout_belief,crowd_vector,severe,severe,full_delivery,1,55,45,1,55,12,12,2,2,0.0,0.0,60.616894952507344,0.09020371272694545,0.06735210550278593,0,0.0,0.0,0.5376984126984127,0.0833603167316288,0.31957952551424135,0.0,0.5376984126984127,0.0833603167316288,0.0,0.003282202902115747,0.0,0.0,24.0,181,0,no_relay_hetero,no_relay_hetero,180,0.15,0.22,12,1.0,1.0,1.0,0.6944444444444444,0.5899831239684298,1.0,89.37087484666911,1,0
178661191,no_relay_hetero,scout_belief,crowd_vector,severe,severe,full_delivery,1,57,45,1,57,10,10,2,2,0.16666666666666666,0.16666666666666666,59.47749535780223,0.09562298289035728,0.0660861059531136,0,0.0,0.0,0.549808429118774,0.08476956199209648,0.31301272993975615,0.0,0.549808429118774,0.08476956199209648,0.0,0.0038244562700631914,0.0,0.0,24.0,181,0,no_relay_hetero,no_relay_hetero,180,0.15,0.22,12,0.8333333333333334,0.8333333333333334,1.0,0.6833333333333333,0.5653500777711032,1.0,81.84823442212877,0,1
2374133921,no_relay_hetero,scout_belief,crowd_vector,severe,severe,full_delivery,1,54,45,1,54,12,11,2,1,0.0,0.0,86.51552337033101,0.13108412631868335,0.09612835930036778,9,0.0,0.0,0.5575757575757576,0.07973790503030712,0.3164151591170945,0.0,0.5575757575757576,0.07973790503030712,0.0,0.003596183224967671,0.0,0.0,24.0,181,0,no_relay_hetero,no_relay_hetero,180,0.15,0.22,12,0.9166666666666666,1.0,0.5,0.7,0.40416306218780296,0.55,71.35828287062922,1,0
3304790235,no_relay_hetero,scout_belief,crowd_vector,severe,severe,full_delivery,1,55,44,1,55,11,10,2,1,0.08333333333333333,0.08333333333333333,80.52274130856675,0.1266080838185012,0.08946971256507416,7,0.0,0.0,0.5575396825396826,0.08058046430922115,0.3002769085809823,0.0,0.5575396825396826,0.08058046430922115,0.0,0.003342253149816186,0.0,0.0,24.0,181,0,no_relay_hetero,no_relay_hetero,180,0.15,0.22,12,0.8333333333333334,0.9166666666666666,0.5,0.6944444444444444,0.4245087099159036,0.65,69.05423304993377,0,1
2642809885,no_relay_hetero,scout_belief,crowd_vector,severe,severe,full_delivery,1,58,44,1,58,12,12,2,2,0.0,0.0,62.35909199625689,0.08807781355403516,0.06928787999584099,0,0.0,0.0,0.5574387947269303,0.08289652275657385,0.3132048502464775,0.0,0.5574387947269303,0.08289652275657385,0.0,0.0031484008617740037,0.0,0.0,24.0,181,0,no_relay_hetero,no_relay_hetero,180,0.15,0.22,12,1.0,1.0,1.0,0.6777777777777778,0.599646302027113,1.0,89.23949267282403,1,0
2016809769,no_relay_hetero,scout_belief,crowd_vector,severe,severe,full_delivery,1,55,44,1,55,12,11,2,1,0.0,0.0,62.230003671230925,0.09260417212980793,0.06914444852358992,0,0.0,0.0,0.5853174603174603,0.07708088228240303,0.29514553266144733,0.0,0.5853174603174603,0.07708088228240303,0.0,0.0033218071335928373,0.0,0.0,24.0,181,0,no_relay_hetero,no_relay_hetero,180,0.15,0.22,12,0.9166666666666666,1.0,0.5,0.6944444444444444,0.5790719448645094,1.0,78.21811833921424,1,0
2924281644,no_relay_hetero,scout_belief,crowd_vector,severe,severe,full_delivery,1,55,44,1,55,12,11,2,1,0.0,0.0,72.1041955563396,0.1072979100540768,0.08011577284037734,0,0.0,0.0,0.5456349206349207,0.09037670686009117,0.3304262670473141,0.0,0.5456349206349207,0.09037670686009117,0.0,0.002738372862148546,0.0,0.0,24.0,181,0,no_relay_hetero,no_relay_hetero,180,0.15,0.22,12,0.9166666666666666,1.0,0.5,0.6944444444444444,0.5122822270269236,1.0,77.28306228948803,1,0
247968053,no_relay_hetero,scout_belief,crowd_vector,severe,severe,full_delivery,1,58,46,1,58,11,10,2,1,0.08333333333333333,0.08333333333333333,98.89696428100116,0.14827131076611869,0.10988551586777907,11,0.0,0.0,0.566854990583804,0.07479446869089945,0.3076157615472364,0.0,0.566854990583804,0.07479446869089945,0.0,0.006998543153885337,0.007575757575757576,0.0,24.0,181,0,no_relay_hetero,no_relay_hetero,180,0.15,0.22,12,0.8333333333333334,0.9166666666666666,0.5,0.6777777777777778,0.3260394965176423,0.44999999999999996,65.40899739569144,0,1
3536500180,no_relay_hetero,scout_belief,crowd_vector,severe,severe,full_delivery,1,53,44,1,53,12,11,2,1,0.0,0.0,62.17269944291259,0.09594552383165522,0.06908077715879177,0,0.0,0.0,0.5432098765432098,0.08649944214853438,0.3264741741632338,0.0,0.5432098765432098,0.08649944214853438,0.0,0.003628682064971789,0.0,0.0,24.0,181,0,no_relay_hetero,no_relay_hetero,180,0.15,0.22,12,0.9166666666666666,1.0,0.5,0.7055555555555555,0.5638839825833853,1.0,78.18326464505627,1,0
101640468,balanced_hetero,delayed,autonomous,degraded,degraded,full_delivery,1,56,45,1,56,12,11,2,1,0.0,0.0,74.16214007027884,0.10842418138929655,0.08240237785586538,0,0.0,0.0,0.0,0.0,0.0,0.0,0.0,0.0,0.0,0.0001991387938610776,0.0,0.0,8.0,181,0,balanced_hetero,balanced_hetero,180,0.15,0.22,12,0.9166666666666666,1.0,0.5,0.6888888888888889,0.5071628118668339,1.0,77.12250158835789,1,0
4216540928,balanced_hetero,delayed,autonomous,degraded,degraded,full_delivery,1,56,47,1,56,12,11,2,1,0.0,0.0,114.4241315312259,0.16728674200471622,0.12713792392358433,14,0.0,0.0,0.0,0.0,0.0,0.0,0.0,0.0,0.0,0.0019006884351929273,0.0,0.0,8.0,181,0,balanced_hetero,balanced_hetero,180,0.15,0.22,12,0.9166666666666666,1.0,0.5,0.6888888888888889,0.2396057181603808,0.30000000000000004,66.37670227646755,0,1
3691107792,balanced_hetero,delayed,autonomous,degraded,degraded,full_delivery,1,55,45,1,55,11,10,2,1,0.08333333333333333,0.08333333333333333,70.01941959329841,0.11167371545980607,0.0777993551036649,8,0.0,0.0,0.0,0.0,0.0,0.0,0.0,0.0,0.0,0.0012673950235053799,0.0,0.0,9.571428571428571,181,0,balanced_hetero,balanced_hetero,180,0.15,0.22,12,0.8333333333333334,0.9166666666666666,0.5,0.6944444444444444,0.4923922024554269,0.6,69.50460194548708,0,1
2757301766,balanced_hetero,delayed,autonomous,degraded,degraded,full_delivery,1,54,44,1,54,12,11,2,1,0.0,0.0,73.91644835043363,0.11199461871277822,0.08212938705603737,8,0.0,0.0,0.0,0.0,0.0,0.0,0.0,0.0,0.0,0.000691617934723824,0.0,0.0,8.0,181,0,balanced_hetero,balanced_hetero,180,0.15,0.22,12,0.9166666666666666,1.0,0.5,0.7,0.4909335513055536,0.6,73.07306971827774,1,0
3343677513,balanced_hetero,delayed,autonomous,degraded,degraded,full_delivery,1,56,45,1,56,12,11,2,1,0.0,0.0,79.68821114810507,0.11650323267266822,0.08854245683122786,9,0.0,0.0,0.0,0.0,0.0,0.0,0.0,0.0,0.0,0.0007548606983032569,0.0,0.0,8.0,181,0,balanced_hetero,balanced_hetero,180,0.15,0.22,12,0.9166666666666666,1.0,0.5,0.6888888888888889,0.4704398514878717,0.55,72.10838014305243,1,0
1967417592,balanced_hetero,delayed,autonomous,degraded,degraded,full_delivery,1,52,45,1,52,12,9,2,1,0.0,0.0,77.6668326249375,0.12211766135996462,0.086296480694375,9,0.0,0.0,0.0,0.0,0.0,0.0,0.0,0.0,0.0,0.0008201299869525464,0.0,0.0,8.0,181,0,balanced_hetero,balanced_hetero,180,0.15,0.22,12,0.75,1.0,0.5,0.7111111111111111,0.4449197210910699,0.55,68.10665387305276,1,0
4146679421,balanced_hetero,delayed,autonomous,degraded,degraded,full_delivery,1,56,44,1,56,12,11,2,1,0.0,0.0,114.043720596401,0.16673058566725293,0.1267152451071122,14,0.0,0.0,0.0,0.0,0.0,0.0,0.0,0.0,0.0,0.0013077074340492045,0.0,0.0,8.0,181,0,balanced_hetero,balanced_hetero,180,0.15,0.22,12,0.9166666666666666,1.0,0.5,0.6888888888888889,0.2421337015124867,0.30000000000000004,66.41209404339705,0,1
928285827,balanced_hetero,delayed,autonomous,degraded,degraded,full_delivery,1,56,45,1,56,12,11,2,1,0.0,0.0,78.17091228476215,0.11428495948064642,0.08685656920529128,0,0.0,0.0,0.0,0.0,0.0,0.0,0.0,0.0,0.0,0.0002594250307800277,0.0,0.0,8.0,181,0,balanced_hetero,balanced_hetero,180,0.15,0.22,12,0.9166666666666666,1.0,0.5,0.6888888888888889,0.4805229114516072,1.0,76.74954298254471,1,0
3149918123,balanced_hetero,delayed,autonomous,degraded,degraded,full_delivery,1,56,45,1,56,12,12,2,2,0.0,0.0,82.7132662841588,0.12092582790081696,0.09190362920462089,10,0.0,0.0,0.0,0.0,0.0,0.0,0.0,0.0,0.0,0.0006091357416519645,0.0,0.0,8.0,181,0,balanced_hetero,balanced_hetero,180,0.15,0.22,12,1.0,1.0,1.0,0.6888888888888889,0.45033714590537743,0.5,82.32694226489751,1,1
2220810015,balanced_hetero,delayed,autonomous,degraded,degraded,full_delivery,1,58,44,1,58,11,11,2,1,0.08333333333333333,0.08333333333333333,70.55029098525655,0.10467402223331833,0.07838921220584061,0,0.0,0.0,0.0,0.0,0.0,0.0,0.0,0.0,0.0,0.00011277017920853596,0.0,0.0,8.0,181,0,balanced_hetero,balanced_hetero,180,0.15,0.22,12,0.9166666666666666,0.9166666666666666,0.5,0.6777777777777778,0.5242089898485531,1.0,75.68337030232418,0,1
3528790041,balanced_hetero,delayed,autonomous,degraded,degraded,full_delivery,1,55,46,1,55,11,10,2,1,0.08333333333333333,0.08333333333333333,76.49933396864614,0.11823699222356436,0.08499925996516237,8,0.0,0.0,0.0,0.0,0.0,0.0,0.0,0.0,0.0,0.0008080331213784771,0.0,0.0,8.0,181,0,balanced_hetero,balanced_hetero,180,0.15,0.22,12,0.8333333333333334,0.9166666666666666,0.5,0.6944444444444444,0.4625591262565256,0.6,69.08693887870247,0,1
2374607292,balanced_hetero,delayed,autonomous,degraded,degraded,full_delivery,1,56,47,1,56,12,11,2,1,0.0,0.0,105.00068187276005,0.15350976881982464,0.11666742430306673,12,0.0,0.0,0.0,0.0,0.0,0.0,0.0,0.0,0.0,0.0003331100630981124,0.0,0.0,8.0,181,0,balanced_hetero,balanced_hetero,180,0.15,0.22,12,0.9166666666666666,1.0,0.5,0.6888888888888889,0.3022283235462516,0.4,68.25341875186975,0,1
4198033309,balanced_hetero,delayed,autonomous,degraded,degraded,full_delivery,1,58,45,1,58,12,11,2,1,0.0,0.0,107.3331029937804,0.15160042795731696,0.11925900332642267,13,0.0,0.0,0.0,0.0,0.0,0.0,0.0,0.0,0.0,0.00046925385791905805,0.0,0.0,8.0,181,0,balanced_hetero,balanced_hetero,180,0.15,0.22,12,0.9166666666666666,1.0,0.5,0.6777777777777778,0.31090714564855926,0.35,67.69714448352427,0,1
2258585749,balanced_hetero,delayed,autonomous,degraded,degraded,full_delivery,1,55,45,1,55,12,10,2,1,0.0,0.0,89.60298857118464,0.1333377806118819,0.09955887619020515,0,0.0,0.0,0.0,0.0,0.0,0.0,0.0,0.0,0.0,0.0010026625307127327,0.0,0.0,8.0,181,0,balanced_hetero,balanced_hetero,180,0.15,0.22,12,0.8333333333333334,1.0,0.5,0.6944444444444444,0.39391917903690044,1.0,73.6259796176277,1,0
3990724737,balanced_hetero,delayed,autonomous,degraded,degraded,full_delivery,1,55,45,1,55,12,11,2,1,0.0,0.0,86.40403492368937,0.1285774329221568,0.09600448324854374,10,0.0,0.0,0.0,0.0,0.0,0.0,0.0,0.0,0.0,0.000537864012422771,0.0,0.0,8.0,181,0,balanced_hetero,balanced_hetero,180,0.15,0.22,12,0.9166666666666666,1.0,0.5,0.6944444444444444,0.4155571230811055,0.5,70.92891083424658,1,1
3673434269,balanced_hetero,delayed,autonomous,degraded,degraded,full_delivery,1,54,45,1,54,11,11,2,1,0.08333333333333333,0.08333333333333333,73.57061090798888,0.1126655603491407,0.08174512323109875,7,0.0,0.0,0.0,0.0,0.0,0.0,0.0,0.0,0.0,0.00025563040234567383,0.0,0.0,8.0,181,0,balanced_hetero,balanced_hetero,180,0.15,0.22,12,0.9166666666666666,0.9166666666666666,0.5,0.7,0.48788381659481506,0.65,72.03037343232741,0,1
2268860497,balanced_hetero,delayed,autonomous,degraded,degraded,full_delivery,1,57,46,1,57,11,10,2,1,0.08333333333333333,0.08333333333333333,102.16785515257885,0.15669916434444608,0.11351983905842095,15,0.0,0.0,0.0,0.0,0.0,0.0,0.0,0.0,0.0,0.0031314283446085885,0.0,0.0,9.482758620689655,181,0,balanced_hetero,balanced_hetero,180,0.15,0.22,12,0.8333333333333334,0.9166666666666666,0.5,0.6833333333333333,0.2877310711616087,0.25,62.96156832959586,0,1
3817107217,balanced_hetero,delayed,autonomous,degraded,degraded,full_delivery,1,54,44,1,54,12,11,2,1,0.0,0.0,76.01168989696227,0.1151692271166095,0.08445743321884697,8,0.0,0.0,0.0,0.0,0.0,0.0,0.0,0.0,0.0,0.0007787265777429788,0.0,0.0,8.0,181,0,balanced_hetero,balanced_hetero,180,0.15,0.22,12,0.9166666666666666,1.0,0.5,0.7,0.47650351310632044,0.6,72.87104918348848,1,0
4166936251,balanced_hetero,delayed,autonomous,degraded,degraded,full_delivery,1,53,45,1,53,12,10,2,1,0.0,0.0,92.82471878199779,0.143248022811725,0.10313857642444199,0,0.0,0.0,0.0,0.0,0.0,0.0,0.0,0.0,0.0,0.0014501812373497256,0.0,0.0,8.0,181,0,balanced_hetero,balanced_hetero,180,0.15,0.22,12,0.8333333333333334,1.0,0.5,0.7055555555555555,0.34887262358306825,1.0,73.17310561905185,1,0
3309881115,balanced_hetero,delayed,autonomous,degraded,degraded,full_delivery,1,56,44,1,56,12,11,2,1,0.0,0.0,76.76807401557157,0.11223402633855493,0.08529786001730175,9,0.0,0.0,0.0,0.0,0.0,0.0,0.0,0.0,0.0,0.0007510564675692133,0.0,0.0,8.0,181,0,balanced_hetero,balanced_hetero,180,0.15,0.22,12,0.9166666666666666,1.0,0.5,0.6888888888888889,0.48984533482475034,0.55,72.38005690976873,1,0
667084031,balanced_hetero,delayed,autonomous,degraded,degraded,full_delivery,1,55,44,1,55,12,12,2,2,0.0,0.0,71.49342296846417,0.10638902227450026,0.07943713663162685,0,0.0,0.0,0.0,0.0,0.0,0.0,0.0,0.0,0.0,0.00016052829320169624,0.0,0.0,8.0,181,0,balanced_hetero,balanced_hetero,180,0.15,0.22,12,1.0,1.0,1.0,0.6944444444444444,0.5164135351159079,1.0,88.34090060273383,1,0
1516819742,balanced_hetero,delayed,autonomous,degraded,degraded,full_delivery,1,58,45,1,58,11,11,2,2,0.08333333333333333,0.08333333333333333,77.17066402192526,0.1148372976516745,0.08574518224658362,0,0.0,0.0,0.0,0.0,0.0,0.0,0.0,0.0,0.0,0.0002820355391860817,0.0,0.0,8.0,181,0,balanced_hetero,balanced_hetero,180,0.15,0.22,12,0.9166666666666666,0.9166666666666666,1.0,0.6777777777777778,0.4780122834014796,1.0,84.03661641206516,0,1
259873563,balanced_hetero,delayed,autonomous,degraded,degraded,full_delivery,1,55,45,1,55,12,11,2,1,0.0,0.0,96.0003653078468,0.14285768647001013,0.10666707256427423,11,0.0,0.0,0.0,0.0,0.0,0.0,0.0,0.0,0.0,0.0003084557267935732,0.0,0.0,8.0,181,0,balanced_hetero,balanced_hetero,180,0.15,0.22,12,0.9166666666666666,1.0,0.5,0.6944444444444444,0.3506468796817721,0.44999999999999996,69.52016742665592,0,1
2731425103,balanced_hetero,delayed,autonomous,degraded,degraded,full_delivery,1,54,45,1,54,12,11,2,1,0.0,0.0,92.70079661211214,0.14045575244259415,0.10300088512456905,10,0.0,0.0,0.0,0.0,0.0,0.0,0.0,0.0,0.0,0.0004574022843848408,0.0,0.0,8.0,181,0,balanced_hetero,balanced_hetero,180,0.15,0.22,12,0.9166666666666666,1.0,0.5,0.7,0.3615647616245721,0.5,70.261906662744,1,1
3809614890,balanced_hetero,delayed,autonomous,degraded,degraded,full_delivery,1,56,45,1,56,12,11,2,1,0.0,0.0,87.10434042568212,0.12734552693813175,0.09678260047298014,0,0.0,0.0,0.0,0.0,0.0,0.0,0.0,0.0,0.0,0.0009065563995700573,0.0,0.0,8.0,181,0,balanced_hetero,balanced_hetero,180,0.15,0.22,12,0.9166666666666666,1.0,0.5,0.6888888888888889,0.42115669573576475,1.0,75.91841596252293,1,0
151336739,balanced_hetero,delayed,autonomous,degraded,degraded,full_delivery,1,56,46,1,56,12,12,2,2,0.0,0.0,75.38983323183886,0.11021905443251295,0.08376648136870984,0,0.0,0.0,0.0,0.0,0.0,0.0,0.0,0.0,0.0,0.00014444401999252023,0.0,0.0,8.0,181,0,balanced_hetero,balanced_hetero,180,0.15,0.22,12,1.0,1.0,1.0,0.6888888888888889,0.499004298034032,1.0,88.00828239469867,1,0
3002064363,balanced_hetero,delayed,autonomous,degraded,degraded,full_delivery,1,57,46,1,57,11,10,2,1,0.08333333333333333,0.08333333333333333,103.70048803589494,0.15570643849233473,0.11522276448432771,13,0.0,0.0,0.0,0.0,0.0,0.0,0.0,0.0,0.0,0.0003755671341680898,0.0,0.0,8.0,181,0,balanced_hetero,balanced_hetero,180,0.15,0.22,12,0.8333333333333334,0.9166666666666666,0.5,0.6833333333333333,0.29224346139847845,0.35,64.02474179291204,0,1
2050065343,balanced_hetero,delayed,autonomous,degraded,degraded,full_delivery,1,55,46,1,55,12,11,2,1,0.0,0.0,106.52490598006924,0.15851920532748398,0.11836100664452137,12,0.0,0.0,0.0,0.0,0.0,0.0,0.0,0.0,0.0,0.0004068781419493299,0.0,0.0,8.0,181,0,balanced_hetero,balanced_hetero,180,0.15,0.22,12,0.9166666666666666,1.0,0.5,0.6944444444444444,0.2794581576023455,0.4,68.02352531754394,0,1
55466052,balanced_hetero,delayed,autonomous,degraded,degraded,full_delivery,1,56,45,1,56,12,12,2,2,0.0,0.0,112.228924988939,0.1640773757148231,0.12469880554326555,14,0.0,0.0,0.0,0.0,0.0,0.0,0.0,0.0,0.0,0.001993205357967979,0.0,0.0,8.0,181,0,balanced_hetero,balanced_hetero,180,0.15,0.22,12,1.0,1.0,1.0,0.6888888888888889,0.2541937467508042,0.30000000000000004,77.58093467673348,0,1
747527908,balanced_hetero,delayed,autonomous,degraded,degraded,full_delivery,1,53,45,1,53,11,10,2,1,0.08333333333333333,0.08333333333333333,71.2591423013397,0.11568042581386313,0.07917682477926632,9,0.0,0.0,0.0,0.0,0.0,0.0,0.0,0.0,0.0,0.0002575704848582862,0.0,0.0,8.0,181,0,balanced_hetero,balanced_hetero,180,0.15,0.22,12,0.8333333333333334,0.9166666666666666,0.5,0.7055555555555555,0.4741798826642585,0.55,68.92740724618851,0,1
1063193253,balanced_hetero,delayed,autonomous,degraded,degraded,full_delivery,1,57,45,1,57,11,11,2,2,0.08333333333333333,0.08333333333333333,81.40011963834463,0.11900602286307695,0.09044457737593849,0,0.0,0.0,0.0,0.0,0.0,0.0,0.0,0.0,0.0,0.0005312483378860273,0.0,0.0,8.379310344827585,181,0,balanced_hetero,balanced_hetero,180,0.15,0.22,12,0.9166666666666666,0.9166666666666666,1.0,0.6833333333333333,0.4590635324405593,1.0,83.86022278750114,0,1
3244629021,balanced_hetero,delayed,autonomous,degraded,degraded,full_delivery,1,57,44,1,57,12,11,2,1,0.0,0.0,75.4774321867259,0.1084445864751809,0.08386381354080656,8,0.0,0.0,0.0,0.0,0.0,0.0,0.0,0.0,0.0,0.0007540686296968587,0.0,0.0,8.0,181,0,balanced_hetero,balanced_hetero,180,0.15,0.22,12,0.9166666666666666,1.0,0.5,0.6833333333333333,0.5070700614764505,0.6,73.03231419400365,1,0
3993347525,balanced_hetero,delayed,crowd_vector,degraded,degraded,full_delivery,1,56,46,1,56,12,11,2,1,0.0,0.0,89.5011069892886,0.13084957162176697,0.09944567443254289,0,0.0,0.0,0.668615984405458,0.0452745695232247,0.2197736703028994,0.0,0.668615984405458,0.0452745695232247,0.0,0.0012218573422376363,0.0,0.0,8.0,181,0,balanced_hetero,balanced_hetero,180,0.15,0.22,12,0.9166666666666666,1.0,0.5,0.6888888888888889,0.4052292199010592,1.0,75.69543130083704,1,0
3055553860,balanced_hetero,delayed,crowd_vector,degraded,degraded,full_delivery,1,56,45,1,56,12,11,2,1,0.0,0.0,83.42471242321392,0.12196595383510807,0.09269412491468214,0,0.0,0.0,0.668615984405458,0.04661299182943955,0.22922689903598537,0.0,0.668615984405458,0.04661299182943955,0.0,0.0008814263224199599,0.0,0.0,8.0,181,0,balanced_hetero,balanced_hetero,180,0.15,0.22,12,0.9166666666666666,1.0,0.5,0.6888888888888889,0.4456093007495088,1.0,76.26075243271534,1,0
1835813775,balanced_hetero,delayed,crowd_vector,degraded,degraded,full_delivery,1,59,45,1,59,12,11,2,1,0.0,0.0,96.4100883068651,0.13390290042620154,0.10712232034096122,0,0.0,0.0,0.5981481481481481,0.05948847475288,0.2695881969653595,0.0,0.5981481481481481,0.05948847475288,0.0,0.001772910421483001,0.0,0.0,8.0,181,0,balanced_hetero,balanced_hetero,180,0.15,0.22,12,0.9166666666666666,1.0,0.5,0.6722222222222223,0.3913504526081748,1.0,75.23446189206999,1,0
2337485786,balanced_hetero,delayed,crowd_vector,degraded,degraded,full_delivery,1,54,44,1,54,12,10,2,1,0.0,0.0,75.07886625195769,0.11375585795751166,0.08342096250217522,0,0.0,0.0,0.6545454545454544,0.049957440073649065,0.23263565344675713,0.0,0.6545454545454544,0.049957440073649065,0.0,0.0003727629422543609,0.0,0.0,8.0,181,0,balanced_hetero,balanced_hetero,180,0.15,0.22,12,0.8333333333333334,1.0,0.5,0.7,0.482927918374947,1.0,74.96099085724927,1,0
1476507439,balanced_hetero,delayed,crowd_vector,degraded,degraded,full_delivery,1,56,44,1,56,11,11,2,1,0.08333333333333333,0.08333333333333333,59.734437072837,0.09050672283763181,0.06637159674759666,0,0.0,0.0,0.6432748538011696,0.049905561876752776,0.23507531249639574,0.0,0.6432748538011696,0.049905561876752776,0.0,0.0008271104326508066,0.0,0.0,8.0,181,0,balanced_hetero,balanced_hetero,180,0.15,0.22,12,0.9166666666666666,0.9166666666666666,0.5,0.6888888888888889,0.5886058052834917,1.0,76.7627034961911,0,1
1005081743,balanced_hetero,delayed,crowd_vector,degraded,degraded,full_delivery,1,56,46,1,56,11,11,2,2,0.08333333333333333,0.08333333333333333,62.8913859569266,0.09631146394628881,0.06987931772991844,0,0.0,0.0,0.6783625730994152,0.04627038513456287,0.216818571732255,0.0,0.6783625730994152,0.04627038513456287,0.0,0.00043097946703467613,0.0,0.0,8.0,181,0,balanced_hetero,balanced_hetero,180,0.15,0.22,12,0.9166666666666666,0.9166666666666666,1.0,0.6888888888888889,0.5622206184259599,1.0,85.39331088018565,0,1
3147285659,balanced_hetero,delayed,crowd_vector,degraded,degraded,full_delivery,1,56,46,1,56,10,9,2,1,0.16666666666666666,0.16666666666666666,64.37007045692559,0.10153007958505614,0.0715223005076951,0,0.0,0.0,0.6335282651072124,0.05358294068890011,0.2482102885500844,0.0,0.6335282651072124,0.05358294068890011,0.0,0.0007426221765269115,0.0,0.0,8.912280701754385,181,0,balanced_hetero,balanced_hetero,180,0.15,0.22,12,0.75,0.8333333333333334,0.5,0.6888888888888889,0.5384996382497449,1.0,70.56121715771864,0,1
1585920531,balanced_hetero,delayed,crowd_vector,degraded,degraded,full_delivery,1,55,45,1,55,12,11,2,1,0.0,0.0,69.66118513674331,0.1036624778820585,0.07740131681860368,0,0.0,0.0,0.6428571428571427,0.05284791118735096,0.24629853188867634,0.0,0.6428571428571427,0.05284791118735096,0.0,0.0001409087398065062,0.0,0.0,8.0,181,0,balanced_hetero,balanced_hetero,180,0.15,0.22,12,0.9166666666666666,1.0,0.5,0.6944444444444444,0.5288069187179159,1.0,77.51440797316192,1,0
524183715,balanced_hetero,delayed,crowd_vector,degraded,degraded,full_delivery,1,58,46,1,58,12,12,2,2,0.0,0.0,84.84672014985468,0.11984000021165915,0.09427413349983853,0,0.0,0.0,0.6271186440677966,0.05329651923875038,0.24329735932343835,0.0,0.6271186440677966,0.05329651923875038,0.0,0.000879889060600215,0.0,0.0,8.0,181,0,balanced_hetero,balanced_hetero,180,0.15,0.22,12,1.0,1.0,1.0,0.6777777777777778,0.4552727263106402,1.0,87.21826261279341,1,0
2743992268,balanced_hetero,delayed,crowd_vector,degraded,degraded,full_delivery,1,53,46,1,53,11,10,2,1,0.08333333333333333,0.08333333333333333,61.34230411723237,0.10006901161049327,0.06815811568581374,0,0.0,0.0,0.6378600823045267,0.04882038920400374,0.24312224372074967,0.0,0.6378600823045267,0.04882038920400374,0.0,0.0009124617419939336,0.0,0.0,8.0,181,0,balanced_hetero,balanced_hetero,180,0.15,0.22,12,0.8333333333333334,0.9166666666666666,0.5,0.7055555555555555,0.5451408563159397,1.0,74.42086087731205,0,1
1550792528,balanced_hetero,delayed,crowd_vector,degraded,degraded,full_delivery,1,56,46,1,56,12,12,2,2,0.0,0.0,93.97001271926852,0.13738305953109434,0.10441112524363169,7,0.0,0.0,0.6393762183235867,0.04706202523730901,0.23718866548574502,0.0,0.6393762183235867,0.04706202523730901,0.0,0.0007128119355678484,0.0,0.0,8.0,181,0,balanced_hetero,balanced_hetero,180,0.15,0.22,12,1.0,1.0,1.0,0.6888888888888889,0.3755315475859349,0.65,82.7796638884253,1,0
4009834992,balanced_hetero,delayed,crowd_vector,degraded,degraded,full_delivery,1,55,44,1,55,12,11,2,1,0.0,0.0,77.2127131441515,0.11489987075022544,0.08579190349350166,0,0.0,0.0,0.6230158730158729,0.05702956593908063,0.24792668550583594,0.0,0.6230158730158729,0.05702956593908063,0.0,0.00046988688199446003,0.0,0.0,8.0,181,0,balanced_hetero,balanced_hetero,180,0.15,0.22,12,0.9166666666666666,1.0,0.5,0.6944444444444444,0.477727860226248,1.0,76.79930115427858,1,0
3895314251,balanced_hetero,delayed,crowd_vector,degraded,degraded,full_delivery,1,56,46,1,56,11,10,2,1,0.08333333333333333,0.08333333333333333,96.25040255315228,0.14762331679931331,0.10694489172572476,10,0.0,0.0,0.645224171539961,0.05046949679433186,0.23948894090193373,0.0,0.645224171539961,0.05046949679433186,0.0,0.001610033048695781,0.0,0.0,8.0,181,0,balanced_hetero,balanced_hetero,180,0.15,0.22,12,0.8333333333333334,0.9166666666666666,0.5,0.6888888888888889,0.32898492363948495,0.5,66.12801115317502,0,1
4161584569,balanced_hetero,delayed,crowd_vector,degraded,degraded,full_delivery,1,54,44,1,54,12,12,2,2,0.0,0.0,70.02449988586102,0.10609772709978942,0.0778049998731789,0,0.0,0.0,0.6464646464646464,0.0497923977255137,0.235770097075463,0.0,0.6464646464646464,0.0497923977255137,0.0,0.0007347743154356559,0.0,0.0,8.0,181,0,balanced_hetero,balanced_hetero,180,0.15,0.22,12,1.0,1.0,1.0,0.7,0.5177376040918663,1.0,88.44832645728611,1,0
936189682,balanced_hetero,delayed,crowd_vector,degraded,degraded,full_delivery,1,59,45,1,59,12,11,2,1,0.0,0.0,101.09463993831845,0.1404092221365534,0.11232737770924273,0,0.0,0.0,0.6722222222222223,0.045615413917072516,0.22400693918494266,0.0,0.6722222222222223,0.045615413917072516,0.0,0.0011193244027437107,0.0,0.0,8.0,181,0,balanced_hetero,balanced_hetero,180,0.15,0.22,12,0.9166666666666666,1.0,0.5,0.6722222222222223,0.36177626301566634,1.0,74.82042323777488,1,0
1928921089,balanced_hetero,delayed,crowd_vector,degraded,degraded,full_delivery,1,56,45,1,56,12,11,2,1,0.0,0.0,97.68262198142679,0.14281085085003917,0.10853624664602977,0,0.0,0.0,0.645224171539961,0.047070300121782045,0.23383144971677441,0.0,0.645224171539961,0.047070300121782045,0.0,0.0017973765320126074,0.0,0.0,8.0,181,0,balanced_hetero,balanced_hetero,180,0.15,0.22,12,0.9166666666666666,1.0,0.5,0.6888888888888889,0.3508597688634584,1.0,74.93425898631064,1,0
838427579,balanced_hetero,delayed,crowd_vector,degraded,degraded,full_delivery,1,55,46,1,55,12,11,2,1,0.0,0.0,99.04747613564781,0.14739207758280926,0.11005275126183091,0,0.0,0.0,0.6468253968253969,0.05024433667552687,0.24112846035082608,0.0,0.6468253968253969,0.05024433667552687,0.0,0.0013193176276460837,0.0,0.0,8.0,181,0,balanced_hetero,balanced_hetero,180,0.15,0.22,12,0.9166666666666666,1.0,0.5,0.6944444444444444,0.3300360109872307,1.0,74.73161526493233,1,0
2968398989,balanced_hetero,delayed,crowd_vector,degraded,degraded,full_delivery,1,55,46,1,55,12,11,2,1,0.0,0.0,85.5530050148531,0.12731101936734093,0.09505889446094788,0,0.0,0.0,0.6051587301587301,0.05839140334162211,0.2605295839622218,0.0,0.6051587301587301,0.05839140334162211,0.0,0.00031382210097680857,0.0,0.0,8.0,181,0,balanced_hetero,balanced_hetero,180,0.15,0.22,12,0.9166666666666666,1.0,0.5,0.6944444444444444,0.42131354833026846,1.0,76.00950078773486,1,0
2987459144,balanced_hetero,delayed,crowd_vector,degraded,degraded,full_delivery,1,56,45,1,56,12,12,2,2,0.0,0.0,67.00136690085117,0.09795521476732627,0.07444596322316796,0,0.0,0.0,0.6296296296296297,0.051257483901480834,0.24333165463857603,0.0,0.6296296296296297,0.051257483901480834,0.0,0.00017183912637227432,0.0,0.0,8.0,181,0,balanced_hetero,balanced_hetero,180,0.15,0.22,12,1.0,1.0,1.0,0.6888888888888889,0.5547490237848807,1.0,88.78870855521055,1,0
570502441,balanced_hetero,delayed,crowd_vector,degraded,degraded,full_delivery,1,55,44,1,55,11,10,2,1,0.08333333333333333,0.08333333333333333,57.90273013423565,0.09234885188873308,0.06433636681581739,0,0.0,0.0,0.6567460317460316,0.054356460838241846,0.23717790013504514,0.0,0.6567460317460316,0.054356460838241846,0.0,0.001139019480714219,0.0,0.0,9.571428571428571,181,0,balanced_hetero,balanced_hetero,180,0.15,0.22,12,0.8333333333333334,0.9166666666666666,0.5,0.6944444444444444,0.5802324914148496,1.0,74.734365990919,0,1
4146438703,balanced_hetero,delayed,crowd_vector,degraded,degraded,full_delivery,1,53,43,1,53,11,10,2,1,0.08333333333333333,0.08333333333333333,56.12180787618544,0.09416410717480779,0.06235756430687271,0,0.0,0.0,0.6152263374485595,0.0571528549413439,0.25605076647469943,0.0,0.6152263374485595,0.0571528549413439,0.0,0.0009123379023035103,0.0,0.0,9.88888888888889,181,0,balanced_hetero,balanced_hetero,180,0.15,0.22,12,0.8333333333333334,0.9166666666666666,0.5,0.7055555555555555,0.5719813310236009,1.0,74.7966275232193,0,1
507360836,balanced_hetero,delayed,crowd_vector,degraded,degraded,full_delivery,1,56,44,1,56,11,11,2,2,0.08333333333333333,0.08333333333333333,69.49678829186779,0.10545794884957176,0.07721865365763088,0,0.0,0.0,0.6471734892787524,0.053920972954775694,0.2392458079056679,0.0,0.6471734892787524,0.053920972954775694,0.0,0.0001662152396422748,0.0,0.0,8.842105263157896,181,0,balanced_hetero,balanced_hetero,180,0.15,0.22,12,0.9166666666666666,0.9166666666666666,1.0,0.6888888888888889,0.5206456870474011,1.0,84.81126184088583,0,1
2122347511,balanced_hetero,delayed,crowd_vector,degraded,degraded,full_delivery,1,55,45,1,55,11,10,2,1,0.08333333333333333,0.08333333333333333,65.66138962626496,0.10324117865764931,0.07295709958473885,0,0.0,0.0,0.6587301587301587,0.05126712966674921,0.22505407886731824,0.0,0.6587301587301587,0.05126712966674921,0.0,0.00022484677896239926,0.0,0.0,8.0,181,0,balanced_hetero,balanced_hetero,180,0.15,0.22,12,0.8333333333333334,0.9166666666666666,0.5,0.6944444444444444,0.5307219151925031,1.0,74.04121792380616,0,1
2672684012,balanced_hetero,delayed,crowd_vector,degraded,degraded,full_delivery,1,56,45,1,56,10,9,2,1,0.16666666666666666,0.16666666666666666,80.32450962182182,0.13499917583499466,0.08924945513535758,0,0.0,0.0,0.6471734892787524,0.049688555271450746,0.23326637648341,0.0,0.6471734892787524,0.049688555271450746,0.0,0.0006352118642025387,0.0,0.0,9.964912280701755,181,0,balanced_hetero,balanced_hetero,180,0.15,0.22,12,0.75,0.8333333333333334,0.5,0.6888888888888889,0.38636738256820613,1.0,68.43136557817711,0,1
1559604272,balanced_hetero,delayed,crowd_vector,degraded,degraded,full_delivery,1,56,46,1,56,12,11,2,1,0.0,0.0,99.2432868477531,0.14509252463121797,0.11027031871972566,0,0.0,0.0,0.6296296296296295,0.05079658695793552,0.24589798428405094,0.0,0.6296296296296295,0.05079658695793552,0.0,0.0015063143935961346,0.0,0.0,8.0,181,0,balanced_hetero,balanced_hetero,180,0.15,0.22,12,0.9166666666666666,1.0,0.5,0.6888888888888889,0.3404885244035547,1.0,74.78906156387198,1,0
3019960594,balanced_hetero,delayed,crowd_vector,degraded,degraded,full_delivery,1,56,44,1,56,12,11,2,1,0.0,0.0,60.49485672375446,0.08844277298794512,0.0672165074708383,0,0.0,0.0,0.6296296296296297,0.050349980341280035,0.24018049990920892,0.0,0.6296296296296297,0.050349980341280035,0.0,0.0007505780359276094,0.0,0.0,8.0,181,0,balanced_hetero,balanced_hetero,180,0.15,0.22,12,0.9166666666666666,1.0,0.5,0.6888888888888889,0.5979873955093404,1.0,78.39404575935298,1,0
1066213706,balanced_hetero,delayed,crowd_vector,degraded,degraded,full_delivery,1,57,45,1,57,10,10,2,1,0.16666666666666666,0.16666666666666666,86.12830489168486,0.1345754763932576,0.09569811654631652,4,0.0,0.0,0.6379310344827587,0.050344435125847464,0.2469548647389628,0.0,0.6379310344827587,0.050344435125847464,0.0,0.0013888826719656961,0.0,0.0,8.931034482758621,181,0,balanced_hetero,balanced_hetero,180,0.15,0.22,12,0.8333333333333334,0.8333333333333334,0.5,0.6833333333333333,0.38829328912155636,0.8,68.36943938103515,0,1
2045984790,balanced_hetero,delayed,crowd_vector,degraded,degraded,full_delivery,1,56,44,1,56,11,11,2,2,0.08333333333333333,0.08333333333333333,57.52933903220587,0.08796535020214964,0.06392148781356208,0,0.0,0.0,0.6510721247563352,0.050599643745614424,0.23044246082018005,0.0,0.6510721247563352,0.050599643745614424,0.0,0.0007492330314583224,0.0,0.0,9.017543859649123,181,0,balanced_hetero,balanced_hetero,180,0.15,0.22,12,0.9166666666666666,0.9166666666666666,1.0,0.6888888888888889,0.600157499081138,1.0,85.92442720935814,0,1
3659061427,balanced_hetero,delayed,crowd_vector,degraded,degraded,full_delivery,1,55,45,1,55,12,11,2,1,0.0,0.0,74.78245966202385,0.11128342211610692,0.08309162184669316,0,0.0,0.0,0.6527777777777778,0.04864958336618314,0.22620053426712255,0.0,0.6527777777777778,0.04864958336618314,0.0,0.0003262708605255929,0.0,0.0,8.0,181,0,balanced_hetero,balanced_hetero,180,0.15,0.22,12,0.9166666666666666,1.0,0.5,0.6944444444444444,0.4941662631086049,1.0,77.02943879463156,1,0
3426639543,balanced_hetero,delayed,crowd_vector,degraded,degraded,full_delivery,1,55,44,1,55,11,11,2,2,0.08333333333333333,0.08333333333333333,57.89698022670456,0.09308196177926778,0.06432997802967173,0,0.0,0.0,0.6369047619047619,0.05130675318507448,0.23992479318424767,0.0,0.6369047619047619,0.05130675318507448,0.0,0.0006324356963374279,0.0,0.0,8.0,181,0,balanced_hetero,balanced_hetero,180,0.15,0.22,12,0.9166666666666666,0.9166666666666666,1.0,0.6944444444444444,0.576900173730601,1.0,85.68771354333953,0,1
4236146803,balanced_hetero,delayed,crowd_vector,degraded,degraded,full_delivery,1,55,46,1,55,11,10,2,1,0.08333333333333333,0.08333333333333333,60.75262088853568,0.09389895036867957,0.06750291209837297,0,0.0,0.0,0.630952380952381,0.05097435318234817,0.24658779400754224,0.0,0.630952380952381,0.05097435318234817,0.0,0.0006432196671607423,0.0,0.0,8.0,181,0,balanced_hetero,balanced_hetero,180,0.15,0.22,12,0.8333333333333334,0.9166666666666666,0.5,0.6944444444444444,0.5731865892332747,1.0,74.63572336037696,0,1
2937877378,balanced_hetero,delayed,crowd_vector,degraded,degraded,full_delivery,1,56,45,1,56,12,11,2,1,0.0,0.0,73.3795265883144,0.1072800096320386,0.08153280732034934,0,0.0,0.0,0.6296296296296297,0.055041878802796075,0.24479968424706874,0.0,0.6296296296296297,0.055041878802796075,0.0,0.00022144688354765684,0.0,0.0,8.0,181,0,balanced_hetero,balanced_hetero,180,0.15,0.22,12,0.9166666666666666,1.0,0.5,0.6888888888888889,0.5123635925816428,1.0,77.19531251836523,1,0
989973577,balanced_hetero,scout_belief,autonomous,degraded,degraded,full_delivery,1,56,45,1,56,12,11,2,1,0.0,0.0,68.21287264883696,0.09972642200122363,0.07579208072092997,0,0.0,0.0,0.0,0.0,0.0,0.0,0.0,0.0,0.0,0.0028614758098415524,0.0,0.0,8.0,181,0,balanced_hetero,balanced_hetero,180,0.15,0.22,12,0.9166666666666666,1.0,0.5,0.6888888888888889,0.5466980818126199,1.0,77.67599536759889,1,0
201380100,balanced_hetero,scout_belief,autonomous,degraded,degraded,full_delivery,1,55,46,1,55,11,11,2,2,0.08333333333333333,0.08333333333333333,62.02923718563865,0.09783791354201679,0.0689213746507096,0,0.0,0.0,0.0,0.0,0.0,0.0,0.0,0.0,0.0,0.0030816165921608023,0.0,0.0,8.0,181,0,balanced_hetero,balanced_hetero,180,0.15,0.22,12,0.9166666666666666,0.9166666666666666,1.0,0.6944444444444444,0.555282211172651,1.0,85.38506206752821,0,1
3480995533,balanced_hetero,scout_belief,autonomous,degraded,degraded,full_delivery,1,57,46,1,57,12,11,2,1,0.0,0.0,83.349224405885,0.11975463276707614,0.09261024933987222,9,0.0,0.0,0.0,0.0,0.0,0.0,0.0,0.0,0.0,0.0024502887194794514,0.0,0.0,8.0,181,0,balanced_hetero,balanced_hetero,180,0.15,0.22,12,0.9166666666666666,1.0,0.5,0.6833333333333333,0.45566076014965395,0.55,71.8125839754285,1,0
2818093963,balanced_hetero,scout_belief,autonomous,degraded,degraded,full_delivery,1,56,45,1,56,11,10,2,1,0.08333333333333333,0.08333333333333333,68.61052084284738,0.1075400013210774,0.0762339120476082,0,0.0,0.0,0.0,0.0,0.0,0.0,0.0,0.0,0.0,0.00265535683113648,0.0,0.0,8.0,181,0,balanced_hetero,balanced_hetero,180,0.15,0.22,12,0.8333333333333334,0.9166666666666666,0.5,0.6888888888888889,0.5111818121769209,1.0,73.67876759269912,0,1
3744923727,balanced_hetero,scout_belief,autonomous,degraded,degraded,full_delivery,1,56,46,1,56,12,11,2,1,0.0,0.0,85.20928338296119,0.12457497570608361,0.09467698153662354,10,0.0,0.0,0.0,0.0,0.0,0.0,0.0,0.0,0.0,0.002552430418311212,0.0,0.0,8.0,181,0,balanced_hetero,balanced_hetero,180,0.15,0.22,12,0.9166666666666666,1.0,0.5,0.6888888888888889,0.4337501104268927,0.5,71.09472376819872,1,1
1567742107,balanced_hetero,scout_belief,autonomous,degraded,degraded,full_delivery,1,54,45,1,54,12,11,2,1,0.0,0.0,82.36752918145999,0.12479928663857573,0.09151947686828887,9,0.0,0.0,0.0,0.0,0.0,0.0,0.0,0.0,0.0,0.0023364709772931013,0.0,0.0,8.0,181,0,balanced_hetero,balanced_hetero,180,0.15,0.22,12,0.9166666666666666,1.0,0.5,0.7,0.43273051527920126,0.55,71.75822721390881,1,0
1555260418,balanced_hetero,scout_belief,autonomous,degraded,degraded,full_delivery,1,57,46,1,57,12,11,2,1,0.0,0.0,92.04945831022725,0.1322549688365334,0.1022771759002525,0,0.0,0.0,0.0,0.0,0.0,0.0,0.0,0.0,0.0,0.0031933993712137225,0.0,0.0,8.0,181,0,balanced_hetero,balanced_hetero,180,0.15,0.22,12,0.9166666666666666,1.0,0.5,0.6833333333333333,0.39884105074303,1.0,75.51710804373575,1,0
2112401421,balanced_hetero,scout_belief,autonomous,degraded,degraded,full_delivery,1,56,45,1,56,11,11,2,1,0.08333333333333333,0.08333333333333333,75.62016134230318,0.11253000199747497,0.08402240149144798,0,0.0,0.0,0.0,0.0,0.0,0.0,0.0,0.0,0.0,0.002721300261987677,0.0,0.0,8.0,181,0,balanced_hetero,balanced_hetero,180,0.15,0.22,12,0.9166666666666666,0.9166666666666666,0.5,0.6888888888888889,0.4884999909205683,1.0,75.36122209511016,0,1
3242313529,balanced_hetero,scout_belief,autonomous,degraded,degraded,full_delivery,1,58,47,1,58,12,12,2,2,0.0,0.0,104.7101494020749,0.14789569124586852,0.11634461044674989,0,0.0,0.0,0.0,0.0,0.0,0.0,0.0,0.0,0.0,0.003483787154925489,0.0,0.0,8.0,181,0,balanced_hetero,balanced_hetero,180,0.15,0.22,12,1.0,1.0,1.0,0.6777777777777778,0.3277468579733249,1.0,85.432900456071,1,0
2270304949,balanced_hetero,scout_belief,autonomous,degraded,degraded,full_delivery,1,54,45,1,54,12,11,2,1,0.0,0.0,65.14794054180452,0.09870900082091594,0.07238660060200502,0,0.0,0.0,0.0,0.0,0.0,0.0,0.0,0.0,0.0,0.003016503375946815,0.0,0.0,8.0,181,0,balanced_hetero,balanced_hetero,180,0.15,0.22,12,0.9166666666666666,1.0,0.5,0.7,0.5513227235412912,1.0,77.91851812957806,1,0
2026451345,balanced_hetero,scout_belief,autonomous,degraded,degraded,full_delivery,1,55,46,1,55,11,11,2,1,0.08333333333333333,0.08333333333333333,92.14727618436754,0.14004145316773184,0.10238586242707505,11,0.0,0.0,0.0,0.0,0.0,0.0,0.0,0.0,0.0,0.002237518481740947,0.0,0.0,8.0,181,0,balanced_hetero,balanced_hetero,180,0.15,0.22,12,0.9166666666666666,0.9166666666666666,0.5,0.6944444444444444,0.3634479401466735,0.44999999999999996,68.19938227316453,0,1
2952240841,balanced_hetero,scout_belief,autonomous,degraded,degraded,full_delivery,1,54,44,1,54,12,11,2,1,0.0,0.0,65.67023615478453,0.09950035781027959,0.0729669290608717,0,0.0,0.0,0.0,0.0,0.0,0.0,0.0,0.0,0.0,0.0029356969494153716,0.0,0.0,8.0,181,0,balanced_hetero,balanced_hetero,180,0.15,0.22,12,0.9166666666666666,1.0,0.5,0.7,0.5477256463169109,1.0,77.86815904843674,1,0
4189393934,balanced_hetero,scout_belief,autonomous,degraded,degraded,full_delivery,1,56,46,1,56,11,11,2,1,0.08333333333333333,0.08333333333333333,106.31050503524602,0.15656922685603245,0.11812278337249559,0,0.0,0.0,0.0,0.0,0.0,0.0,0.0,0.0,0.0,0.0034363898509871403,0.0,0.0,8.0,181,0,balanced_hetero,balanced_hetero,180,0.15,0.22,12,0.9166666666666666,0.9166666666666666,0.5,0.6888888888888889,0.2883216961089434,1.0,72.55872596774742,0,1
2061709769,balanced_hetero,scout_belief,autonomous,degraded,degraded,full_delivery,1,54,47,1,54,12,10,2,1,0.0,0.0,107.90715605967009,0.16349569099950012,0.1198968400663001,12,0.0,0.0,0.0,0.0,0.0,0.0,0.0,0.0,0.0,0.0024644642787164193,0.0,0.0,8.0,181,0,balanced_hetero,balanced_hetero,180,0.15,0.22,12,0.8333333333333334,1.0,0.5,0.7,0.2568377681840903,0.4,65.79572875457728,0,1
593112341,balanced_hetero,scout_belief,autonomous,degraded,degraded,full_delivery,1,55,45,1,55,12,11,2,1,0.0,0.0,71.79446889208309,0.10683700727988554,0.07977163210231454,0,0.0,0.0,0.0,0.0,0.0,0.0,0.0,0.0,0.0,0.0026583290163965374,0.0,0.0,8.0,181,0,balanced_hetero,balanced_hetero,180,0.15,0.22,12,0.9166666666666666,1.0,0.5,0.6944444444444444,0.514377239636884,1.0,77.31239246602748,1,0
3747013430,balanced_hetero,scout_belief,autonomous,degraded,degraded,full_delivery,1,54,45,1,54,11,10,2,1,0.08333333333333333,0.08333333333333333,68.67657443142545,0.1054939699407457,0.07630730492380605,0,0.0,0.0,0.0,0.0,0.0,0.0,0.0,0.0,0.0,0.0021885920044163293,0.0,0.0,8.290909090909091,181,0,balanced_hetero,balanced_hetero,180,0.15,0.22,12,0.8333333333333334,0.9166666666666666,0.5,0.7,0.5204819548147923,1.0,73.98674736740708,0,1
3493632411,balanced_hetero,scout_belief,autonomous,degraded,degraded,full_delivery,1,54,45,1,54,12,11,2,1,0.0,0.0,69.17021960141541,0.1048033630324476,0.07685579955712823,0,0.0,0.0,0.0,0.0,0.0,0.0,0.0,0.0,0.0,0.002357968920876423,0.0,0.0,8.0,181,0,balanced_hetero,balanced_hetero,180,0.15,0.22,12,0.9166666666666666,1.0,0.5,0.7,0.5236210771252382,1.0,77.53069507975331,1,0
2821016598,balanced_hetero,scout_belief,autonomous,degraded,degraded,full_delivery,1,56,45,1,56,12,11,2,1,0.0,0.0,83.09697388512912,0.12148680392562737,0.0923299709834768,9,0.0,0.0,0.0,0.0,0.0,0.0,0.0,0.0,0.0,0.0026281118207300766,0.0,0.0,8.0,181,0,balanced_hetero,balanced_hetero,180,0.15,0.22,12,0.9166666666666666,1.0,0.5,0.6888888888888889,0.447787254883512,0.55,71.7912437905914,1,0
3784070308,balanced_hetero,scout_belief,autonomous,degraded,degraded,full_delivery,1,54,46,1,54,12,11,2,1,0.0,0.0,86.15227839780805,0.13053375514819401,0.09572475377534227,10,0.0,0.0,0.0,0.0,0.0,0.0,0.0,0.0,0.0,0.0022594428234966736,0.0,0.0,8.0,181,0,balanced_hetero,balanced_hetero,180,0.15,0.22,12,0.9166666666666666,1.0,0.5,0.7,0.40666474932639085,0.5,70.89330649056946,1,1
4232816589,balanced_hetero,scout_belief,autonomous,degraded,degraded,full_delivery,1,56,46,1,56,12,12,2,2,0.0,0.0,99.9465028451355,0.14612061819464253,0.11105166982792833,12,0.0,0.0,0.0,0.0,0.0,0.0,0.0,0.0,0.0,0.0020675573146533757,0.0,0.0,8.0,181,0,balanced_hetero,balanced_hetero,180,0.15,0.22,12,1.0,1.0,1.0,0.6888888888888889,0.33581537184253396,0.4,79.7236374280177,0,1
2375411737,balanced_hetero,scout_belief,autonomous,degraded,degraded,full_delivery,1,57,45,1,57,11,11,2,1,0.08333333333333333,0.08333333333333333,74.62017627111874,0.11005925703704829,0.08291130696790971,0,0.0,0.0,0.0,0.0,0.0,0.0,0.0,0.0,0.0,0.002285223944213079,0.0,0.0,8.0,181,0,balanced_hetero,balanced_hetero,180,0.15,0.22,12,0.9166666666666666,0.9166666666666666,0.5,0.6833333333333333,0.49973064983159865,1.0,75.42956243097571,0,1
3082327440,balanced_hetero,scout_belief,autonomous,degraded,degraded,full_delivery,1,56,52,1,56,10,9,2,1,0.16666666666666666,0.16666666666666666,86.67305072303762,0.14542458175006312,0.09630338969226403,12,0.0,0.0,0.0,0.0,0.0,0.0,0.0,0.0,0.0,0.002738723347117051,0.0,0.0,8.0,181,0,balanced_hetero,balanced_hetero,180,0.15,0.22,12,0.75,0.8333333333333334,0.5,0.6888888888888889,0.3389791738633494,0.4,61.76793065630912,0,1
2250006492,balanced_hetero,scout_belief,autonomous,degraded,degraded,full_delivery,1,56,45,1,56,12,11,2,1,0.0,0.0,67.23552682132846,0.09829755383235156,0.07470614091258718,0,0.0,0.0,0.0,0.0,0.0,0.0,0.0,0.0,0.0,0.0029690330911960505,0.0,0.0,8.0,181,0,balanced_hetero,balanced_hetero,180,0.15,0.22,12,0.9166666666666666,1.0,0.5,0.6888888888888889,0.5531929371256747,1.0,77.76692334198167,1,0
1362292935,balanced_hetero,scout_belief,autonomous,degraded,degraded,full_delivery,1,57,45,1,57,12,12,2,2,0.0,0.0,86.54862733024159,0.12435147604919768,0.09616514147804621,0,0.0,0.0,0.0,0.0,0.0,0.0,0.0,0.0,0.0,0.0028189761384055296,0.0,0.0,8.0,181,0,balanced_hetero,balanced_hetero,180,0.15,0.22,12,1.0,1.0,1.0,0.6833333333333333,0.43476601795819236,1.0,87.02005758474803,1,0
4294667397,balanced_hetero,scout_belief,autonomous,degraded,degraded,full_delivery,1,58,47,1,58,9,9,2,1,0.25,0.25,105.11544920245943,0.16271741362609818,0.11679494355828826,15,0.0,0.0,0.0,0.0,0.0,0.0,0.0,0.0,0.0,0.002419180541072458,0.0,0.0,8.542372881355933,181,0,balanced_hetero,balanced_hetero,180,0.15,0.22,12,0.75,0.75,0.5,0.6777777777777778,0.2603753926086446,0.25,57.48969994096548,0,1
1951235959,balanced_hetero,scout_belief,autonomous,degraded,degraded,full_delivery,1,60,45,1,60,11,12,2,2,0.08333333333333333,0.08333333333333333,98.01137443629658,0.1351881026707539,0.10890152715144064,0,0.0,0.0,0.0,0.0,0.0,0.0,0.0,0.0,0.0,0.0030405552787104466,0.0,0.0,8.0,181,0,balanced_hetero,balanced_hetero,180,0.15,0.22,12,1.0,0.9166666666666666,1.0,0.6666666666666667,0.3855086242238459,1.0,84.56378740580051,0,1
66573024,balanced_hetero,scout_belief,autonomous,degraded,degraded,full_delivery,1,56,45,1,56,10,11,2,2,0.16666666666666666,0.16666666666666666,63.836698044063205,0.10551520337861686,0.07092966449340356,0,0.0,0.0,0.0,0.0,0.0,0.0,0.0,0.0,0.0,0.0025290292774695316,0.0,0.0,9.964912280701755,181,0,balanced_hetero,balanced_hetero,180,0.15,0.22,12,0.9166666666666666,0.8333333333333334,1.0,0.6888888888888889,0.5203854391881051,1.0,83.30761837085568,0,1
2170612782,balanced_hetero,scout_belief,autonomous,degraded,degraded,full_delivery,1,57,46,1,57,11,10,2,1,0.08333333333333333,0.08333333333333333,82.18484525272335,0.1232156600490605,0.09131649472524817,0,0.0,0.0,0.0,0.0,0.0,0.0,0.0,0.0,0.0,0.003677634204060982,0.0,0.0,8.0,181,0,balanced_hetero,balanced_hetero,180,0.15,0.22,12,0.8333333333333334,0.9166666666666666,0.5,0.6833333333333333,0.4399288179588159,1.0,72.59233678475677,0,1
3952997659,balanced_hetero,scout_belief,autonomous,degraded,degraded,full_delivery,1,54,45,1,54,12,10,2,1,0.0,0.0,75.2492572419209,0.11401402612412258,0.08361028582435656,0,0.0,0.0,0.0,0.0,0.0,0.0,0.0,0.0,0.0,0.003106970345655802,0.0,0.0,8.0,181,0,balanced_hetero,balanced_hetero,180,0.15,0.22,12,0.8333333333333334,1.0,0.5,0.7,0.48175442670853375,1.0,74.94456197391948,1,0
2645271241,balanced_hetero,scout_belief,autonomous,degraded,degraded,full_delivery,1,55,45,1,55,12,11,2,1,0.0,0.0,85.8619300339781,0.12777072921722932,0.09540214448219789,0,0.0,0.0,0.0,0.0,0.0,0.0,0.0,0.0,0.0,0.0028387053658731616,0.0,0.0,8.0,181,0,balanced_hetero,balanced_hetero,180,0.15,0.22,12,0.9166666666666666,1.0,0.5,0.6944444444444444,0.4192239581035031,1.0,75.98024652456014,1,0
4126662168,balanced_hetero,scout_belief,autonomous,degraded,degraded,full_delivery,1,57,45,1,57,12,12,2,2,0.0,0.0,102.4757476102873,0.14723526955501048,0.11386194178920811,0,0.0,0.0,0.0,0.0,0.0,0.0,0.0,0.0,0.0,0.004110449919617967,0.0,0.0,8.0,181,0,balanced_hetero,balanced_hetero,180,0.15,0.22,12,1.0,1.0,1.0,0.6833333333333333,0.33074877474995235,1.0,85.56381617983266,1,0
672079769,balanced_hetero,scout_belief,autonomous,degraded,degraded,full_delivery,1,55,46,1,55,11,10,2,1,0.08333333333333333,0.08333333333333333,91.82106753539242,0.13807679328630437,0.10202340837265823,11,0.0,0.0,0.0,0.0,0.0,0.0,0.0,0.0,0.0,0.002666117041711661,0.0,0.0,8.214285714285714,181,0,balanced_hetero,balanced_hetero,180,0.15,0.22,12,0.8333333333333334,0.9166666666666666,0.5,0.6944444444444444,0.37237821233498014,0.44999999999999996,66.32440608380084,0,1
300285583,balanced_hetero,scout_belief,crowd_vector,degraded,degraded,full_delivery,1,55,44,1,55,12,11,2,1,0.0,0.0,63.76388369808166,0.09488673169357391,0.07084875966453519,0,0.0,0.0,0.6547619047619048,0.05294851057086629,0.23282853582139856,0.0,0.6547619047619048,0.05294851057086629,0.0,0.0026032634877952267,0.0,0.0,8.0,181,0,balanced_hetero,balanced_hetero,180,0.15,0.22,12,0.9166666666666666,1.0,0.5,0.6944444444444444,0.5686966741201186,1.0,78.07286454879277,1,0
1521378365,balanced_hetero,scout_belief,crowd_vector,degraded,degraded,full_delivery,1,54,44,1,54,11,10,2,1,0.08333333333333333,0.08333333333333333,56.57632029600528,0.09199401674147199,0.06286257810667253,0,0.0,0.0,0.6363636363636364,0.05272323130935595,0.24752597812001606,0.0,0.6363636363636364,0.05272323130935595,0.0,0.003476740404721936,0.0,0.0,9.6,181,0,balanced_hetero,balanced_hetero,180,0.15,0.22,12,0.8333333333333334,0.9166666666666666,0.5,0.7,0.5818453784478546,1.0,74.84583529826996,0,1
2025277243,balanced_hetero,scout_belief,crowd_vector,degraded,degraded,full_delivery,1,54,45,1,54,12,11,2,1,0.0,0.0,69.74129855817621,0.10566863417905487,0.0774903317313069,0,0.0,0.0,0.6242424242424242,0.05458013929808392,0.25317134569196764,0.0,0.6242424242424242,0.05458013929808392,0.0,0.002430910581743353,0.0,0.0,8.0,181,0,balanced_hetero,balanced_hetero,180,0.15,0.22,12,0.9166666666666666,1.0,0.5,0.7,0.5196880264588415,1.0,77.47563237042377,1,0
644047114,balanced_hetero,scout_belief,crowd_vector,degraded,degraded,full_delivery,1,55,45,1,55,11,10,2,1,0.08333333333333333,0.08333333333333333,72.75544038580041,0.11262452072105326,0.0808393782064449,0,0.0,0.0,0.6547619047619048,0.04868657365396494,0.22231074594258832,0.0,0.6547619047619048,0.04868657365396494,0.0,0.003290150189371437,0.0,0.0,8.0,181,0,balanced_hetero,balanced_hetero,180,0.15,0.22,12,0.8333333333333334,0.9166666666666666,0.5,0.6944444444444444,0.48807036035884876,1.0,73.444096156135,0,1
338198639,balanced_hetero,scout_belief,crowd_vector,degraded,degraded,full_delivery,1,57,44,1,57,11,10,2,1,0.08333333333333333,0.08333333333333333,86.60005971425961,0.1281065972104432,0.09622228857139957,0,0.0,0.0,0.6704980842911877,0.04976215943132581,0.23510819189792334,0.0,0.6704980842911877,0.04976215943132581,0.0,0.0023619954590768702,0.0,0.0,8.655172413793103,181,0,balanced_hetero,balanced_hetero,180,0.15,0.22,12,0.8333333333333334,0.9166666666666666,0.5,0.6833333333333333,0.4176972854070763,1.0,72.28109532903241,0,1
3332357140,balanced_hetero,scout_belief,crowd_vector,degraded,degraded,full_delivery,1,57,45,1,57,12,11,2,1,0.0,0.0,100.37150433338805,0.14421193151348857,0.11152389370376449,0,0.0,0.0,0.6302681992337165,0.04938873101562516,0.24553496830321248,0.0,0.6302681992337165,0.04938873101562516,0.0,0.004620804018545229,0.0,0.0,8.0,181,0,balanced_hetero,balanced_hetero,180,0.15,0.22,12,0.9166666666666666,1.0,0.5,0.6833333333333333,0.34449122039323377,1.0,74.75621041883859,1,0
1441041922,balanced_hetero,scout_belief,crowd_vector,degraded,degraded,full_delivery,1,56,45,1,56,11,10,2,1,0.08333333333333333,0.08333333333333333,71.89026036852098,0.10975612270003203,0.07987806707613443,0,0.0,0.0,0.6432748538011696,0.05531133275134937,0.24412870462347258,0.0,0.6432748538011696,0.05531133275134937,0.0,0.0036187499072650787,0.0,0.0,8.0,181,0,balanced_hetero,balanced_hetero,180,0.15,0.22,12,0.8333333333333334,0.9166666666666666,0.5,0.6888888888888889,0.5011085331816726,1.0,73.53774168676564,0,1
3436935392,balanced_hetero,scout_belief,crowd_vector,degraded,degraded,full_delivery,1,57,44,1,57,12,12,2,2,0.0,0.0,62.29208721507608,0.08950012530901735,0.06921343023897342,0,0.0,0.0,0.6647509578544062,0.04914489415046859,0.2304532063192987,0.0,0.6647509578544062,0.04914489415046859,0.0,0.0032000555618928745,0.0,0.0,8.0,181,0,balanced_hetero,balanced_hetero,180,0.15,0.22,12,1.0,1.0,1.0,0.6833333333333333,0.5931812485953757,1.0,89.2378708136686,1,0
3374276186,balanced_hetero,scout_belief,crowd_vector,degraded,degraded,full_delivery,1,55,45,1,55,12,11,2,1,0.0,0.0,100.7333562420485,0.1499008277411436,0.11192595138005389,9,0.0,0.0,0.6527777777777778,0.050524236274914515,0.2415642280770902,0.0,0.6527777777777778,0.050524236274914515,0.0,0.003955341961162315,0.0,0.0,8.0,181,0,balanced_hetero,balanced_hetero,180,0.15,0.22,12,0.9166666666666666,1.0,0.5,0.6944444444444444,0.31863260117661996,0.55,70.0719675275838,1,0
2557486356,balanced_hetero,scout_belief,crowd_vector,degraded,degraded,full_delivery,1,56,45,1,56,12,12,2,2,0.0,0.0,71.44859061411037,0.10445700382179879,0.07938732290456708,0,0.0,0.0,0.6296296296296295,0.05081798582027167,0.2397043937438639,0.0,0.6296296296296295,0.05081798582027167,0.0,0.0034184741717392,0.0,0.0,8.0,181,0,balanced_hetero,balanced_hetero,180,0.15,0.22,12,1.0,1.0,1.0,0.6888888888888889,0.5251954371736418,1.0,88.3749583426532,1,0
3345872794,balanced_hetero,scout_belief,crowd_vector,degraded,degraded,full_delivery,1,55,45,1,55,12,11,2,1,0.0,0.0,63.303034518934176,0.09420094422460443,0.07033670502103798,0,0.0,0.0,0.6488095238095237,0.05144163905454819,0.23057088061289008,0.0,0.6488095238095237,0.05144163905454819,0.0,0.002893203603502171,0.0,0.0,8.0,181,0,balanced_hetero,balanced_hetero,180,0.15,0.22,12,0.9166666666666666,1.0,0.5,0.6944444444444444,0.5718138898881617,1.0,78.11650556954537,1,0
2965153983,balanced_hetero,scout_belief,crowd_vector,degraded,degraded,full_delivery,1,56,44,1,56,10,10,2,1,0.16666666666666666,0.16666666666666666,85.4286516011566,0.1334822681268072,0.09492072400128511,0,0.0,0.0,0.6335282651072124,0.05652306383692724,0.2592756832192107,0.0,0.6335282651072124,0.05652306383692724,0.0,0.0033490542359920178,0.0,0.0,8.0,181,0,balanced_hetero,balanced_hetero,180,0.15,0.22,12,0.8333333333333334,0.8333333333333334,0.5,0.6888888888888889,0.3932624176054219,1.0,70.52789606869814,0,1
3676061942,balanced_hetero,scout_belief,crowd_vector,degraded,degraded,full_delivery,1,56,45,1,56,12,12,2,2,0.0,0.0,98.69306646276593,0.14428810886369287,0.10965896273640659,0,0.0,0.0,0.658869395711501,0.045176312959968976,0.2272417069490185,0.0,0.658869395711501,0.045176312959968976,0.0,0.0045965381819989114,0.0,0.0,8.0,181,0,balanced_hetero,balanced_hetero,180,0.15,0.22,12,1.0,1.0,1.0,0.6888888888888889,0.344144959710487,1.0,85.84025165816904,1,0
1534106208,balanced_hetero,scout_belief,crowd_vector,degraded,degraded,full_delivery,1,57,45,1,57,12,12,2,2,0.0,0.0,81.51727650405373,0.11712252371272087,0.09057475167117081,0,0.0,0.0,0.60727969348659,0.056909362576709074,0.26323121841565855,0.0,0.60727969348659,0.056909362576709074,0.0,0.003463061228498403,0.0,0.0,8.0,181,0,balanced_hetero,balanced_hetero,180,0.15,0.22,12,1.0,1.0,1.0,0.6833333333333333,0.4676248922149051,1.0,87.48008182434201,1,0
2578269237,balanced_hetero,scout_belief,crowd_vector,degraded,degraded,full_delivery,1,57,45,1,57,12,12,2,2,0.0,0.0,87.44922723202177,0.12564544142531864,0.09716580803557974,0,0.0,0.0,0.6321839080459771,0.052577643559970244,0.2520115596032744,0.0,0.6321839080459771,0.052577643559970244,0.0,0.003426679730125105,0.0,0.0,8.0,181,0,balanced_hetero,balanced_hetero,180,0.15,0.22,12,1.0,1.0,1.0,0.6833333333333333,0.4288843571576425,1.0,86.93771433354033,1,0
1782560633,balanced_hetero,scout_belief,crowd_vector,degraded,degraded,full_delivery,1,56,45,1,56,12,11,2,1,0.0,0.0,64.29158981663831,0.0939935523635063,0.07143509979626479,0,0.0,0.0,0.6393762183235867,0.05650538189157156,0.24607423663893813,0.0,0.6393762183235867,0.05650538189157156,0.0,0.004030485569114106,0.0,0.0,8.0,181,0,balanced_hetero,balanced_hetero,180,0.15,0.22,12,0.9166666666666666,1.0,0.5,0.6888888888888889,0.5727565801658805,1.0,78.04081434454456,1,0
1101268137,balanced_hetero,scout_belief,crowd_vector,degraded,degraded,full_delivery,1,55,45,1,55,12,11,2,1,0.0,0.0,79.21386510086658,0.11787777544771813,0.08801540566762954,0,0.0,0.0,0.6587301587301587,0.04495783552175264,0.23122123782379184,0.0,0.6587301587301587,0.04495783552175264,0.0,0.0027884913358639917,0.0,0.0,8.0,181,0,balanced_hetero,balanced_hetero,180,0.15,0.22,12,0.9166666666666666,1.0,0.5,0.6944444444444444,0.4641919297830994,1.0,76.60979812807449,1,0
1385121709,balanced_hetero,scout_belief,crowd_vector,degraded,degraded,full_delivery,1,58,45,1,58,12,11,2,1,0.0,0.0,95.00088174707152,0.13418203636592022,0.10555653527452391,0,0.0,0.0,0.6478342749529189,0.04977941223487318,0.23504670596834876,0.0,0.6478342749529189,0.04977941223487318,0.0,0.003843720081209187,0.0,0.0,8.0,181,0,balanced_hetero,balanced_hetero,180,0.15,0.22,12,0.9166666666666666,1.0,0.5,0.6777777777777778,0.3900816528821809,1.0,75.30558758479496,1,0
447865794,balanced_hetero,scout_belief,crowd_vector,degraded,degraded,full_delivery,1,56,46,1,56,12,11,2,1,0.0,0.0,91.04995153477924,0.1331139642321334,0.10116661281642138,0,0.0,0.0,0.6393762183235867,0.05276696579690653,0.24589504449316452,0.0,0.6393762183235867,0.05276696579690653,0.0,0.004893433533062065,0.0,0.0,8.0,181,0,balanced_hetero,balanced_hetero,180,0.15,0.22,12,0.9166666666666666,1.0,0.5,0.6888888888888889,0.39493652621757547,1.0,75.55133358926828,1,0
1697831730,balanced_hetero,scout_belief,crowd_vector,degraded,degraded,full_delivery,1,54,44,1,54,12,11,2,1,0.0,0.0,62.65506994168265,0.09493192415406462,0.06961674437964739,0,0.0,0.0,0.6282828282828282,0.052145066289403845,0.2452639568995083,0.0,0.6282828282828282,0.052145066289403845,0.0,0.002772338335510016,0.0,0.0,8.0,181,0,balanced_hetero,balanced_hetero,180,0.15,0.22,12,0.9166666666666666,1.0,0.5,0.7,0.5684912538451607,1.0,78.15887755383224,1,0
1171301094,balanced_hetero,scout_belief,crowd_vector,degraded,degraded,full_delivery,1,53,44,1,53,12,11,2,1,0.0,0.0,62.963174706903644,0.09716539306620933,0.06995908300767072,0,0.0,0.0,0.6522633744855966,0.049659520310898854,0.23064434753721721,0.0,0.6522633744855966,0.049659520310898854,0.0,0.002764889174029329,0.0,0.0,8.0,181,0,balanced_hetero,balanced_hetero,180,0.15,0.22,12,0.9166666666666666,1.0,0.5,0.7055555555555555,0.5583391224263212,1.0,78.10563660285737,1,0
3029613248,balanced_hetero,scout_belief,crowd_vector,degraded,degraded,full_delivery,1,55,45,1,55,12,11,2,1,0.0,0.0,91.04347298643978,0.13548135861077348,0.10115941442937754,0,0.0,0.0,0.619047619047619,0.05894566737303932,0.26476361214481814,0.0,0.619047619047619,0.05894566737303932,0.0,0.0037420630002472674,0.0,0.0,8.0,181,0,balanced_hetero,balanced_hetero,180,0.15,0.22,12,0.9166666666666666,1.0,0.5,0.6944444444444444,0.3841756426783024,1.0,75.48957010860734,1,0
2178750250,balanced_hetero,scout_belief,crowd_vector,degraded,degraded,full_delivery,1,57,44,1,57,10,10,2,1,0.16666666666666666,0.16666666666666666,68.14979971832915,0.10991903180375669,0.07572199968703239,0,0.0,0.0,0.7068965517241379,0.044499634271882096,0.20303504090821603,0.0,0.7068965517241379,0.044499634271882096,0.0,0.003348548572864445,0.0,0.0,9.655172413793103,181,0,balanced_hetero,balanced_hetero,180,0.15,0.22,12,0.8333333333333334,0.8333333333333334,0.5,0.6833333333333333,0.5003680372556514,1.0,71.93848585491246,0,1
703352112,balanced_hetero,scout_belief,crowd_vector,degraded,degraded,full_delivery,1,58,45,1,58,12,12,2,2,0.0,0.0,98.4750191486419,0.13908901009695185,0.10941668794293545,0,0.0,0.0,0.6591337099811676,0.048472139877778445,0.230104475591857,0.0,0.6591337099811676,0.048472139877778445,0.0,0.0055339019473412574,0.0,0.0,8.0,181,0,balanced_hetero,balanced_hetero,180,0.15,0.22,12,1.0,1.0,1.0,0.6777777777777778,0.36777722683203706,1.0,85.99332562009296,1,0
34703933,balanced_hetero,scout_belief,crowd_vector,degraded,degraded,full_delivery,1,58,46,1,58,12,12,2,2,0.0,0.0,80.06446862918767,0.11308540766834417,0.08896052069909742,0,0.0,0.0,0.6459510357815442,0.053917720359521824,0.24275196850203826,0.0,0.6459510357815442,0.053917720359521824,0.0,0.0037228943276095684,0.0,0.0,8.0,181,0,balanced_hetero,balanced_hetero,180,0.15,0.22,12,1.0,1.0,1.0,0.6777777777777778,0.48597541968934466,1.0,87.64810032009527,1,0
2768747412,balanced_hetero,scout_belief,crowd_vector,degraded,degraded,full_delivery,1,55,45,1,55,11,9,2,1,0.08333333333333333,0.08333333333333333,90.19670413093385,0.14071248694373456,0.10021856014548206,0,0.0,0.0,0.6924603174603174,0.044684720982751835,0.2100467607178214,0.0,0.6924603174603174,0.044684720982751835,0.0,0.005066657346197565,0.0,0.0,8.0,181,0,balanced_hetero,balanced_hetero,180,0.15,0.22,12,0.75,0.9166666666666666,0.5,0.6944444444444444,0.36039778661938837,1.0,69.65668012378255,0,1
2307789775,balanced_hetero,scout_belief,crowd_vector,degraded,degraded,full_delivery,1,55,44,1,55,12,11,2,1,0.0,0.0,65.00598383479043,0.09673509499224767,0.07222887092754492,0,0.0,0.0,0.6785714285714286,0.04490250075062892,0.21585604163065827,0.0,0.6785714285714286,0.04490250075062892,0.0,0.003256307848317175,0.0,0.0,8.0,181,0,balanced_hetero,balanced_hetero,180,0.15,0.22,12,0.9166666666666666,1.0,0.5,0.6944444444444444,0.5602950227625105,1.0,77.95524142978624,1,0
391432371,balanced_hetero,scout_belief,crowd_vector,degraded,degraded,full_delivery,1,57,44,1,57,12,11,2,1,0.0,0.0,88.61140667516369,0.12731523947580992,0.09845711852795966,0,0.0,0.0,0.6398467432950191,0.054016474445127347,0.2535999852120686,0.0,0.6398467432950191,0.054016474445127347,0.0,0.0038357688714926153,0.0,0.0,8.0,181,0,balanced_hetero,balanced_hetero,180,0.15,0.22,12,0.9166666666666666,1.0,0.5,0.6833333333333333,0.4212943660190458,1.0,75.83145445759996,1,0
104041464,balanced_hetero,scout_belief,crowd_vector,degraded,degraded,full_delivery,1,55,45,1,55,12,11,2,1,0.0,0.0,71.6342572719004,0.10659859713080416,0.07959361919100044,0,0.0,0.0,0.6448412698412699,0.051687510254730444,0.24387136960016484,0.0,0.6448412698412699,0.051687510254730444,0.0,0.0031802006046084755,0.0,0.0,8.0,181,0,balanced_hetero,balanced_hetero,180,0.15,0.22,12,0.9166666666666666,1.0,0.5,0.6944444444444444,0.5154609221327083,1.0,77.32756402096902,1,0
2145444860,balanced_hetero,scout_belief,crowd_vector,degraded,degraded,full_delivery,1,57,44,1,57,12,12,2,2,0.0,0.0,62.802299942945524,0.09023318957319759,0.06978033326993947,0,0.0,0.0,0.5996168582375477,0.060007981128422164,0.2635376303053037,0.0,0.5996168582375477,0.060007981128422164,0.0,0.0034570003735912382,0.0,0.0,8.0,181,0,balanced_hetero,balanced_hetero,180,0.15,0.22,12,1.0,1.0,1.0,0.6833333333333333,0.5898491383036473,1.0,89.1912212695844,1,0
3455998362,balanced_hetero,scout_belief,crowd_vector,degraded,degraded,full_delivery,1,55,45,1,55,12,11,2,1,0.0,0.0,84.44572291547966,0.1256632781480352,0.09382858101719962,0,0.0,0.0,0.7162698412698412,0.0390485764174942,0.18930828672707925,0.0,0.7162698412698412,0.0390485764174942,0.0,0.0031834675949348246,0.0,0.0,8.0,181,0,balanced_hetero,balanced_hetero,180,0.15,0.22,12,0.9166666666666666,1.0,0.5,0.6944444444444444,0.42880328114529453,1.0,76.11435704714523,1,0
3547536100,balanced_hetero,scout_belief,crowd_vector,degraded,degraded,full_delivery,1,56,44,1,56,11,10,2,1,0.08333333333333333,0.08333333333333333,68.99435095518068,0.10469552496992515,0.07666038995020075,0,0.0,0.0,0.6413255360623782,0.04915146891458415,0.24197697349482683,0.0,0.6413255360623782,0.04915146891458415,0.0,0.0027284185951664468,0.0,0.0,8.842105263157896,181,0,balanced_hetero,balanced_hetero,180,0.15,0.22,12,0.8333333333333334,0.9166666666666666,0.5,0.6888888888888889,0.5241112501367038,1.0,73.85977972413608,0,1
484629737,balanced_hetero,delayed,autonomous,severe,severe,full_delivery,1,56,45,1,56,11,11,2,2,0.08333333333333333,0.08333333333333333,67.10054761275043,0.10583682588761897,0.07455616401416715,9,0.0,0.0,0.0,0.0,0.0,0.0,0.0,0.0,0.0,0.0030316446746429843,0.0,0.0,16.0,181,0,balanced_hetero,balanced_hetero,180,0.15,0.22,12,0.9166666666666666,0.9166666666666666,1.0,0.6888888888888889,0.5189235186926411,0.55,80.28715148391919,0,1
2855506683,balanced_hetero,delayed,autonomous,severe,severe,full_delivery,1,58,46,1,58,11,10,2,1,0.08333333333333333,0.08333333333333333,102.465957014413,0.15339215121918112,0.11385106334934778,0,0.0,0.0,0.0,0.0,0.0,0.0,0.0,0.0,0.0,0.0070349240104302935,0.0,0.0,16.0,181,0,balanced_hetero,balanced_hetero,180,0.15,0.22,12,0.8333333333333334,0.9166666666666666,0.5,0.6777777777777778,0.30276294900372214,1.0,70.58312573049655,0,1
1700762529,balanced_hetero,delayed,autonomous,severe,severe,full_delivery,1,55,47,1,55,12,10,2,1,0.0,0.0,90.73285891249886,0.13501913528645662,0.10081428768055428,10,0.0,0.0,0.0,0.0,0.0,0.0,0.0,0.0,0.0,0.0013042669052737198,0.0,0.0,16.0,181,0,balanced_hetero,balanced_hetero,180,0.15,0.22,12,0.8333333333333334,1.0,0.5,0.6944444444444444,0.3862766577888336,0.5,68.51898432015479,1,1
2727794516,balanced_hetero,delayed,autonomous,severe,severe,full_delivery,1,57,45,1,57,9,9,2,1,0.25,0.25,75.66799128225502,0.12087538543491216,0.08407554586917224,9,0.0,0.0,0.0,0.0,0.0,0.0,0.0,0.0,0.0,0.0006011790193449412,0.0,0.0,18.20689655172414,181,0,balanced_hetero,balanced_hetero,180,0.15,0.22,12,0.75,0.75,0.5,0.6833333333333333,0.45056642984130835,0.55,63.241263351111655,0,1
2499654092,balanced_hetero,delayed,autonomous,severe,severe,full_delivery,1,54,45,1,54,12,11,2,1,0.0,0.0,76.56945241240788,0.11601432183698164,0.08507716934711987,9,0.0,0.0,0.0,0.0,0.0,0.0,0.0,0.0,0.0,0.003007813693932192,0.0,0.0,16.0,181,0,balanced_hetero,balanced_hetero,180,0.15,0.22,12,0.9166666666666666,1.0,0.5,0.7,0.4726621734682652,0.55,72.3172704285557,1,0
1852211039,balanced_hetero,delayed,autonomous,severe,severe,full_delivery,1,55,45,1,55,11,11,2,1,0.08333333333333333,0.08333333333333333,77.09063807652774,0.11698124139078564,0.08565626452947527,9,0.0,0.0,0.0,0.0,0.0,0.0,0.0,0.0,0.0,0.0027745668530210128,0.0,0.0,16.0,181,0,balanced_hetero,balanced_hetero,180,0.15,0.22,12,0.9166666666666666,0.9166666666666666,0.5,0.6944444444444444,0.468267084587338,0.55,70.66685029533384,0,1
3294904639,balanced_hetero,delayed,autonomous,severe,severe,full_delivery,1,55,46,1,55,12,11,2,1,0.0,0.0,112.95568407117196,0.16808881558210112,0.12550631563463552,13,0.0,0.0,0.0,0.0,0.0,0.0,0.0,0.0,0.0,0.007682614555661668,0.0,0.0,16.0,181,0,balanced_hetero,balanced_hetero,180,0.15,0.22,12,0.9166666666666666,1.0,0.5,0.6944444444444444,0.2359599291722676,0.35,66.91455011952286,0,1
59630248,balanced_hetero,delayed,autonomous,severe,severe,full_delivery,1,56,45,1,56,11,10,2,1,0.08333333333333333,0.08333333333333333,83.89519980433009,0.13170361036786513,0.09321688867147788,0,0.0,0.0,0.0,0.0,0.0,0.0,0.0,0.0,0.0,0.003148603803768751,0.0,0.0,16.0,181,0,balanced_hetero,balanced_hetero,180,0.15,0.22,12,0.8333333333333334,0.9166666666666666,0.5,0.6888888888888889,0.4013472256006131,1.0,72.14108338063082,0,1
1237531727,balanced_hetero,delayed,autonomous,severe,severe,full_delivery,1,54,45,1,54,11,10,2,1,0.08333333333333333,0.08333333333333333,70.94660609040206,0.11461487252084339,0.07882956232266895,9,0.0,0.0,0.0,0.0,0.0,0.0,0.0,0.0,0.0,0.00045467292646880276,0.0,0.0,16.0,181,0,balanced_hetero,balanced_hetero,180,0.15,0.22,12,0.8333333333333334,0.9166666666666666,0.5,0.7,0.4790233067234392,0.55,68.90632629412815,0,1
2423944095,balanced_hetero,delayed,autonomous,severe,severe,full_delivery,1,55,45,1,55,10,9,2,1,0.16666666666666666,0.16666666666666666,85.49951239695879,0.13970508561594575,0.0949994582188431,12,0.0,0.0,0.0,0.0,0.0,0.0,0.0,0.0,0.0,0.001146256810710347,0.0,0.0,18.214285714285715,181,0,balanced_hetero,balanced_hetero,180,0.15,0.22,12,0.75,0.8333333333333334,0.5,0.6944444444444444,0.364976883563883,0.4,62.22078748100548,0,1
2079712863,balanced_hetero,delayed,autonomous,severe,severe,full_delivery,1,56,45,1,56,11,10,2,1,0.08333333333333333,0.08333333333333333,74.27969512492743,0.1149840481810022,0.0825329945832527,0,0.0,0.0,0.0,0.0,0.0,0.0,0.0,0.0,0.0,0.00052073837862359,0.0,0.0,16.0,181,0,balanced_hetero,balanced_hetero,180,0.15,0.22,12,0.8333333333333334,0.9166666666666666,0.5,0.6888888888888889,0.477345235540899,1.0,73.20505551979481,0,1
2867000600,balanced_hetero,delayed,autonomous,severe,severe,full_delivery,1,55,45,1,55,12,11,2,1,0.0,0.0,115.17036063409013,0.1713844652293008,0.12796706737121125,14,0.0,0.0,0.0,0.0,0.0,0.0,0.0,0.0,0.0,0.0053191410798920325,0.0,0.0,16.0,181,0,balanced_hetero,balanced_hetero,180,0.15,0.22,12,0.9166666666666666,1.0,0.5,0.6944444444444444,0.2209797035031782,0.30000000000000004,66.2048269601556,0,1
2701598647,balanced_hetero,delayed,autonomous,severe,severe,full_delivery,1,58,44,1,58,11,10,2,1,0.08333333333333333,0.08333333333333333,85.32732412879234,0.13007214044023221,0.09480813792088037,0,0.0,0.0,0.0,0.0,0.0,0.0,0.0,0.0,0.0,0.005745547230914889,0.0,0.0,19.45762711864407,181,0,balanced_hetero,balanced_hetero,180,0.15,0.22,12,0.8333333333333334,0.9166666666666666,0.5,0.6777777777777778,0.40876299799894444,1.0,72.06712641642966,0,1
929518632,balanced_hetero,delayed,autonomous,severe,severe,full_delivery,1,55,44,1,55,11,11,2,1,0.08333333333333333,0.08333333333333333,88.99594067324989,0.13282976219888043,0.0988843785258332,0,0.0,0.0,0.0,0.0,0.0,0.0,0.0,0.0,0.0,0.0029142972735006017,0.0,0.0,16.0,181,0,balanced_hetero,balanced_hetero,180,0.15,0.22,12,0.9166666666666666,0.9166666666666666,0.5,0.6944444444444444,0.3962283536414526,1.0,74.15830806209144,0,1
1527468719,balanced_hetero,delayed,autonomous,severe,severe,full_delivery,1,53,45,1,53,11,9,2,1,0.08333333333333333,0.08333333333333333,101.08165622648313,0.15695909351938375,0.11231295136275904,0,0.0,0.0,0.0,0.0,0.0,0.0,0.0,0.0,0.0,0.006384047002951001,0.0,0.0,16.0,181,0,balanced_hetero,balanced_hetero,180,0.15,0.22,12,0.75,0.9166666666666666,0.5,0.7055555555555555,0.28654957491189204,1.0,68.80058293765538,0,1
2260297187,balanced_hetero,delayed,autonomous,severe,severe,full_delivery,1,58,46,1,58,10,10,2,1,0.16666666666666666,0.16666666666666666,98.97261871994117,0.15685042586361517,0.10996957635549019,0,0.0,0.0,0.0,0.0,0.0,0.0,0.0,0.0,0.0,0.007503901650425106,0.0,0.0,16.0,181,0,balanced_hetero,balanced_hetero,180,0.15,0.22,12,0.8333333333333334,0.8333333333333334,0.5,0.6777777777777778,0.2870435188017493,1.0,68.86305370766894,0,1
2235462450,balanced_hetero,delayed,autonomous,severe,severe,full_delivery,1,55,44,1,55,10,12,2,2,0.16666666666666666,0.16666666666666666,74.47219006089662,0.11283665160741913,0.08274687784544069,9,0.0,0.0,0.0,0.0,0.0,0.0,0.0,0.0,0.0,0.0029349955642327895,0.0,0.0,16.071428571428573,181,0,balanced_hetero,balanced_hetero,180,0.15,0.22,12,1.0,0.8333333333333334,1.0,0.6944444444444444,0.48710612905718575,0.55,80.43059691791171,0,1
4198243449,balanced_hetero,delayed,autonomous,severe,severe,full_delivery,1,57,46,1,57,11,12,2,2,0.08333333333333333,0.08333333333333333,76.34217242729213,0.11243324363371447,0.08482463603032458,0,0.0,0.0,0.0,0.0,0.0,0.0,0.0,0.0,0.0,0.0005164740609286928,0.0,0.0,16.0,181,0,balanced_hetero,balanced_hetero,180,0.15,0.22,12,1.0,0.9166666666666666,1.0,0.6833333333333333,0.4889398016649342,1.0,86.27849055664241,0,1
2471194176,balanced_hetero,delayed,autonomous,severe,severe,full_delivery,1,56,44,1,56,12,12,2,2,0.0,0.0,103.63761759017524,0.15151698478095796,0.11515290843352805,13,0.0,0.0,0.0,0.0,0.0,0.0,0.0,0.0,0.0,0.0017078651783956832,0.0,0.0,16.0,181,0,balanced_hetero,balanced_hetero,180,0.15,0.22,12,1.0,1.0,1.0,0.6888888888888889,0.3112864328138275,0.35,78.88023228161582,0,1
2684746538,balanced_hetero,delayed,autonomous,severe,severe,full_delivery,1,55,44,1,55,12,11,2,1,0.0,0.0,111.8067901371253,0.1663791519897698,0.12422976681902811,13,0.0,0.0,0.0,0.0,0.0,0.0,0.0,0.0,0.0,0.004054233856079237,0.0,0.0,16.0,181,0,balanced_hetero,balanced_hetero,180,0.15,0.22,12,0.9166666666666666,1.0,0.5,0.6944444444444444,0.2437311273192282,0.35,67.02334689358031,0,1
1487043519,balanced_hetero,delayed,autonomous,severe,severe,full_delivery,1,56,45,1,56,12,11,2,1,0.0,0.0,105.91405679568616,0.15484511227439499,0.11768228532854018,13,0.0,0.0,0.0,0.0,0.0,0.0,0.0,0.0,0.0,0.0019627668830302556,0.0,0.0,16.0,181,0,balanced_hetero,balanced_hetero,180,0.15,0.22,12,0.9166666666666666,1.0,0.5,0.6888888888888889,0.2961585805709319,0.35,67.66844235021527,0,1
4062187877,balanced_hetero,delayed,autonomous,severe,severe,full_delivery,1,54,45,1,54,10,9,2,1,0.16666666666666666,0.16666666666666666,65.50784742313684,0.11255643887136914,0.07278649713681871,8,0.0,0.0,0.0,0.0,0.0,0.0,0.0,0.0,0.0,0.000529964128336699,0.0,0.0,18.181818181818183,181,0,balanced_hetero,balanced_hetero,180,0.15,0.22,12,0.75,0.8333333333333334,0.5,0.7,0.4883798233119585,0.6,66.03731752636743,0,1
2453742651,balanced_hetero,delayed,autonomous,severe,severe,full_delivery,1,58,46,1,58,11,11,2,2,0.08333333333333333,0.08333333333333333,81.4151654506579,0.1229836336112657,0.09046129494517544,10,0.0,0.0,0.0,0.0,0.0,0.0,0.0,0.0,0.0,0.0015242808853908514,0.0,0.0,19.050847457627118,181,0,balanced_hetero,balanced_hetero,180,0.15,0.22,12,0.9166666666666666,0.9166666666666666,1.0,0.6777777777777778,0.44098348358515593,0.5,78.51821321463663,0,1
3581121875,balanced_hetero,delayed,autonomous,severe,severe,full_delivery,1,58,46,1,58,10,10,2,1,0.16666666666666666,0.16666666666666666,84.59529104458117,0.1319739329868661,0.09399476782731242,11,0.0,0.0,0.0,0.0,0.0,0.0,0.0,0.0,0.0,0.0010042836881306917,0.0,0.0,16.0,181,0,balanced_hetero,balanced_hetero,180,0.15,0.22,12,0.8333333333333334,0.8333333333333334,0.5,0.6777777777777778,0.4001184864233359,0.44999999999999996,64.94610325437115,0,1
2953825876,balanced_hetero,delayed,autonomous,severe,severe,full_delivery,1,54,44,1,54,11,9,2,1,0.08333333333333333,0.08333333333333333,73.46590481866055,0.11735767542917021,0.08162878313184506,9,0.0,0.0,0.0,0.0,0.0,0.0,0.0,0.0,0.0,0.0027374373777044937,0.0,0.0,16.0,181,0,balanced_hetero,balanced_hetero,180,0.15,0.22,12,0.75,0.9166666666666666,0.5,0.7,0.46655602077649905,0.55,66.73178429087099,0,1
3373845530,balanced_hetero,delayed,autonomous,severe,severe,full_delivery,1,57,46,1,57,12,12,2,2,0.0,0.0,110.77824891733624,0.1591641507432992,0.12308694324148471,12,0.0,0.0,0.0,0.0,0.0,0.0,0.0,0.0,0.0,0.007442727350442264,0.0,0.0,16.0,181,0,balanced_hetero,balanced_hetero,180,0.15,0.22,12,1.0,1.0,1.0,0.6833333333333333,0.2765265875304581,0.4,78.80470555875976,0,1
4132909633,balanced_hetero,delayed,autonomous,severe,severe,full_delivery,1,55,44,1,55,12,11,2,1,0.0,0.0,76.98010807360795,0.11455373225239278,0.08553345341511995,9,0.0,0.0,0.0,0.0,0.0,0.0,0.0,0.0,0.0,0.0028874219543807284,0.0,0.0,16.0,181,0,balanced_hetero,balanced_hetero,180,0.15,0.22,12,0.9166666666666666,1.0,0.5,0.6944444444444444,0.4793012170345783,0.55,72.3213281495952,1,0
2018362125,balanced_hetero,delayed,autonomous,severe,severe,full_delivery,1,55,45,1,55,11,11,2,1,0.08333333333333333,0.08333333333333333,79.49426037161176,0.12044584904789661,0.08832695596845751,9,0.0,0.0,0.0,0.0,0.0,0.0,0.0,0.0,0.0,0.0008142481349477454,0.0,0.0,16.0,181,0,balanced_hetero,balanced_hetero,180,0.15,0.22,12,0.9166666666666666,0.9166666666666666,0.5,0.6944444444444444,0.45251886796410634,0.55,70.4463752626086,0,1
3714471024,balanced_hetero,delayed,autonomous,severe,severe,full_delivery,0,180,54,0,180,8,8,2,2,0.3333333333333333,0.3333333333333333,48.16148915420786,0.0324319792284228,0.0519801758329279,7,0.0,0.0,0.0,0.0,0.0,0.0,0.0,0.0,0.0,0.0024637812860037094,0.0,0.0,19.31111111111111,181,1,balanced_hetero,balanced_hetero,180,0.15,0.22,12,0.6666666666666666,0.6666666666666666,1.0,0.0,0.8525819125980781,0.65,64.43614677637308,0,1
2499106396,balanced_hetero,delayed,autonomous,severe,severe,full_delivery,1,54,45,1,54,9,9,2,1,0.25,0.25,79.21378288149577,0.12880289899430208,0.08801531431277308,0,0.0,0.0,0.0,0.0,0.0,0.0,0.0,0.0,0.0,0.0007822614528223333,0.0,0.0,16.0,181,0,balanced_hetero,balanced_hetero,180,0.15,0.22,12,0.75,0.75,0.5,0.7,0.41453227729862685,1.0,67.50345188218077,0,1
1497879319,balanced_hetero,delayed,autonomous,severe,severe,full_delivery,1,57,46,1,57,12,12,2,2,0.0,0.0,120.7395079214087,0.17347630448478263,0.13415500880156522,15,0.0,0.0,0.0,0.0,0.0,0.0,0.0,0.0,0.0,0.006381522962071972,0.0,0.0,16.0,181,0,balanced_hetero,balanced_hetero,180,0.15,0.22,12,1.0,1.0,1.0,0.6833333333333333,0.21147134325098804,0.25,76.39393213884718,0,1
3124697657,balanced_hetero,delayed,autonomous,severe,severe,full_delivery,1,58,53,1,58,9,9,2,2,0.25,0.25,66.36936766403556,0.11230011449075392,0.0737437418489284,9,0.0,0.0,0.0,0.0,0.0,0.0,0.0,0.0,0.0,0.003447036949162704,0.0,0.0,18.71186440677966,181,0,balanced_hetero,balanced_hetero,180,0.15,0.22,12,0.75,0.75,1.0,0.6777777777777778,0.48954493413293676,0.55,72.69807352230556,0,1
387463207,balanced_hetero,delayed,crowd_vector,severe,severe,full_delivery,1,57,46,1,57,10,11,2,1,0.16666666666666666,0.16666666666666666,105.37243857526559,0.1570379114385478,0.11708048730585066,0,0.0,0.0,0.5478927203065133,0.07438403557010527,0.3060317479780218,0.0,0.5478927203065133,0.07438403557010527,0.0,0.006687513724128032,0.0,0.0,16.0,181,0,balanced_hetero,balanced_hetero,180,0.15,0.22,12,0.9166666666666666,0.8333333333333334,0.5,0.6833333333333333,0.2861913116429645,1.0,70.94001169633482,0,1
3688305789,balanced_hetero,delayed,crowd_vector,severe,severe,full_delivery,1,54,46,1,54,11,10,2,1,0.08333333333333333,0.08333333333333333,86.49826256068701,0.13751711058932753,0.09610918062298557,9,0.0,0.0,0.5575757575757575,0.07703557300423705,0.31014816742706547,0.0,0.5575757575757575,0.07703557300423705,0.0,0.0014961599629771277,0.0,0.0,16.0,181,0,balanced_hetero,balanced_hetero,180,0.15,0.22,12,0.8333333333333334,0.9166666666666666,0.5,0.7,0.37492222459396574,0.55,67.44891114431552,0,1
2842388746,balanced_hetero,delayed,crowd_vector,severe,severe,full_delivery,1,52,46,1,52,11,9,2,1,0.08333333333333333,0.08333333333333333,74.42946972822928,0.1224168910003771,0.08269941080914364,0,0.0,0.0,0.5534591194968552,0.07242852331090954,0.2978644338370499,0.0,0.5534591194968552,0.07242852331090954,0.0,0.0013298011452718458,0.0,0.0,16.0,181,0,balanced_hetero,balanced_hetero,180,0.15,0.22,12,0.75,0.9166666666666666,0.5,0.7111111111111111,0.4435595863619223,1.0,71.08761198684469,0,1
1177221741,balanced_hetero,delayed,crowd_vector,severe,severe,full_delivery,1,56,45,1,56,11,10,2,1,0.08333333333333333,0.08333333333333333,62.38080792966994,0.09437338567272306,0.06931200881074438,0,0.0,0.0,0.5458089668615984,0.09118245927915164,0.33356946708306534,0.0,0.5458089668615984,0.09118245927915164,0.0,0.0036321739612844694,0.0,0.0,17.54385964912281,181,0,balanced_hetero,balanced_hetero,180,0.15,0.22,12,0.8333333333333334,0.9166666666666666,0.5,0.6888888888888889,0.5710300651239861,1.0,74.51664313395804,0,1
82372809,balanced_hetero,delayed,crowd_vector,severe,severe,full_delivery,1,55,45,1,55,12,12,2,2,0.0,0.0,63.745610026751976,0.09485953873028567,0.07082845558527998,0,0.0,0.0,0.5515873015873016,0.08519557448400127,0.32151555552229183,0.0,0.5515873015873016,0.08519557448400127,0.0,0.0018187046732735003,0.0,0.0,16.0,181,0,balanced_hetero,balanced_hetero,180,0.15,0.22,12,1.0,1.0,1.0,0.6944444444444444,0.5688202784987015,1.0,89.07459501009292,1,0
1955503885,balanced_hetero,delayed,crowd_vector,severe,severe,full_delivery,1,57,44,1,57,11,10,2,1,0.08333333333333333,0.08333333333333333,92.88062872256003,0.14223679743117923,0.10320069858062225,11,0.0,0.0,0.5670498084291187,0.07688972472845618,0.3017280053740359,0.0,0.5670498084291187,0.07688972472845618,0.0,0.005870481080816421,0.0,0.0,18.896551724137932,181,0,balanced_hetero,balanced_hetero,180,0.15,0.22,12,0.8333333333333334,0.9166666666666666,0.5,0.6833333333333333,0.353469102585549,0.44999999999999996,65.88190076953101,0,1
3492078352,balanced_hetero,delayed,crowd_vector,severe,severe,full_delivery,1,54,44,1,54,11,10,2,1,0.08333333333333333,0.08333333333333333,58.67018700087693,0.09297969413768134,0.06518909666764103,0,0.0,0.0,0.523232323232323,0.08987936913712438,0.32269774813578217,0.0,0.523232323232323,0.08987936913712438,0.0,0.0030323696139054625,0.0,0.0,18.036363636363635,181,0,balanced_hetero,balanced_hetero,180,0.15,0.22,12,0.8333333333333334,0.9166666666666666,0.5,0.7,0.577365026646903,1.0,74.78311037305664,0,1
2143792833,balanced_hetero,delayed,crowd_vector,severe,severe,full_delivery,1,56,45,1,56,11,11,2,1,0.08333333333333333,0.08333333333333333,97.15078395184901,0.14653210249147663,0.10794531550205445,0,0.0,0.0,0.5516569200779726,0.09022243730316809,0.31854672532584,0.0,0.5516569200779726,0.09022243730316809,0.0,0.003065951287478524,0.0,0.0,16.0,181,0,balanced_hetero,balanced_hetero,180,0.15,0.22,12,0.9166666666666666,0.9166666666666666,0.5,0.6888888888888889,0.33394498867510625,1.0,73.1974520636737,0,1
304117129,balanced_hetero,delayed,crowd_vector,severe,severe,full_delivery,1,57,46,1,57,11,11,2,2,0.08333333333333333,0.08333333333333333,100.3738048253774,0.14610451939647365,0.1115264498059749,0,0.0,0.0,0.5593869731800766,0.0881376118680962,0.31604301041888455,0.0,0.5593869731800766,0.0881376118680962,0.0,0.006475629794014603,0.0,0.0,16.551724137931036,181,0,balanced_hetero,balanced_hetero,180,0.15,0.22,12,0.9166666666666666,0.9166666666666666,1.0,0.6833333333333333,0.3358885481978471,1.0,82.13577300810319,0,1
1908909422,balanced_hetero,delayed,crowd_vector,severe,severe,full_delivery,1,55,45,1,55,12,11,2,1,0.0,0.0,81.6408188355606,0.12148931374339374,0.09071202092840067,0,0.0,0.0,0.5674603174603174,0.07754122544554155,0.3052262561125291,0.0,0.5674603174603174,0.07754122544554155,0.0,0.0011984978685060706,0.0,0.0,16.0,181,0,balanced_hetero,balanced_hetero,180,0.15,0.22,12,0.9166666666666666,1.0,0.5,0.6944444444444444,0.4477758466209376,1.0,76.37997296380424,1,0
1445101497,balanced_hetero,delayed,crowd_vector,severe,severe,full_delivery,1,57,45,1,57,11,11,2,1,0.08333333333333333,0.08333333333333333,103.83177468494777,0.15026306032553946,0.11536863853883086,0,0.0,0.0,0.5555555555555556,0.08253646201169473,0.31034387007070097,0.0,0.5555555555555556,0.08253646201169473,0.0,0.004936221117627803,0.0,0.0,16.0,181,0,balanced_hetero,balanced_hetero,180,0.15,0.22,12,0.9166666666666666,0.9166666666666666,0.5,0.6833333333333333,0.3169860894293661,1.0,72.87113858534445,0,1
3496919089,balanced_hetero,delayed,crowd_vector,severe,severe,full_delivery,1,56,45,1,56,11,10,2,1,0.08333333333333333,0.08333333333333333,57.62682779223225,0.09190881625555382,0.06402980865803583,0,0.0,0.0,0.5263157894736842,0.09229008903336483,0.3341018696208018,0.0,0.5263157894736842,0.09229008903336483,0.0,0.0029302828480662385,0.0,0.0,16.0,181,0,balanced_hetero,balanced_hetero,180,0.15,0.22,12,0.8333333333333334,0.9166666666666666,0.5,0.6888888888888889,0.5822326533838462,1.0,74.67347936959608,0,1
1634462996,balanced_hetero,delayed,crowd_vector,severe,severe,full_delivery,1,57,44,1,57,12,11,2,1,0.0,0.0,66.9795839422707,0.09623503439981422,0.07442175993585633,0,0.0,0.0,0.5689655172413793,0.07862033712951137,0.30045514289517283,0.0,0.5689655172413793,0.07862033712951137,0.0,0.0012706049380856552,0.0,0.0,16.0,181,0,balanced_hetero,balanced_hetero,180,0.15,0.22,12,0.9166666666666666,1.0,0.5,0.6833333333333333,0.56256802545539,1.0,77.80928568970879,1,0
192834079,balanced_hetero,delayed,crowd_vector,severe,severe,full_delivery,1,55,45,1,55,10,10,2,1,0.16666666666666666,0.16666666666666666,65.97249556948996,0.1022829388674263,0.07330277285498885,0,0.0,0.0,0.5496031746031745,0.09395861278767323,0.331894099875229,0.0,0.5496031746031745,0.09395861278767323,0.0,0.001076611326984147,0.0,0.0,16.0,181,0,balanced_hetero,balanced_hetero,180,0.15,0.22,12,0.8333333333333334,0.8333333333333334,0.5,0.6944444444444444,0.5350775506026078,1.0,72.60219681954761,0,1
33842615,balanced_hetero,delayed,crowd_vector,severe,severe,full_delivery,1,56,44,1,56,12,11,2,1,0.0,0.0,63.02984480832236,0.09214889591859994,0.07003316089813595,0,0.0,0.0,0.5321637426900585,0.08756497041028682,0.3320603058160078,0.0,0.5321637426900585,0.08756497041028682,0.0,0.002793201638437441,0.0,0.0,16.0,181,0,balanced_hetero,balanced_hetero,180,0.15,0.22,12,0.9166666666666666,1.0,0.5,0.6888888888888889,0.5811413821881821,1.0,78.15820157285677,1,0
1226733406,balanced_hetero,delayed,crowd_vector,severe,severe,full_delivery,1,56,44,1,56,12,12,2,2,0.0,0.0,63.637523739446614,0.09303731540854768,0.07070835971049624,0,0.0,0.0,0.5730994152046782,0.08540858990906573,0.3022102193136251,0.0,0.5730994152046782,0.08540858990906573,0.0,0.0017448733373616099,0.0,0.0,16.0,181,0,balanced_hetero,balanced_hetero,180,0.15,0.22,12,1.0,1.0,1.0,0.6888888888888889,0.5771031117793287,1.0,89.10166578713282,1,0
767277146,balanced_hetero,delayed,crowd_vector,severe,severe,full_delivery,1,54,45,1,54,12,11,2,1,0.0,0.0,96.6895150189169,0.1464992651801771,0.10743279446546321,11,0.0,0.0,0.5515151515151514,0.07595698658242543,0.3017413612601745,0.0,0.5515151515151514,0.07595698658242543,0.0,0.0020651528391156717,0.0,0.0,16.0,181,0,balanced_hetero,balanced_hetero,180,0.15,0.22,12,0.9166666666666666,1.0,0.5,0.7,0.33409424918101316,0.44999999999999996,69.37731948853417,0,1
1205378918,balanced_hetero,delayed,crowd_vector,severe,severe,full_delivery,1,55,44,1,55,11,12,2,2,0.08333333333333333,0.08333333333333333,63.423564309815646,0.09609630956032673,0.07047062701090627,0,0.0,0.0,0.5674603174603174,0.0838948521314371,0.30788671861309913,0.0,0.5674603174603174,0.0838948521314371,0.0,0.0014209067225325388,0.0,0.0,16.0,181,0,balanced_hetero,balanced_hetero,180,0.15,0.22,12,1.0,0.9166666666666666,1.0,0.6944444444444444,0.5631985929076058,1.0,87.4958914118176,0,1
3829821156,balanced_hetero,delayed,crowd_vector,severe,severe,full_delivery,1,56,45,1,56,12,11,2,1,0.0,0.0,78.59452276804046,0.11490427305269074,0.08732724752004496,0,0.0,0.0,0.5497076023391813,0.07625495001947555,0.3078277173152134,0.0,0.5497076023391813,0.07625495001947555,0.0,0.001030047334205836,0.0,0.0,16.0,181,0,balanced_hetero,balanced_hetero,180,0.15,0.22,12,0.9166666666666666,1.0,0.5,0.6888888888888889,0.47770784976049663,1.0,76.71013211886917,1,0
2031523506,balanced_hetero,delayed,crowd_vector,severe,severe,full_delivery,1,57,46,1,57,12,11,2,1,0.0,0.0,101.79293519374671,0.1462542172323947,0.11310326132638523,0,0.0,0.0,0.5383141762452107,0.09260826679163768,0.3366076457435348,0.0,0.5383141762452107,0.09260826679163768,0.0,0.00563164531370867,0.0,0.0,16.0,181,0,balanced_hetero,balanced_hetero,180,0.15,0.22,12,0.9166666666666666,1.0,0.5,0.6833333333333333,0.335208103489115,1.0,74.62624678218094,1,0
4284257583,balanced_hetero,delayed,crowd_vector,severe,severe,full_delivery,1,57,45,1,57,12,11,2,1,0.0,0.0,102.92237788067594,0.14787697971361485,0.11435819764519549,0,0.0,0.0,0.5421455938697318,0.07641658693386055,0.3072336735543156,0.0,0.5421455938697318,0.07641658693386055,0.0,0.004404925334651991,0.0,0.0,16.0,181,0,balanced_hetero,balanced_hetero,180,0.15,0.22,12,0.9166666666666666,1.0,0.5,0.6833333333333333,0.3278319103926598,1.0,74.52298007883056,1,0
3294087195,balanced_hetero,delayed,crowd_vector,severe,severe,full_delivery,1,58,45,1,58,10,9,2,1,0.16666666666666666,0.16666666666666666,73.431666954969,0.11655820151582381,0.08159074106107667,0,0.0,0.0,0.5536723163841808,0.08304077278959168,0.31768688104465065,0.0,0.5536723163841808,0.08304077278959168,0.0,0.0011998179475364492,0.0,0.0,17.76271186440678,181,0,balanced_hetero,balanced_hetero,180,0.15,0.22,12,0.75,0.8333333333333334,0.5,0.6777777777777778,0.47018999310989174,1.0,69.42710434798293,0,1
2807234314,balanced_hetero,delayed,crowd_vector,severe,severe,full_delivery,1,55,45,1,55,12,11,2,1,0.0,0.0,64.7581608161144,0.09636631073826547,0.07195351201790488,0,0.0,0.0,0.5218253968253969,0.09552566975290103,0.33749676356696817,0.0,0.5218253968253969,0.09552566975290103,0.0,0.0026373039130125567,0.0,0.0,16.0,181,0,balanced_hetero,balanced_hetero,180,0.15,0.22,12,0.9166666666666666,1.0,0.5,0.6944444444444444,0.5619713148260661,1.0,77.97870951867603,1,0
2899341790,balanced_hetero,delayed,crowd_vector,severe,severe,full_delivery,1,57,45,1,57,11,10,2,1,0.08333333333333333,0.08333333333333333,76.10910477233023,0.11376547798554593,0.08456567196925581,0,0.0,0.0,0.5651340996168582,0.07867493307375047,0.3023082439192843,0.0,0.5651340996168582,0.07867493307375047,0.0,0.0006873086983387134,0.0,0.0,16.0,181,0,balanced_hetero,balanced_hetero,180,0.15,0.22,12,0.8333333333333334,0.9166666666666666,0.5,0.6833333333333333,0.4828841909747913,1.0,73.19371200698042,0,1
771828551,balanced_hetero,delayed,crowd_vector,severe,severe,full_delivery,1,54,44,1,54,11,11,2,1,0.08333333333333333,0.08333333333333333,63.96239163785427,0.09855530298590796,0.0710693240420603,0,0.0,0.0,0.5515151515151515,0.08229686504831638,0.31223031306378646,0.0,0.5515151515151515,0.08229686504831638,0.0,0.001363619830875262,0.0,0.0,16.0,181,0,balanced_hetero,balanced_hetero,180,0.15,0.22,12,0.9166666666666666,0.9166666666666666,0.5,0.7,0.5520213500640547,1.0,76.42829890089676,0,1
246852714,balanced_hetero,delayed,crowd_vector,severe,severe,full_delivery,1,56,45,1,56,11,11,2,1,0.08333333333333333,0.08333333333333333,105.97215432923053,0.1581673945212396,0.11774683814358948,0,0.0,0.0,0.5399610136452242,0.0844737302456096,0.3196081465668565,0.0,0.5399610136452242,0.0844737302456096,0.0,0.005896627399256021,0.0,0.0,16.0,181,0,balanced_hetero,balanced_hetero,180,0.15,0.22,12,0.9166666666666666,0.9166666666666666,0.5,0.6888888888888889,0.28105729763072906,1.0,72.45702438905242,0,1
764701550,balanced_hetero,delayed,crowd_vector,severe,severe,full_delivery,1,56,44,1,56,10,10,2,1,0.16666666666666666,0.16666666666666666,61.40940456887439,0.09389817212366115,0.06823267174319377,0,0.0,0.0,0.584795321637427,0.07603417502688399,0.30289176532400536,0.0,0.584795321637427,0.07603417502688399,0.0,0.0016301616815954986,0.0,0.0,17.82456140350877,181,0,balanced_hetero,balanced_hetero,180,0.15,0.22,12,0.8333333333333334,0.8333333333333334,0.5,0.6888888888888889,0.5731901267106312,1.0,73.04688399617106,0,1
3736359040,balanced_hetero,delayed,crowd_vector,severe,severe,full_delivery,1,58,45,1,58,12,12,2,2,0.0,0.0,74.75442647032375,0.1055853481219262,0.08306047385591528,0,0.0,0.0,0.5574387947269303,0.08517325725376271,0.3235053393767981,0.0,0.5574387947269303,0.08517325725376271,0.0,0.001580554950719272,0.0,0.0,16.0,181,0,balanced_hetero,balanced_hetero,180,0.15,0.22,12,1.0,1.0,1.0,0.6777777777777778,0.52006659944579,1.0,88.1253768366855,1,0
848911364,balanced_hetero,delayed,crowd_vector,severe,severe,full_delivery,1,55,45,1,55,11,10,2,1,0.08333333333333333,0.08333333333333333,92.40939020623081,0.1448423043984809,0.10267710022914535,0,0.0,0.0,0.5615079365079365,0.08002700875459122,0.30727816397416763,0.0,0.5615079365079365,0.08002700875459122,0.0,0.005085143424641207,0.0,0.0,16.0,181,0,balanced_hetero,balanced_hetero,180,0.15,0.22,12,0.8333333333333334,0.9166666666666666,0.5,0.6944444444444444,0.3416258890978141,1.0,71.39387355848051,0,1
2748579598,balanced_hetero,delayed,crowd_vector,severe,severe,full_delivery,1,55,45,1,55,11,10,2,1,0.08333333333333333,0.08333333333333333,75.87433882443564,0.117090029050055,0.0843048209160396,0,0.0,0.0,0.5555555555555555,0.07680251721740926,0.2981581562049895,0.0,0.5555555555555555,0.07680251721740926,0.0,0.0006159473891774505,0.0,0.0,16.0,181,0,balanced_hetero,balanced_hetero,180,0.15,0.22,12,0.8333333333333334,0.9166666666666666,0.5,0.6944444444444444,0.46777259522702275,1.0,73.15992744428942,0,1
2242886926,balanced_hetero,delayed,crowd_vector,severe,severe,full_delivery,1,55,44,1,55,10,10,2,1,0.16666666666666666,0.16666666666666666,59.56063655729861,0.09828487880742344,0.06617848506366512,0,0.0,0.0,0.5238095238095237,0.08439708889714338,0.32813149207659,0.0,0.5238095238095237,0.08439708889714338,0.0,0.0019096961502436118,0.0,0.0,16.0,181,0,balanced_hetero,balanced_hetero,180,0.15,0.22,12,0.8333333333333334,0.8333333333333334,0.5,0.6944444444444444,0.553250550875348,1.0,72.85661882336598,0,1
2452871303,balanced_hetero,delayed,crowd_vector,severe,severe,full_delivery,1,57,45,1,57,11,10,2,1,0.08333333333333333,0.08333333333333333,95.69240001722426,0.14346686659254013,0.10632488890802695,0,0.0,0.0,0.5593869731800766,0.07973389191910865,0.30846480457840897,0.0,0.5593869731800766,0.07973389191910865,0.0,0.006320451443097955,0.0,0.0,17.93103448275862,181,0,balanced_hetero,balanced_hetero,180,0.15,0.22,12,0.8333333333333334,0.9166666666666666,0.5,0.6833333333333333,0.3478778791248176,1.0,71.30362364108078,0,1
2768299276,balanced_hetero,scout_belief,autonomous,severe,severe,full_delivery,1,56,45,1,56,10,9,2,1,0.16666666666666666,0.16666666666666666,63.9875666719034,0.09920552972388125,0.07109729630211489,0,0.0,0.0,0.0,0.0,0.0,0.0,0.0,0.0,0.0,0.00411443862123323,0.0,0.0,16.280701754385966,181,0,balanced_hetero,balanced_hetero,180,0.15,0.22,12,0.75,0.8333333333333334,0.5,0.6888888888888889,0.5490657739823579,1.0,70.70914305797523,0,1
924523845,balanced_hetero,scout_belief,autonomous,severe,severe,full_delivery,1,55,45,1,55,11,10,2,1,0.08333333333333333,0.08333333333333333,60.86732497081508,0.09754379001733186,0.06763036107868342,0,0.0,0.0,0.0,0.0,0.0,0.0,0.0,0.0,0.0,0.003269527459459094,0.0,0.0,16.0,181,0,balanced_hetero,balanced_hetero,180,0.15,0.22,12,0.8333333333333334,0.9166666666666666,0.5,0.6944444444444444,0.5566191362848552,1.0,74.40377901909908,0,1
1739803154,balanced_hetero,scout_belief,autonomous,severe,severe,full_delivery,1,53,45,1,53,12,11,2,1,0.0,0.0,69.47331956741121,0.10721191291267163,0.07719257729712356,7,0.0,0.0,0.0,0.0,0.0,0.0,0.0,0.0,0.0,0.0025686376737213386,0.0,0.0,16.0,181,0,balanced_hetero,balanced_hetero,180,0.15,0.22,12,0.9166666666666666,1.0,0.5,0.7055555555555555,0.5126731231242199,0.65,73.96631261262796,1,0
2281677676,balanced_hetero,scout_belief,autonomous,severe,severe,full_delivery,1,54,45,1,54,10,9,2,1,0.16666666666666666,0.16666666666666666,63.26937358156359,0.10796821430300954,0.0702993039795151,0,0.0,0.0,0.0,0.0,0.0,0.0,0.0,0.0,0.0,0.0031630616409305573,0.0,0.0,19.563636363636363,181,0,balanced_hetero,balanced_hetero,180,0.15,0.22,12,0.75,0.8333333333333334,0.5,0.7,0.5092353895317748,1.0,70.32929545344486,0,1
173348260,balanced_hetero,scout_belief,autonomous,severe,severe,full_delivery,1,56,54,1,56,10,9,2,1,0.16666666666666666,0.16666666666666666,86.44416473154666,0.1392015535129576,0.09604907192394074,11,0.0,0.0,0.0,0.0,0.0,0.0,0.0,0.0,0.0,0.0022134914420378934,0.0,0.0,16.0,181,0,balanced_hetero,balanced_hetero,180,0.15,0.22,12,0.75,0.8333333333333334,0.5,0.6888888888888889,0.3672656658501927,0.44999999999999996,62.663941544124924,0,1
4059582788,balanced_hetero,scout_belief,autonomous,severe,severe,full_delivery,1,53,44,1,53,12,10,2,1,0.0,0.0,67.98479345018703,0.10491480470707874,0.0755386593890967,0,0.0,0.0,0.0,0.0,0.0,0.0,0.0,0.0,0.0,0.0030652441982633363,0.0,0.0,16.0,181,0,balanced_hetero,balanced_hetero,180,0.15,0.22,12,0.8333333333333334,1.0,0.5,0.7055555555555555,0.5231145240587329,1.0,75.61249222571115,1,0
1812499827,balanced_hetero,scout_belief,autonomous,severe,severe,full_delivery,1,57,46,1,57,11,10,2,1,0.08333333333333333,0.08333333333333333,100.028244376329,0.14863037797374293,0.11114249375147667,9,0.0,0.0,0.0,0.0,0.0,0.0,0.0,0.0,0.0,0.004745127057749506,0.0,0.0,17.517241379310345,181,0,balanced_hetero,balanced_hetero,180,0.15,0.22,12,0.8333333333333334,0.9166666666666666,0.5,0.6833333333333333,0.324407372846623,0.55,66.47503655318606,0,1
2807841762,balanced_hetero,scout_belief,autonomous,severe,severe,full_delivery,1,56,44,1,56,11,11,2,1,0.08333333333333333,0.08333333333333333,66.8663331358158,0.09790092699240965,0.074295925706462,0,0.0,0.0,0.0,0.0,0.0,0.0,0.0,0.0,0.0,0.002883525091144434,0.0,0.0,16.0,181,0,balanced_hetero,balanced_hetero,180,0.15,0.22,12,0.9166666666666666,0.9166666666666666,0.5,0.6888888888888889,0.554995786398138,1.0,76.29216323179614,0,1
3269282058,balanced_hetero,scout_belief,autonomous,severe,severe,full_delivery,1,56,45,1,56,12,11,2,1,0.0,0.0,73.60543794254393,0.1076102893896841,0.08178381993615992,0,0.0,0.0,0.0,0.0,0.0,0.0,0.0,0.0,0.0,0.003236164527540953,0.0,0.0,16.0,181,0,balanced_hetero,balanced_hetero,180,0.15,0.22,12,0.9166666666666666,1.0,0.5,0.6888888888888889,0.5108623209559813,1.0,77.17429471560597,1,0
2703343087,balanced_hetero,scout_belief,autonomous,severe,severe,full_delivery,1,57,45,1,57,11,11,2,2,0.08333333333333333,0.08333333333333333,81.59264889491631,0.12552715214602508,0.09065849877212923,0,0.0,0.0,0.0,0.0,0.0,0.0,0.0,0.0,0.0,0.003319341748678386,0.0,0.0,16.0,181,0,balanced_hetero,balanced_hetero,180,0.15,0.22,12,0.9166666666666666,0.9166666666666666,1.0,0.6833333333333333,0.429422035699886,1.0,83.44524183313172,0,1
2847907537,balanced_hetero,scout_belief,autonomous,severe,severe,full_delivery,1,56,45,1,56,11,11,2,1,0.08333333333333333,0.08333333333333333,85.3152840940132,0.1273362449164376,0.0947947601044591,0,0.0,0.0,0.0,0.0,0.0,0.0,0.0,0.0,0.0,0.0024588509984332517,0.0,0.0,16.0,181,0,balanced_hetero,balanced_hetero,180,0.15,0.22,12,0.9166666666666666,0.9166666666666666,0.5,0.6888888888888889,0.4211988867434654,1.0,74.41900663663073,0,1
841215118,balanced_hetero,scout_belief,autonomous,severe,severe,full_delivery,1,54,46,1,54,12,10,2,1,0.0,0.0,83.51512500267948,0.126538068185878,0.09279458333631053,0,0.0,0.0,0.0,0.0,0.0,0.0,0.0,0.0,0.0,0.002869223870222942,0.0,0.0,16.0,181,0,balanced_hetero,balanced_hetero,180,0.15,0.22,12,0.8333333333333334,1.0,0.5,0.7,0.4248269627914636,1.0,74.1475774790805,1,0
953692313,balanced_hetero,scout_belief,autonomous,severe,severe,full_delivery,1,57,47,1,57,10,9,2,1,0.16666666666666666,0.16666666666666666,87.15159744756102,0.13660124991780723,0.09683510827506779,10,0.0,0.0,0.0,0.0,0.0,0.0,0.0,0.0,0.0,0.002548415943945242,0.0,0.0,17.586206896551722,181,0,balanced_hetero,balanced_hetero,180,0.15,0.22,12,0.75,0.8333333333333334,0.5,0.6833333333333333,0.3790852276463308,0.5,63.24052652038198,0,1
2133821680,balanced_hetero,scout_belief,autonomous,severe,severe,full_delivery,1,56,46,1,56,11,11,2,1,0.08333333333333333,0.08333333333333333,91.61494509008143,0.13472786042659035,0.10179438343342381,10,0.0,0.0,0.0,0.0,0.0,0.0,0.0,0.0,0.0,0.0027253114379253637,0.0,0.0,16.0,181,0,balanced_hetero,balanced_hetero,180,0.15,0.22,12,0.9166666666666666,0.9166666666666666,0.5,0.6888888888888889,0.38760063442458936,0.5,68.94863110416647,0,1
2361310128,balanced_hetero,scout_belief,autonomous,severe,severe,full_delivery,1,57,46,1,57,11,11,2,2,0.08333333333333333,0.08333333333333333,66.33834558627352,0.10005783648005055,0.07370927287363724,0,0.0,0.0,0.0,0.0,0.0,0.0,0.0,0.0,0.0,0.00257398438540147,0.0,0.0,16.0,181,0,balanced_hetero,balanced_hetero,180,0.15,0.22,12,0.9166666666666666,0.9166666666666666,1.0,0.6833333333333333,0.5451916523634066,1.0,85.06601646642102,0,1
1296923986,balanced_hetero,scout_belief,autonomous,severe,severe,full_delivery,1,54,44,1,54,11,10,2,1,0.08333333333333333,0.08333333333333333,63.490077116254895,0.10014207747043359,0.07054453012917211,0,0.0,0.0,0.0,0.0,0.0,0.0,0.0,0.0,0.0,0.003474775281122738,0.0,0.0,17.818181818181817,181,0,balanced_hetero,balanced_hetero,180,0.15,0.22,12,0.8333333333333334,0.9166666666666666,0.5,0.7,0.5448087387707564,1.0,74.32732234279058,0,1
2839459904,balanced_hetero,scout_belief,autonomous,severe,severe,full_delivery,1,56,45,1,56,11,10,2,1,0.08333333333333333,0.08333333333333333,62.20766573125339,0.09719947770508343,0.06911962859028155,0,0.0,0.0,0.0,0.0,0.0,0.0,0.0,0.0,0.0,0.002369280729825882,0.0,0.0,19.017543859649123,181,0,balanced_hetero,balanced_hetero,180,0.15,0.22,12,0.8333333333333334,0.9166666666666666,0.5,0.6888888888888889,0.5581841922496208,1.0,74.33680091371691,0,1
3485953866,balanced_hetero,scout_belief,autonomous,severe,severe,full_delivery,1,54,45,1,54,11,10,2,1,0.08333333333333333,0.08333333333333333,72.10699176357649,0.11042418340517073,0.0801188797373072,0,0.0,0.0,0.0,0.0,0.0,0.0,0.0,0.0,0.0,0.0024571212791817576,0.0,0.0,16.436363636363637,181,0,balanced_hetero,balanced_hetero,180,0.15,0.22,12,0.8333333333333334,0.9166666666666666,0.5,0.7,0.4980718936128603,1.0,73.67300651058004,0,1
1801980687,balanced_hetero,scout_belief,autonomous,severe,severe,full_delivery,1,56,46,1,56,11,11,2,2,0.08333333333333333,0.08333333333333333,84.86635368176461,0.13364780107364505,0.09429594853529401,10,0.0,0.0,0.0,0.0,0.0,0.0,0.0,0.0,0.0,0.0028810229375863094,0.0,0.0,16.0,181,0,balanced_hetero,balanced_hetero,180,0.15,0.22,12,0.9166666666666666,0.9166666666666666,1.0,0.6888888888888889,0.39250999511979523,0.5,78.01736215389936,0,1
477842096,balanced_hetero,scout_belief,autonomous,severe,severe,full_delivery,1,56,47,1,56,11,10,2,1,0.08333333333333333,0.08333333333333333,85.99510823155943,0.13169235563791643,0.09555012025728825,11,0.0,0.0,0.0,0.0,0.0,0.0,0.0,0.0,0.0,0.0032716828336110354,0.0,0.0,16.0,181,0,balanced_hetero,balanced_hetero,180,0.15,0.22,12,0.8333333333333334,0.9166666666666666,0.5,0.6888888888888889,0.40139838346401624,0.44999999999999996,66.64179959071846,0,1
1456768403,balanced_hetero,scout_belief,autonomous,severe,severe,full_delivery,1,56,45,1,56,11,11,2,1,0.08333333333333333,0.08333333333333333,68.88340773844975,0.10220090168909458,0.0765371197093886,0,0.0,0.0,0.0,0.0,0.0,0.0,0.0,0.0,0.0,0.0030622713540982166,0.0,0.0,16.0,181,0,balanced_hetero,balanced_hetero,180,0.15,0.22,12,0.9166666666666666,0.9166666666666666,0.5,0.6888888888888889,0.5354504468677519,1.0,76.01852847837073,0,1
1463823222,balanced_hetero,scout_belief,autonomous,severe,severe,full_delivery,1,55,46,1,55,11,10,2,1,0.08333333333333333,0.08333333333333333,67.66152563330469,0.10441593461929737,0.07517947292589411,0,0.0,0.0,0.0,0.0,0.0,0.0,0.0,0.0,0.0,0.0031488577697203752,0.0,0.0,16.0,181,0,balanced_hetero,balanced_hetero,180,0.15,0.22,12,0.8333333333333334,0.9166666666666666,0.5,0.6944444444444444,0.5253821153668301,1.0,73.96646072624674,0,1
2398211166,balanced_hetero,scout_belief,autonomous,severe,severe,full_delivery,1,55,45,1,55,11,11,2,1,0.08333333333333333,0.08333333333333333,68.23193132082301,0.10183870346391494,0.07581325702313668,0,0.0,0.0,0.0,0.0,0.0,0.0,0.0,0.0,0.0,0.0032230470223759303,0.0,0.0,16.0,181,0,balanced_hetero,balanced_hetero,180,0.15,0.22,12,0.9166666666666666,0.9166666666666666,0.5,0.6944444444444444,0.5370968024367503,1.0,76.13046634522561,0,1
1607667364,balanced_hetero,scout_belief,autonomous,severe,severe,full_delivery,1,55,45,1,55,10,11,2,1,0.16666666666666666,0.16666666666666666,71.48723729787731,0.1084783570529246,0.07943026366430812,8,0.0,0.0,0.0,0.0,0.0,0.0,0.0,0.0,0.0,0.002734573959551923,0.0,0.0,16.0,181,0,balanced_hetero,balanced_hetero,180,0.15,0.22,12,0.9166666666666666,0.8333333333333334,0.5,0.6944444444444444,0.5069165588503427,0.6,70.20794293501591,0,1
3276373256,balanced_hetero,scout_belief,autonomous,severe,severe,full_delivery,1,55,44,1,55,10,11,2,1,0.16666666666666666,0.16666666666666666,70.4400281851398,0.1097196700703112,0.07826669798348866,0,0.0,0.0,0.0,0.0,0.0,0.0,0.0,0.0,0.0,0.0024800839864782104,0.0,0.0,16.0,181,0,balanced_hetero,balanced_hetero,180,0.15,0.22,12,0.9166666666666666,0.8333333333333334,0.5,0.6944444444444444,0.501274226953131,1.0,74.12895028845494,0,1
4201734492,balanced_hetero,scout_belief,autonomous,severe,severe,full_delivery,1,57,45,1,57,10,9,2,1,0.16666666666666666,0.16666666666666666,84.58586938084507,0.13958064254264863,0.09398429931205007,11,0.0,0.0,0.0,0.0,0.0,0.0,0.0,0.0,0.0,0.003977593621117011,0.0,0.0,22.06896551724138,181,0,balanced_hetero,balanced_hetero,180,0.15,0.22,12,0.75,0.8333333333333334,0.5,0.6833333333333333,0.3655425338970517,0.44999999999999996,62.55092880789207,0,1
286137137,balanced_hetero,scout_belief,autonomous,severe,severe,full_delivery,1,55,45,1,55,12,12,2,2,0.0,0.0,69.24367539182657,0.10304118361878954,0.07693741710202952,0,0.0,0.0,0.0,0.0,0.0,0.0,0.0,0.0,0.0,0.002641202977641926,0.0,0.0,16.0,181,0,balanced_hetero,balanced_hetero,180,0.15,0.22,12,1.0,1.0,1.0,0.6944444444444444,0.5316309835509566,1.0,88.5539448808245,1,0
468843876,balanced_hetero,scout_belief,autonomous,severe,severe,full_delivery,1,56,46,1,56,11,10,2,1,0.08333333333333333,0.08333333333333333,77.06363877240416,0.11783431004954764,0.08562626530267128,8,0.0,0.0,0.0,0.0,0.0,0.0,0.0,0.0,0.0,0.0034016984544097835,0.0,0.0,16.0,181,0,balanced_hetero,balanced_hetero,180,0.15,0.22,12,0.8333333333333334,0.9166666666666666,0.5,0.6888888888888889,0.4643894997747835,0.6,69.0236752190692,0,1
1448095464,balanced_hetero,scout_belief,autonomous,severe,severe,full_delivery,1,56,45,1,56,12,11,2,1,0.0,0.0,74.834152475546,0.10940665566600294,0.08314905830616223,0,0.0,0.0,0.0,0.0,0.0,0.0,0.0,0.0,0.0,0.0027819455005601654,0.0,0.0,16.0,181,0,balanced_hetero,balanced_hetero,180,0.15,0.22,12,0.9166666666666666,1.0,0.5,0.6888888888888889,0.5026970196999867,1.0,77.05998049802203,1,0
1541090004,balanced_hetero,scout_belief,autonomous,severe,severe,full_delivery,1,54,44,1,54,12,11,2,1,0.0,0.0,75.31662945613422,0.114116105236567,0.08368514384014913,0,0.0,0.0,0.0,0.0,0.0,0.0,0.0,0.0,0.0,0.0025149601358371338,0.0,0.0,16.0,181,0,balanced_hetero,balanced_hetero,180,0.15,0.22,12,0.9166666666666666,1.0,0.5,0.7,0.48129043074287725,1.0,76.93806603040026,1,0
1582512436,balanced_hetero,scout_belief,autonomous,severe,severe,full_delivery,1,58,47,1,58,11,10,2,1,0.08333333333333333,0.08333333333333333,93.25200031168153,0.1408640488091866,0.10361333367964615,10,0.0,0.0,0.0,0.0,0.0,0.0,0.0,0.0,0.0,0.0032435325787597163,0.0,0.0,16.0,181,0,balanced_hetero,balanced_hetero,180,0.15,0.22,12,0.8333333333333334,0.9166666666666666,0.5,0.6777777777777778,0.3597088690491518,0.5,66.38036861113257,0,1
3145631114,balanced_hetero,scout_belief,autonomous,severe,severe,full_delivery,1,57,46,1,57,11,10,2,1,0.08333333333333333,0.08333333333333333,75.69253534651409,0.11382336142332947,0.08410281705168232,9,0.0,0.0,0.0,0.0,0.0,0.0,0.0,0.0,0.0,0.0029094153317437994,0.0,0.0,18.06896551724138,181,0,balanced_hetero,balanced_hetero,180,0.15,0.22,12,0.8333333333333334,0.9166666666666666,0.5,0.6833333333333333,0.48262108443941154,0.55,68.6900285154851,0,1
4053521367,balanced_hetero,scout_belief,crowd_vector,severe,severe,full_delivery,1,55,45,1,55,12,11,2,1,0.0,0.0,69.56732553070849,0.10352280584926858,0.07729702836745388,0,0.0,0.0,0.5753968253968254,0.0806223940733664,0.30016362810123126,0.0,0.5753968253968254,0.0806223940733664,0.0,0.0033121533063621097,0.0,0.0,16.0,181,0,balanced_hetero,balanced_hetero,180,0.15,0.22,12,0.9166666666666666,1.0,0.5,0.6944444444444444,0.5294417915942338,1.0,77.52329619343038,1,0
3399322680,balanced_hetero,scout_belief,crowd_vector,severe,severe,full_delivery,1,55,47,1,55,11,10,2,1,0.08333333333333333,0.08333333333333333,96.24797967064238,0.14876040134566054,0.1069421996340471,9,0.0,0.0,0.5456349206349206,0.08674974104225808,0.31744883827727727,0.0,0.5456349206349206,0.08674974104225808,0.0,0.004965614057012389,0.0,0.0,16.0,181,0,balanced_hetero,balanced_hetero,180,0.15,0.22,12,0.8333333333333334,0.9166666666666666,0.5,0.6944444444444444,0.3238163575197248,0.55,66.64454011638726,0,1
4072039146,balanced_hetero,scout_belief,crowd_vector,severe,severe,full_delivery,1,54,44,1,54,10,10,2,2,0.16666666666666666,0.16666666666666666,63.72202874268669,0.10497863054808351,0.07080225415854076,0,0.0,0.0,0.5616161616161616,0.07742780704399102,0.30256173216178117,0.0,0.5616161616161616,0.07742780704399102,0.0,0.0027143387883553204,0.0,0.0,19.70909090909091,181,0,balanced_hetero,balanced_hetero,180,0.15,0.22,12,0.8333333333333334,0.8333333333333334,1.0,0.7,0.5228244065996204,1.0,81.51954169239468,0,1
1022613517,balanced_hetero,scout_belief,crowd_vector,severe,severe,full_delivery,1,56,45,1,56,11,10,2,1,0.08333333333333333,0.08333333333333333,85.9988921600452,0.12874085652701378,0.09555432462227245,0,0.0,0.0,0.5653021442495126,0.08271578002325307,0.30475477738357915,0.0,0.5653021442495126,0.08271578002325307,0.0,0.0038856903068610134,0.0,0.0,17.05263157894737,181,0,balanced_hetero,balanced_hetero,180,0.15,0.22,12,0.8333333333333334,0.9166666666666666,0.5,0.6888888888888889,0.4148142885135737,1.0,72.32962226141227,0,1
318382694,balanced_hetero,scout_belief,crowd_vector,severe,severe,full_delivery,1,55,46,1,55,11,11,2,1,0.08333333333333333,0.08333333333333333,91.50237660317556,0.13697960569337658,0.10166930733686173,0,0.0,0.0,0.5734126984126985,0.08586810877561393,0.3171055471688832,0.0,0.5734126984126985,0.08586810877561393,0.0,0.004161546547492934,0.0,0.0,16.0,181,0,balanced_hetero,balanced_hetero,180,0.15,0.22,12,0.9166666666666666,0.9166666666666666,0.5,0.6944444444444444,0.37736542866647005,1.0,73.89422711244168,0,1
2460179698,balanced_hetero,scout_belief,crowd_vector,severe,severe,full_delivery,1,56,45,1,56,11,10,2,1,0.08333333333333333,0.08333333333333333,61.08444359165088,0.09589394598375335,0.0678716039907232,0,0.0,0.0,0.5769980506822612,0.07804504027885678,0.29937055326404355,0.0,0.5769980506822612,0.07804504027885678,0.0,0.0035275081568767615,0.0,0.0,16.0,181,0,balanced_hetero,balanced_hetero,180,0.15,0.22,12,0.8333333333333334,0.9166666666666666,0.5,0.6888888888888889,0.5641184273465757,1.0,74.41988020507428,0,1
558560577,balanced_hetero,scout_belief,crowd_vector,severe,severe,full_delivery,1,58,46,1,58,10,10,2,1,0.16666666666666666,0.16666666666666666,79.10499703137538,0.12132668256345916,0.08789444114597264,0,0.0,0.0,0.5875706214689264,0.07418527432420113,0.2871797951732836,0.0,0.5875706214689264,0.07418527432420113,0.0,0.004529726007160888,0.0,0.0,18.440677966101696,181,0,balanced_hetero,balanced_hetero,180,0.15,0.22,12,0.8333333333333334,0.8333333333333334,0.5,0.6777777777777778,0.44851507925700385,1.0,71.12365555404251,0,1
3871847970,balanced_hetero,scout_belief,crowd_vector,severe,severe,full_delivery,1,58,46,1,58,11,11,2,1,0.08333333333333333,0.08333333333333333,92.29762678874938,0.13533376361986713,0.10255291865416598,0,0.0,0.0,0.5743879472693032,0.07876748871420122,0.3112483182417219,0.0,0.5743879472693032,0.07876748871420122,0.0,0.005607349051398192,0.0,0.0,16.0,181,0,balanced_hetero,balanced_hetero,180,0.15,0.22,12,0.9166666666666666,0.9166666666666666,0.5,0.6777777777777778,0.384846529000604,1.0,73.7322958504529,0,1
194508220,balanced_hetero,scout_belief,crowd_vector,severe,severe,full_delivery,1,57,45,1,57,10,9,2,1,0.16666666666666666,0.16666666666666666,62.664354035885964,0.10205920852750157,0.06962706003987329,0,0.0,0.0,0.5383141762452107,0.07727991911616393,0.3140436066531391,0.0,0.5383141762452107,0.07727991911616393,0.0,0.0036031406446443387,0.0,0.0,21.517241379310345,181,0,balanced_hetero,balanced_hetero,180,0.15,0.22,12,0.75,0.8333333333333334,0.5,0.6833333333333333,0.5360945066931747,1.0,70.43865642703778,0,1
1563844495,balanced_hetero,scout_belief,crowd_vector,severe,severe,full_delivery,1,57,45,1,57,12,11,2,1,0.0,0.0,93.81649879778271,0.13479382011175678,0.10424055421975857,0,0.0,0.0,0.5325670498084292,0.08638262048796905,0.3224342930770675,0.0,0.5325670498084292,0.08638262048796905,0.0,0.00441392385805298,0.0,0.0,16.0,181,0,balanced_hetero,balanced_hetero,180,0.15,0.22,12,0.9166666666666666,1.0,0.5,0.6833333333333333,0.38730081767383284,1.0,75.35554478076698,1,0
139130166,balanced_hetero,scout_belief,crowd_vector,severe,severe,full_delivery,1,55,53,1,55,10,9,2,1,0.16666666666666666,0.16666666666666666,61.66093921017461,0.10451006645792307,0.0685121546779718,0,0.0,0.0,0.5595238095238095,0.07955533636236214,0.31197017509360947,0.0,0.5595238095238095,0.07955533636236214,0.0,0.0034315132823275122,0.0,0.0,16.0,181,0,balanced_hetero,balanced_hetero,180,0.15,0.22,12,0.75,0.8333333333333334,0.5,0.6944444444444444,0.524954243373077,1.0,70.46047051833419,0,1
1628691366,balanced_hetero,scout_belief,crowd_vector,severe,severe,full_delivery,1,56,45,1,56,11,10,2,1,0.08333333333333333,0.08333333333333333,94.29776197521167,0.14374658837684706,0.10477529108356852,0,0.0,0.0,0.5672514619883041,0.0807700918851949,0.30995142108587287,0.0,0.5672514619883041,0.0807700918851949,0.0,0.005443323281961412,0.0,0.0,17.894736842105264,181,0,balanced_hetero,balanced_hetero,180,0.15,0.22,12,0.8333333333333334,0.9166666666666666,0.5,0.6888888888888889,0.346606416468877,1.0,71.3747120527865,0,1
4276718230,balanced_hetero,scout_belief,crowd_vector,severe,severe,full_delivery,1,56,45,1,56,10,11,2,1,0.16666666666666666,0.16666666666666666,81.51688963510772,0.12023140064175179,0.09057432181678635,0,0.0,0.0,0.5516569200779727,0.0887748812457385,0.31641215870527634,0.0,0.5516569200779727,0.0887748812457385,0.0,0.004235605985089044,0.0,0.0,16.0,181,0,balanced_hetero,balanced_hetero,180,0.15,0.22,12,0.9166666666666666,0.8333333333333334,0.5,0.6888888888888889,0.4534936334465828,1.0,73.37113309047437,0,1
521965479,balanced_hetero,scout_belief,crowd_vector,severe,severe,full_delivery,1,55,45,1,55,11,11,2,2,0.08333333333333333,0.08333333333333333,58.10103991656041,0.09207771777584851,0.06455671101840045,0,0.0,0.0,0.5456349206349206,0.08531216959186505,0.31210373818477066,0.0,0.5456349206349206,0.08531216959186505,0.0,0.0030873412025950314,0.0,0.0,16.0,181,0,balanced_hetero,balanced_hetero,180,0.15,0.22,12,0.9166666666666666,0.9166666666666666,1.0,0.6944444444444444,0.5814649192006887,1.0,85.75161997992075,0,1
2508511001,balanced_hetero,scout_belief,crowd_vector,severe,severe,full_delivery,1,56,46,1,56,11,10,2,1,0.08333333333333333,0.08333333333333333,79.69864665240814,0.12610545356393693,0.08855405183600905,10,0.0,0.0,0.557504873294347,0.08541601030406366,0.3174140834586288,0.0,0.557504873294347,0.08541601030406366,0.0,0.003922325295878912,0.0,0.0,16.0,181,0,balanced_hetero,balanced_hetero,180,0.15,0.22,12,0.8333333333333334,0.9166666666666666,0.5,0.6888888888888889,0.4267933928911958,0.5,67.49732972269898,0,1
3711011490,balanced_hetero,scout_belief,crowd_vector,severe,severe,full_delivery,1,54,44,1,54,10,11,2,1,0.16666666666666666,0.16666666666666666,67.86957686498458,0.10704980578073278,0.07541064096109398,0,0.0,0.0,0.5272727272727272,0.09049795123402675,0.3358658821385802,0.0,0.5272727272727272,0.09049795123402675,0.0,0.0028510445527998554,0.0,0.0,16.0,181,0,balanced_hetero,balanced_hetero,180,0.15,0.22,12,0.9166666666666666,0.8333333333333334,0.5,0.7,0.5134099737239419,1.0,74.38773963213518,0,1
1378242920,balanced_hetero,scout_belief,crowd_vector,severe,severe,full_delivery,1,54,45,1,54,11,11,2,1,0.08333333333333333,0.08333333333333333,68.01763462942557,0.1035276021756858,0.07557514958825064,0,0.0,0.0,0.5535353535353535,0.08534795784775016,0.3182505741607485,0.0,0.5535353535353535,0.08534795784775016,0.0,0.0035262641172385187,0.0,0.0,16.0,181,0,balanced_hetero,balanced_hetero,180,0.15,0.22,12,0.9166666666666666,0.9166666666666666,0.5,0.7,0.5294199901105191,1.0,76.11187986154727,0,1
846579394,balanced_hetero,scout_belief,crowd_vector,severe,severe,full_delivery,1,57,45,1,57,11,11,2,1,0.08333333333333333,0.08333333333333333,96.38896656587647,0.13929041411253826,0.10709885173986275,0,0.0,0.0,0.5440613026819923,0.08330318430702255,0.31651196079413524,0.0,0.5440613026819923,0.08330318430702255,0.0,0.0067609589983718835,0.013888888888888888,0.0,16.0,181,0,balanced_hetero,balanced_hetero,180,0.15,0.22,12,0.9166666666666666,0.9166666666666666,0.5,0.6833333333333333,0.36686175403391696,1.0,73.56939788980816,0,1
1156216313,balanced_hetero,scout_belief,crowd_vector,severe,severe,full_delivery,1,55,44,1,55,11,10,2,1,0.08333333333333333,0.08333333333333333,79.4377147423532,0.12470598860651992,0.08826412749150354,0,0.0,0.0,0.5396825396825397,0.07872484686951327,0.3197929144943597,0.0,0.5396825396825397,0.07872484686951327,0.0,0.003930151160808557,0.0,0.0,18.428571428571427,181,0,balanced_hetero,balanced_hetero,180,0.15,0.22,12,0.8333333333333334,0.9166666666666666,0.5,0.6944444444444444,0.43315459724309124,1.0,72.67527547251439,0,1
1599551097,balanced_hetero,scout_belief,crowd_vector,severe,severe,full_delivery,1,55,47,1,55,11,11,2,1,0.08333333333333333,0.08333333333333333,94.90788151330311,0.14271861881699716,0.1054532016814479,0,0.0,0.0,0.5496031746031746,0.07467564068873034,0.30176954188478566,0.0,0.5496031746031746,0.07467564068873034,0.0,0.006476748482361448,0.006944444444444444,0.0,16.0,181,0,balanced_hetero,balanced_hetero,180,0.15,0.22,12,0.9166666666666666,0.9166666666666666,0.5,0.6944444444444444,0.3512790053772856,1.0,73.52901718639309,0,1
3333281128,balanced_hetero,scout_belief,crowd_vector,severe,severe,full_delivery,1,54,45,1,54,11,10,2,1,0.08333333333333333,0.08333333333333333,92.76066506618973,0.15034143446708223,0.1030674056290997,0,0.0,0.0,0.5555555555555556,0.0825032456898164,0.30788721367157434,0.0,0.5555555555555556,0.0825032456898164,0.0,0.006335110459007085,0.008264462809917356,0.0,19.054545454545455,181,0,balanced_hetero,balanced_hetero,180,0.15,0.22,12,0.8333333333333334,0.9166666666666666,0.5,0.7,0.3166298433314444,1.0,71.13281780664022,0,1
4056968104,balanced_hetero,scout_belief,crowd_vector,severe,severe,full_delivery,1,57,46,1,57,9,9,2,1,0.25,0.25,97.6076817691443,0.1546872928195631,0.10845297974349367,0,0.0,0.0,0.5421455938697318,0.08024435817054239,0.31313100177244557,0.0,0.5421455938697318,0.08024435817054239,0.0,0.008025808191655374,0.0,0.0,16.413793103448278,181,0,balanced_hetero,balanced_hetero,180,0.15,0.22,12,0.75,0.75,0.5,0.6833333333333333,0.2968759417292587,1.0,65.58959651754294,0,1
2520703008,balanced_hetero,scout_belief,crowd_vector,severe,severe,full_delivery,1,56,46,1,56,11,11,2,2,0.08333333333333333,0.08333333333333333,91.26363560293107,0.14486291365544615,0.1014040395588123,10,0.0,0.0,0.5945419103313839,0.07027870366853692,0.2842458303477773,0.0,0.5945419103313839,0.07027870366853692,0.0,0.004741084176789994,0.0,0.0,16.0,181,0,balanced_hetero,balanced_hetero,180,0.15,0.22,12,0.9166666666666666,0.9166666666666666,1.0,0.6888888888888889,0.34153221065706296,0.5,77.30367317142111,0,1
3730681054,balanced_hetero,scout_belief,crowd_vector,severe,severe,full_delivery,1,56,44,1,56,12,12,2,2,0.0,0.0,87.14340906157659,0.12740264482686636,0.09682601006841843,0,0.0,0.0,0.5458089668615984,0.08997841054124484,0.32804435683821614,0.0,0.5458089668615984,0.08997841054124484,0.0,0.003963862070718678,0.0,0.0,16.0,181,0,balanced_hetero,balanced_hetero,180,0.15,0.22,12,1.0,1.0,1.0,0.6888888888888889,0.4208970689687893,1.0,86.91478118778527,1,0
2939227572,balanced_hetero,scout_belief,crowd_vector,severe,severe,full_delivery,1,55,46,1,55,11,10,2,1,0.08333333333333333,0.08333333333333333,70.20167161227661,0.11003396804432071,0.07800185734697401,0,0.0,0.0,0.5476190476190477,0.08726688413844332,0.32412099900510405,0.0,0.5476190476190477,0.08726688413844332,0.0,0.003149361973758155,0.0,0.0,16.0,181,0,balanced_hetero,balanced_hetero,180,0.15,0.22,12,0.8333333333333334,0.9166666666666666,0.5,0.6944444444444444,0.49984559979854226,1.0,73.6089495082907,0,1
2647405853,balanced_hetero,scout_belief,crowd_vector,severe,severe,full_delivery,1,56,46,1,56,9,10,2,1,0.25,0.25,66.30767432736893,0.10781735662986817,0.07367519369707659,0,0.0,0.0,0.5399610136452242,0.08868163443552096,0.329137927453025,0.0,0.5399610136452242,0.08868163443552096,0.0,0.00311710429110944,0.0,0.0,16.0,181,0,balanced_hetero,balanced_hetero,180,0.15,0.22,12,0.8333333333333334,0.75,0.5,0.6888888888888889,0.5099211062278719,1.0,70.66111770941244,0,1
3805888906,balanced_hetero,scout_belief,crowd_vector,severe,severe,full_delivery,1,58,45,1,58,12,12,2,2,0.0,0.0,100.84451434718669,0.14243575472766482,0.11204946038576298,0,0.0,0.0,0.5687382297551788,0.07545091140753538,0.3039728469241635,0.0,0.5687382297551788,0.07545091140753538,0.0,0.00531065130403283,0.0,0.0,16.0,181,0,balanced_hetero,balanced_hetero,180,0.15,0.22,12,1.0,1.0,1.0,0.6777777777777778,0.3525647512378872,1.0,85.78035096177487,1,0
1718343385,balanced_hetero,scout_belief,crowd_vector,severe,severe,full_delivery,1,56,44,1,56,12,11,2,1,0.0,0.0,69.31077499765992,0.10133154239423965,0.07701197221962214,0,0.0,0.0,0.5672514619883041,0.07690444683265482,0.3035804277152887,0.0,0.5672514619883041,0.07690444683265482,0.0,0.0029922116584349765,0.0,0.0,16.0,181,0,balanced_hetero,balanced_hetero,180,0.15,0.22,12,0.9166666666666666,1.0,0.5,0.6888888888888889,0.5394020800261834,1.0,77.57385134258878,1,0
113152965,balanced_hetero,scout_belief,crowd_vector,severe,severe,full_delivery,1,56,45,1,56,12,11,2,1,0.0,0.0,62.941096455123,0.09201914686421492,0.06993455161680334,0,0.0,0.0,0.5516569200779726,0.08449183063177983,0.31726355667748257,0.0,0.5516569200779726,0.08449183063177983,0.0,0.003802535192535684,0.0,0.0,16.0,181,0,balanced_hetero,balanced_hetero,180,0.15,0.22,12,0.9166666666666666,1.0,0.5,0.6888888888888889,0.5817311506172049,1.0,78.1664583308631,1,0
1578944997,balanced_hetero,scout_belief,crowd_vector,severe,severe,full_delivery,1,57,45,1,57,11,10,2,1,0.08333333333333333,0.08333333333333333,93.93036566680131,0.140614319860481,0.10436707296311257,0,0.0,0.0,0.561302681992337,0.0846323729372016,0.30538168698964213,0.0,0.561302681992337,0.0846323729372016,0.0,0.006947198917337805,0.0,0.0,17.862068965517242,181,0,balanced_hetero,balanced_hetero,180,0.15,0.22,12,0.8333333333333334,0.9166666666666666,0.5,0.6833333333333333,0.3608440006341772,1.0,71.48514934221181,0,1
579727163,balanced_hetero,scout_belief,crowd_vector,severe,severe,full_delivery,1,57,43,1,57,12,11,2,1,0.0,0.0,98.80488629141745,0.1419610435221515,0.10978320699046383,0,0.0,0.0,0.5593869731800766,0.08675011704780881,0.3231958631987505,0.0,0.5593869731800766,0.08675011704780881,0.0,0.00545887561365024,0.0,0.0,16.0,181,0,balanced_hetero,balanced_hetero,180,0.15,0.22,12,0.9166666666666666,1.0,0.5,0.6833333333333333,0.3547225294447659,1.0,74.89944874556005,1,0
2645909992,balanced_hetero,scout_belief,crowd_vector,severe,severe,full_delivery,1,56,46,1,56,12,11,2,1,0.0,0.0,98.56393229312928,0.14409931621802527,0.1095154803256992,0,0.0,0.0,0.5633528265107212,0.07629025122709904,0.3114168064840961,0.0,0.5633528265107212,0.07629025122709904,0.0,0.005390425240011948,0.013888888888888888,0.0,16.0,181,0,balanced_hetero,balanced_hetero,180,0.15,0.22,12,0.9166666666666666,1.0,0.5,0.6888888888888889,0.3450031080998851,1.0,74.85226573562062,1,0
928686791,relay_rich,delayed,autonomous,degraded,degraded,full_delivery,1,57,53,1,57,10,9,2,1,0.16666666666666666,0.16666666666666666,83.10564560578713,0.1319137231837891,0.09233960622865237,12,0.0,0.0,0.0,0.0,0.0,0.0,0.0,0.0,0.0,0.00010863320812455427,0.0,0.0,4.0,181,0,relay_rich,relay_rich,180,0.15,0.22,12,0.75,0.8333333333333334,0.5,0.6833333333333333,0.40039216734641314,0.4,62.53882367618313,0,1
1026859284,relay_rich,delayed,autonomous,degraded,degraded,full_delivery,1,56,50,1,56,12,11,2,1,0.0,0.0,97.74677963542263,0.14290464858979915,0.10860753292824736,0,0.0,0.0,0.0,0.0,0.0,0.0,0.0,0.0,0.0,0.0003828645104694077,0.0,0.0,4.0,181,0,relay_rich,relay_rich,180,0.15,0.22,12,0.9166666666666666,1.0,0.5,0.6888888888888889,0.350433415500913,1.0,74.92829003923501,1,0
3852097530,relay_rich,delayed,autonomous,degraded,degraded,full_delivery,1,57,52,1,57,12,11,2,1,0.0,0.0,83.71550598432009,0.12028089940275875,0.09301722887146677,0,0.0,0.0,0.0,0.0,0.0,0.0,0.0,0.0,0.0,0.0001635013261220964,0.0,0.0,4.0,181,0,relay_rich,relay_rich,180,0.15,0.22,12,0.9166666666666666,1.0,0.5,0.6833333333333333,0.45326863907836934,1.0,76.2790942804305,1,0
3292433843,relay_rich,delayed,autonomous,degraded,degraded,full_delivery,1,56,51,1,56,11,10,2,1,0.08333333333333333,0.08333333333333333,76.01594938525942,0.12104450539054047,0.08446216598362158,9,0.0,0.0,0.0,0.0,0.0,0.0,0.0,0.0,0.0,0.0003264664398314093,0.0,0.0,5.9298245614035086,181,0,relay_rich,relay_rich,180,0.15,0.22,12,0.8333333333333334,0.9166666666666666,0.5,0.6888888888888889,0.44979770277027054,0.55,68.31939006100602,0,1
1368339629,relay_rich,delayed,autonomous,degraded,degraded,full_delivery,1,55,51,1,55,12,11,2,1,0.0,0.0,74.65894854773167,0.11109962581507689,0.0829543872752574,9,0.0,0.0,0.0,0.0,0.0,0.0,0.0,0.0,0.0,0.0001999852928773999,0.0,0.0,4.0,181,0,relay_rich,relay_rich,180,0.15,0.22,12,0.9166666666666666,1.0,0.5,0.6944444444444444,0.4950017008405596,0.55,72.54113492287895,1,0
3524471100,relay_rich,delayed,autonomous,degraded,degraded,full_delivery,1,56,53,1,56,12,11,2,1,0.0,0.0,112.59275699638813,0.16460929385436862,0.12510306332932014,13,0.0,0.0,0.0,0.0,0.0,0.0,0.0,0.0,0.0,0.0004925922712750978,0.0,0.0,4.0,181,0,relay_rich,relay_rich,180,0.15,0.22,12,0.9166666666666666,1.0,0.5,0.6888888888888889,0.2517759370255972,0.35,67.04708534058058,0,1
1430147707,relay_rich,delayed,autonomous,degraded,degraded,full_delivery,1,56,52,1,56,12,11,2,1,0.0,0.0,75.64306192564861,0.1105892718211237,0.08404784658405401,0,0.0,0.0,0.0,0.0,0.0,0.0,0.0,0.0,0.0,3.207375137716952e-05,0.0,0.0,4.0,181,0,relay_rich,relay_rich,180,0.15,0.22,12,0.9166666666666666,1.0,0.5,0.6888888888888889,0.497321491722165,1.0,76.98472310633252,1,0
219084618,relay_rich,delayed,autonomous,degraded,degraded,full_delivery,1,56,52,1,56,10,10,2,2,0.16666666666666666,0.16666666666666666,103.26865338865885,0.1647027964731401,0.11474294820962094,13,0.0,0.0,0.0,0.0,0.0,0.0,0.0,0.0,0.0,0.0004659139573102878,0.0,0.0,4.807017543859649,181,0,relay_rich,relay_rich,180,0.15,0.22,12,0.8333333333333334,0.8333333333333334,1.0,0.6888888888888889,0.25135092512209045,0.35,71.0411351739315,0,1
1225393541,relay_rich,delayed,autonomous,degraded,degraded,full_delivery,1,56,53,1,56,12,11,2,1,0.0,0.0,95.32907760255748,0.13936999649496706,0.10592119733617497,11,0.0,0.0,0.0,0.0,0.0,0.0,0.0,0.0,0.0,9.555403944764207e-05,0.0,0.0,4.0,181,0,relay_rich,relay_rich,180,0.15,0.22,12,0.9166666666666666,1.0,0.5,0.6888888888888889,0.3665000159319679,0.44999999999999996,69.65322244526978,0,1
2622456754,relay_rich,delayed,autonomous,degraded,degraded,full_delivery,1,56,53,1,56,12,11,2,1,0.0,0.0,100.44067435128464,0.1468430911568489,0.11160074927920516,12,0.0,0.0,0.0,0.0,0.0,0.0,0.0,0.0,0.0,7.394202166366445e-05,0.0,0.0,4.0,181,0,relay_rich,relay_rich,180,0.15,0.22,12,0.9166666666666666,1.0,0.5,0.6888888888888889,0.332531403832505,0.4,68.67766187587729,0,1
2049835272,relay_rich,delayed,autonomous,degraded,degraded,full_delivery,1,56,51,1,56,12,11,2,1,0.0,0.0,76.70495514832,0.1121417472928655,0.08522772794257777,9,0.0,0.0,0.0,0.0,0.0,0.0,0.0,0.0,0.0,0.00018996474812119608,0.0,0.0,4.0,181,0,relay_rich,relay_rich,180,0.15,0.22,12,0.9166666666666666,1.0,0.5,0.6888888888888889,0.49026478503242954,0.55,72.38592921267623,1,0
497661123,relay_rich,delayed,autonomous,degraded,degraded,full_delivery,1,56,52,1,56,12,11,2,1,0.0,0.0,85.5338542030673,0.12504949444892882,0.0950376157811859,0,0.0,0.0,0.0,0.0,0.0,0.0,0.0,0.0,0.0,0.0001635425348658176,0.0,0.0,4.0,181,0,relay_rich,relay_rich,180,0.15,0.22,12,0.9166666666666666,1.0,0.5,0.6888888888888889,0.43159320705032356,1.0,76.06452712092675,1,0
529789123,relay_rich,delayed,autonomous,degraded,degraded,full_delivery,1,57,52,1,57,11,10,2,1,0.08333333333333333,0.08333333333333333,68.9235107663775,0.1049064090812443,0.07658167862930834,8,0.0,0.0,0.0,0.0,0.0,0.0,0.0,0.0,0.0,0.0004150903470485133,0.0,0.0,5.310344827586207,181,0,relay_rich,relay_rich,180,0.15,0.22,12,0.8333333333333334,0.9166666666666666,0.5,0.6833333333333333,0.5231526859943441,0.6,69.75747093725415,0,1
1610448393,relay_rich,delayed,autonomous,degraded,degraded,full_delivery,1,55,50,1,55,12,11,2,1,0.0,0.0,72.15699800521082,0.10737648512680183,0.08017444222801202,0,0.0,0.0,0.0,0.0,0.0,0.0,0.0,0.0,0.0,4.784470962334616e-05,0.0,0.0,4.0,181,0,relay_rich,relay_rich,180,0.15,0.22,12,0.9166666666666666,1.0,0.5,0.6944444444444444,0.5119250676054463,1.0,77.27806205758735,1,0
358557203,relay_rich,delayed,autonomous,degraded,degraded,full_delivery,1,56,52,1,56,12,11,2,1,0.0,0.0,93.15807612067236,0.13619601772028123,0.10350897346741374,11,0.0,0.0,0.0,0.0,0.0,0.0,0.0,0.0,0.0,0.00010349552157991713,0.0,0.0,4.0,181,0,relay_rich,relay_rich,180,0.15,0.22,12,0.9166666666666666,1.0,0.5,0.6888888888888889,0.38092719218053983,0.44999999999999996,69.85520291274977,0,1
810436884,relay_rich,delayed,autonomous,degraded,degraded,full_delivery,1,58,54,1,58,11,10,2,1,0.08333333333333333,0.08333333333333333,99.58498780347064,0.1515753239017818,0.11064998644830071,13,0.0,0.0,0.0,0.0,0.0,0.0,0.0,0.0,0.0,0.0001825615218569315,0.0,0.0,4.0,181,0,relay_rich,relay_rich,180,0.15,0.22,12,0.8333333333333334,0.9166666666666666,0.5,0.6777777777777778,0.3110212549919009,0.35,64.19874201433106,0,1
3067997368,relay_rich,delayed,autonomous,degraded,degraded,full_delivery,1,55,52,1,55,10,10,2,1,0.16666666666666666,0.16666666666666666,69.18786343735316,0.11305206444011955,0.07687540381928129,0,0.0,0.0,0.0,0.0,0.0,0.0,0.0,0.0,0.0,6.470225497233458e-05,0.0,0.0,5.428571428571429,181,0,relay_rich,relay_rich,180,0.15,0.22,12,0.8333333333333334,0.8333333333333334,0.5,0.6944444444444444,0.4861269798176384,1.0,71.91688882855804,0,1
3300670846,relay_rich,delayed,autonomous,degraded,degraded,full_delivery,1,55,51,1,55,12,11,2,1,0.0,0.0,74.1669343431101,0.11036746182010432,0.08240770482567789,8,0.0,0.0,0.0,0.0,0.0,0.0,0.0,0.0,0.0,0.00019409970498006357,0.0,0.0,4.0,181,0,relay_rich,relay_rich,180,0.15,0.22,12,0.9166666666666666,1.0,0.5,0.6944444444444444,0.49832971899952583,0.6,73.08772717710448,1,0
1399817171,relay_rich,delayed,autonomous,degraded,degraded,full_delivery,1,57,53,1,57,12,11,2,1,0.0,0.0,113.2909977170047,0.16277442200719067,0.12587888635222744,14,0.0,0.0,0.0,0.0,0.0,0.0,0.0,0.0,0.0,0.0004631783173700735,0.0,0.0,4.0,181,0,relay_rich,relay_rich,180,0.15,0.22,12,0.9166666666666666,1.0,0.5,0.6833333333333333,0.2601162636036788,0.30000000000000004,66.57496102378482,0,1
1722156994,relay_rich,delayed,autonomous,degraded,degraded,full_delivery,1,58,52,1,58,11,10,2,1,0.08333333333333333,0.08333333333333333,93.89946995894566,0.13849479344977236,0.1043327443988285,11,0.0,0.0,0.0,0.0,0.0,0.0,0.0,0.0,0.0,0.00015598004600046335,0.0,0.0,4.983050847457627,181,0,relay_rich,relay_rich,180,0.15,0.22,12,0.8333333333333334,0.9166666666666666,0.5,0.6777777777777778,0.37047821159194383,0.44999999999999996,66.03113940673165,0,1
1425902093,relay_rich,delayed,autonomous,degraded,degraded,full_delivery,1,54,53,1,54,12,9,2,1,0.0,0.0,75.20258128989227,0.11394330498468525,0.08355842365543585,9,0.0,0.0,0.0,0.0,0.0,0.0,0.0,0.0,0.0,0.00012426329245645662,0.0,0.0,4.0,181,0,relay_rich,relay_rich,180,0.15,0.22,12,0.75,1.0,0.5,0.7,0.48207588643324883,0.55,68.4490624100655,1,0
773672152,relay_rich,delayed,autonomous,degraded,degraded,full_delivery,1,55,50,1,55,12,11,2,1,0.0,0.0,72.1393919292978,0.10735028560907411,0.080154879921442,0,0.0,0.0,0.0,0.0,0.0,0.0,0.0,0.0,0.0,6.53875077939826e-05,0.0,0.0,4.0,181,0,relay_rich,relay_rich,180,0.15,0.22,12,0.9166666666666666,1.0,0.5,0.6944444444444444,0.5120441563223903,1.0,77.27972929962456,1,0
4100096184,relay_rich,delayed,autonomous,degraded,degraded,full_delivery,1,57,53,1,57,12,11,2,1,0.0,0.0,98.42891511255488,0.14142085504677424,0.10936546123617208,0,0.0,0.0,0.0,0.0,0.0,0.0,0.0,0.0,0.0,0.00044260316259538574,0.0,0.0,4.0,181,0,relay_rich,relay_rich,180,0.15,0.22,12,0.9166666666666666,1.0,0.5,0.6833333333333333,0.35717793160557165,1.0,74.93382437581133,1,0
2596040839,relay_rich,delayed,autonomous,degraded,degraded,full_delivery,1,56,52,1,56,11,10,2,1,0.08333333333333333,0.08333333333333333,95.83057255961043,0.14432315144519645,0.1064784139551227,0,0.0,0.0,0.0,0.0,0.0,0.0,0.0,0.0,0.0,0.0005424952504013717,0.0,0.0,4.666666666666667,181,0,relay_rich,relay_rich,180,0.15,0.22,12,0.8333333333333334,0.9166666666666666,0.5,0.6888888888888889,0.34398567524910706,1.0,71.33802167570973,0,1
832015011,relay_rich,delayed,autonomous,degraded,degraded,full_delivery,1,56,51,1,56,12,11,2,1,0.0,0.0,77.70673507383358,0.11360633782724208,0.08634081674870399,9,0.0,0.0,0.0,0.0,0.0,0.0,0.0,0.0,0.0,0.00019143150678179618,0.0,0.0,4.0,181,0,relay_rich,relay_rich,180,0.15,0.22,12,0.9166666666666666,1.0,0.5,0.6888888888888889,0.48360755533071786,0.55,72.29272799685228,1,0
203987449,relay_rich,delayed,autonomous,degraded,degraded,full_delivery,1,56,50,1,56,12,11,2,1,0.0,0.0,80.67820222792167,0.11795058805251707,0.08964244691991297,0,0.0,0.0,0.0,0.0,0.0,0.0,0.0,0.0,0.0,9.241463324927844e-05,0.0,0.0,4.0,181,0,relay_rich,relay_rich,180,0.15,0.22,12,0.9166666666666666,1.0,0.5,0.6888888888888889,0.4638609633976497,1.0,76.51627570978931,1,0
2055013803,relay_rich,delayed,autonomous,degraded,degraded,full_delivery,1,59,51,1,59,12,12,2,2,0.0,0.0,82.79875684157949,0.11499827339108262,0.0919986187128661,0,0.0,0.0,0.0,0.0,0.0,0.0,0.0,0.0,0.0,0.00012685267530354756,0.0,0.0,4.0,181,0,relay_rich,relay_rich,180,0.15,0.22,12,1.0,1.0,1.0,0.6722222222222223,0.47728057549507896,1.0,87.43748361248666,1,0
2695839608,relay_rich,delayed,autonomous,degraded,degraded,full_delivery,1,56,52,1,56,12,11,2,1,0.0,0.0,79.24487295158478,0.11585507741459763,0.0880498588350942,0,0.0,0.0,0.0,0.0,0.0,0.0,0.0,0.0,0.0,6.219249571155738e-05,0.0,0.0,4.0,181,0,relay_rich,relay_rich,180,0.15,0.22,12,0.9166666666666666,1.0,0.5,0.6888888888888889,0.47338601175182893,1.0,76.64962638674783,1,0
2377106757,relay_rich,delayed,autonomous,degraded,degraded,full_delivery,1,57,51,1,57,12,12,2,2,0.0,0.0,78.13263840483314,0.11225953793797866,0.08681404267203682,0,0.0,0.0,0.0,0.0,0.0,0.0,0.0,0.0,0.0,6.651073506629993e-05,0.0,0.0,4.0,181,0,relay_rich,relay_rich,180,0.15,0.22,12,1.0,1.0,1.0,0.6833333333333333,0.48972937300918795,1.0,87.78954455546196,1,0
557562825,relay_rich,delayed,autonomous,degraded,degraded,full_delivery,1,54,51,1,54,12,10,2,1,0.0,0.0,79.28253810522685,0.12012505773519219,0.08809170900580761,8,0.0,0.0,0.0,0.0,0.0,0.0,0.0,0.0,0.0,0.00020307655227466736,0.0,0.0,4.0,181,0,relay_rich,relay_rich,180,0.15,0.22,12,0.8333333333333334,1.0,0.5,0.7,0.45397701029458093,0.6,70.55567814412413,1,0
2898952006,relay_rich,delayed,autonomous,degraded,degraded,full_delivery,1,56,52,1,56,11,11,2,1,0.08333333333333333,0.08333333333333333,111.51581322845064,0.16545372882559442,0.12390645914272293,13,0.0,0.0,0.0,0.0,0.0,0.0,0.0,0.0,0.0,0.00014478167561830424,0.0,0.0,4.0,181,0,relay_rich,relay_rich,180,0.15,0.22,12,0.9166666666666666,0.9166666666666666,0.5,0.6888888888888889,0.24793759624729805,0.35,65.49334856968439,0,1
622651044,relay_rich,delayed,autonomous,degraded,degraded,full_delivery,1,54,53,1,54,12,10,2,1,0.0,0.0,87.7891443870073,0.13301385513182923,0.09754349376334144,10,0.0,0.0,0.0,0.0,0.0,0.0,0.0,0.0,0.0,0.0001573238765045905,0.0,0.0,4.0,181,0,relay_rich,relay_rich,180,0.15,0.22,12,0.8333333333333334,1.0,0.5,0.7,0.3953915675825944,0.5,68.73548194615633,1,1
1441291089,relay_rich,delayed,crowd_vector,degraded,degraded,full_delivery,1,54,52,1,54,12,10,2,1,0.0,0.0,80.1161591253958,0.12138811988696332,0.08901795458377311,0,0.0,0.0,0.6686868686868687,0.04930846424726715,0.2283608788229909,0.0,0.6686868686868687,0.04930846424726715,0.0,0.0001297725284163595,0.0,0.0,4.0,181,0,relay_rich,relay_rich,180,0.15,0.22,12,0.8333333333333334,1.0,0.5,0.7,0.44823581869562124,1.0,74.47530146173871,1,0
737395584,relay_rich,delayed,crowd_vector,degraded,degraded,full_delivery,1,56,50,1,56,12,12,2,2,0.0,0.0,75.79657369157275,0.11081370422744553,0.08421841521285861,0,0.0,0.0,0.6198830409356725,0.050572519003904956,0.25182617702364657,0.0,0.6198830409356725,0.050572519003904956,0.0,0.00015123865930085866,0.0,0.0,4.0,181,0,relay_rich,relay_rich,180,0.15,0.22,12,1.0,1.0,1.0,0.6888888888888889,0.4963013444207022,1.0,87.97044104411205,1,0
3442874696,relay_rich,delayed,crowd_vector,degraded,degraded,full_delivery,1,56,52,1,56,11,11,2,1,0.08333333333333333,0.08333333333333333,63.7419483496045,0.09387621259146466,0.07082438705511611,0,0.0,0.0,0.6452241715399609,0.05192030229939471,0.23430290211411328,0.0,0.6452241715399609,0.05192030229939471,0.0,0.0001599897254004191,0.0,0.0,4.0,181,0,relay_rich,relay_rich,180,0.15,0.22,12,0.9166666666666666,0.9166666666666666,0.5,0.6888888888888889,0.5732899427660698,1.0,76.54828142094718,0,1
104584432,relay_rich,delayed,crowd_vector,degraded,degraded,full_delivery,1,55,52,1,55,11,11,2,1,0.08333333333333333,0.08333333333333333,63.88680856173139,0.09549597692336531,0.07098534284636822,0,0.0,0.0,0.6269841269841271,0.05720189470514398,0.25618271663121017,0.0,0.6269841269841271,0.05720189470514398,0.0,0.00018228026344602554,0.0,0.0,4.0,181,0,relay_rich,relay_rich,180,0.15,0.22,12,0.9166666666666666,0.9166666666666666,0.5,0.6944444444444444,0.5659273776210667,1.0,76.53409439780604,0,1
4192957746,relay_rich,delayed,crowd_vector,degraded,degraded,full_delivery,1,54,53,1,54,12,10,2,1,0.0,0.0,100.52658270642628,0.15231300410064588,0.11169620300714031,0,0.0,0.0,0.6464646464646464,0.0491992268316935,0.23953465633475315,0.0,0.6464646464646464,0.0491992268316935,0.0,0.0004361450178602801,0.0,0.0,4.0,181,0,relay_rich,relay_rich,180,0.15,0.22,12,0.8333333333333334,1.0,0.5,0.7,0.30766816317888235,1.0,72.50735428450436,0,1
3258208184,relay_rich,delayed,crowd_vector,degraded,degraded,full_delivery,1,55,51,1,55,12,11,2,1,0.0,0.0,83.55631512824897,0.12433975465513239,0.09284035014249885,0,0.0,0.0,0.6269841269841269,0.05317757205860714,0.241260495748489,0.0,0.6269841269841269,0.05317757205860714,0.0,0.0002140591463082635,0.0,0.0,4.0,181,0,relay_rich,relay_rich,180,0.15,0.22,12,0.9166666666666666,1.0,0.5,0.6944444444444444,0.4348192970221255,1.0,76.19858126942086,1,0
792653855,relay_rich,delayed,crowd_vector,degraded,degraded,full_delivery,1,54,53,1,54,12,9,2,1,0.0,0.0,95.63954413535502,0.14490840020508336,0.10626616015039447,9,0.0,0.0,0.6646464646464647,0.047550266081092814,0.23864970331355725,0.0,0.6646464646464647,0.047550266081092814,0.0,9.5500308152506e-05,0.0,0.0,4.0,181,0,relay_rich,relay_rich,180,0.15,0.22,12,0.75,1.0,0.5,0.7,0.3413254536132575,0.55,66.47855635058562,1,0
108557795,relay_rich,delayed,crowd_vector,degraded,degraded,full_delivery,1,54,51,1,54,12,11,2,1,0.0,0.0,65.80454596308704,0.09970385751982884,0.07311616218120782,0,0.0,0.0,0.6747474747474744,0.05106879172940153,0.22169751996178114,0.0,0.6747474747474744,0.05106879172940153,0.0,0.0001931093002784016,0.0,0.0,4.0,181,0,relay_rich,relay_rich,180,0.15,0.22,12,0.9166666666666666,1.0,0.5,0.7,0.5468006476371416,1.0,77.85520906691997,1,0
3304840665,relay_rich,delayed,crowd_vector,degraded,degraded,full_delivery,1,57,50,1,57,12,11,2,1,0.0,0.0,92.38015687072051,0.1327301104464375,0.10264461874524501,0,0.0,0.0,0.6532567049808429,0.04585780416750832,0.23255304882329783,0.0,0.6532567049808429,0.04585780416750832,0.0,0.0003903965594103159,0.0,0.0,4.0,181,0,relay_rich,relay_rich,180,0.15,0.22,12,0.9166666666666666,1.0,0.5,0.6833333333333333,0.39668131615255675,1.0,75.48687175946912,1,0
1443194459,relay_rich,delayed,crowd_vector,degraded,degraded,full_delivery,1,56,49,1,56,12,11,2,1,0.0,0.0,64.87139145976818,0.09484121558445639,0.07207932384418686,0,0.0,0.0,0.6627680311890838,0.05051402766974463,0.22948367459639493,0.0,0.6627680311890838,0.05051402766974463,0.0,0.0001939709771129807,0.0,0.0,4.0,181,0,relay_rich,relay_rich,180,0.15,0.22,12,0.9166666666666666,1.0,0.5,0.6888888888888889,0.5689035655251982,1.0,77.986872139575,1,0
1448529936,relay_rich,delayed,crowd_vector,degraded,degraded,full_delivery,1,54,51,1,54,12,10,2,1,0.0,0.0,93.82872200181733,0.14216473030578383,0.1042541355575748,0,0.006493506493506494,0.09090909090909091,0.6707070707070708,0.04386419189117716,0.22405163304727307,0.0,0.6707070707070708,0.04386419189117716,0.0,0.0004428292175353186,0.0,0.0,4.0,181,0,relay_rich,relay_rich,180,0.15,0.22,12,0.8333333333333334,1.0,0.5,0.7,0.3537966804282553,1.0,73.15315352599558,1,0
1325906049,relay_rich,delayed,crowd_vector,degraded,degraded,full_delivery,1,57,50,1,57,11,11,2,1,0.08333333333333333,0.08333333333333333,59.871862112264076,0.09003287535678808,0.06652429123584898,0,0.0,0.0,0.6130268199233717,0.05802132370812747,0.2643706618227958,0.0,0.6130268199233717,0.05802132370812747,0.0,0.00018941861359898944,0.0,0.0,4.0,181,0,relay_rich,relay_rich,180,0.15,0.22,12,0.9166666666666666,0.9166666666666666,0.5,0.6833333333333333,0.590759657469145,1.0,76.70396853790136,0,1
1050060174,relay_rich,delayed,crowd_vector,degraded,degraded,full_delivery,1,58,52,1,58,11,10,2,1,0.08333333333333333,0.08333333333333333,94.44512195229859,0.1384825835077692,0.10493902439144288,0,0.0,0.0,0.6497175141242937,0.04955045584090206,0.24122607725689113,0.0,0.6497175141242937,0.04955045584090206,0.0,0.00028738585765140766,0.0,0.0,4.8474576271186445,181,0,relay_rich,relay_rich,180,0.15,0.22,12,0.8333333333333334,0.9166666666666666,0.5,0.6777777777777778,0.3705337113283218,1.0,71.53191640304094,0,1
3202809973,relay_rich,delayed,crowd_vector,degraded,degraded,full_delivery,1,58,53,1,58,12,11,2,1,0.0,0.0,99.63826850549927,0.14073201766313456,0.11070918722833252,0,0.0,0.0,0.6572504708097927,0.04707104643339165,0.23983422509553098,0.0,0.6572504708097927,0.04707104643339165,0.0,0.00017702394905201295,0.0,0.0,4.0,181,0,relay_rich,relay_rich,180,0.15,0.22,12,0.9166666666666666,1.0,0.5,0.6777777777777778,0.3603090106221156,1.0,74.88877059315405,1,0
2266206557,relay_rich,delayed,crowd_vector,degraded,degraded,full_delivery,1,55,53,1,55,12,11,2,1,0.0,0.0,67.56797529076397,0.10054758227792257,0.07507552810084886,0,0.0,0.0,0.6805555555555556,0.04959795546020126,0.22426804851232343,0.0,0.6805555555555556,0.04959795546020126,0.0,0.00019875686339172578,0.0,0.0,4.0,181,0,relay_rich,relay_rich,180,0.15,0.22,12,0.9166666666666666,1.0,0.5,0.6944444444444444,0.542965535100352,1.0,77.71262860251603,1,0
3837215946,relay_rich,delayed,crowd_vector,degraded,degraded,full_delivery,1,56,53,1,56,11,11,2,2,0.08333333333333333,0.08333333333333333,63.698594139456446,0.09814883534584969,0.07077621571050716,0,0.0,0.0,0.6179337231968812,0.052940399255040765,0.2510127536620473,0.0,0.6179337231968812,0.052940399255040765,0.0,7.877870249262997e-05,0.0,0.0,4.0,181,0,relay_rich,relay_rich,180,0.15,0.22,12,0.9166666666666666,0.9166666666666666,1.0,0.6888888888888889,0.5538689302461378,1.0,85.27638724566813,0,1
826013999,relay_rich,delayed,crowd_vector,degraded,degraded,full_delivery,1,56,50,1,56,12,11,2,1,0.0,0.0,64.5997801028993,0.09444412295745512,0.0717775334476659,0,0.0,0.0,0.7056530214424951,0.0429504917261018,0.19638251105816837,0.0,0.7056530214424951,0.0429504917261018,0.0,0.0001559505805821181,0.0,0.0,4.0,181,0,relay_rich,relay_rich,180,0.15,0.22,12,0.9166666666666666,1.0,0.5,0.6888888888888889,0.5707085320115677,1.0,78.01214167038417,1,0
2375571646,relay_rich,delayed,crowd_vector,degraded,degraded,full_delivery,1,55,50,1,55,12,11,2,1,0.0,0.0,67.28809050746025,0.100131087064673,0.07476454500828918,0,0.0,0.0,0.6825396825396827,0.046396629895870165,0.2208231493997642,0.0,0.6825396825396827,0.046396629895870165,0.0,7.113945260457166e-05,0.0,0.0,4.0,181,0,relay_rich,relay_rich,180,0.15,0.22,12,0.9166666666666666,1.0,0.5,0.6944444444444444,0.5448586951605773,1.0,77.73913284335919,1,0
1294720900,relay_rich,delayed,crowd_vector,degraded,degraded,full_delivery,1,57,54,1,57,12,11,2,1,0.0,0.0,99.58419568875,0.14308074093211207,0.11064910632083333,0,0.0,0.0,0.6762452107279693,0.04401284151184613,0.2238609253865254,0.0,0.6762452107279693,0.04401284151184613,0.0,0.0004475342636790719,0.0,0.0,4.0,181,0,relay_rich,relay_rich,180,0.15,0.22,12,0.9166666666666666,1.0,0.5,0.6833333333333333,0.349632995763127,1.0,74.8281952740171,1,0
1285978358,relay_rich,delayed,crowd_vector,degraded,degraded,full_delivery,1,58,53,1,58,12,11,2,1,0.0,0.0,82.93061577539555,0.11713363810084118,0.09214512863932839,0,0.0,0.0,0.6195856873822975,0.056452659288030616,0.2588733241192357,0.0,0.6195856873822975,0.056452659288030616,0.0,0.00010274546887636649,0.0,0.0,4.0,181,0,relay_rich,relay_rich,180,0.15,0.22,12,0.9166666666666666,1.0,0.5,0.6777777777777778,0.46757437226890375,1.0,76.39048565620908,1,0
983714325,relay_rich,delayed,crowd_vector,degraded,degraded,full_delivery,1,54,51,1,54,10,9,2,1,0.16666666666666666,0.16666666666666666,67.24694278303949,0.10590069729612518,0.07471882531448831,0,0.0,0.0,0.6808080808080808,0.05072164811107789,0.22549905730570705,0.0,0.6808080808080808,0.05072164811107789,0.0,0.0002108879717044134,0.0,0.0,4.836363636363636,181,0,relay_rich,relay_rich,180,0.15,0.22,12,0.75,0.8333333333333334,0.5,0.7,0.5186331941085218,1.0,70.46086471751931,0,1
1255627355,relay_rich,delayed,crowd_vector,degraded,degraded,full_delivery,1,56,52,1,56,12,11,2,1,0.0,0.0,99.44207937722675,0.14538315698424964,0.11049119930802973,0,0.0,0.0,0.6744639376218323,0.04330785446139412,0.22053796052001595,0.0,0.6744639376218323,0.04330785446139412,0.0,0.00023540013705015936,0.0,0.0,4.0,181,0,relay_rich,relay_rich,180,0.15,0.22,12,0.9166666666666666,1.0,0.5,0.6888888888888889,0.3391674682534107,1.0,74.77056677776997,1,0
2986579505,relay_rich,delayed,crowd_vector,degraded,degraded,full_delivery,1,55,52,1,55,12,11,2,1,0.0,0.0,91.88349932313834,0.13673139780228918,0.10209277702570926,0,0.0,0.0,0.619047619047619,0.05238791485936732,0.24918532435362165,0.0,0.619047619047619,0.05238791485936732,0.0,8.381026311671036e-05,0.0,0.0,4.0,181,0,relay_rich,relay_rich,180,0.15,0.22,12,0.9166666666666666,1.0,0.5,0.6944444444444444,0.378493646353231,1.0,75.41002216005633,1,0
2120379286,relay_rich,delayed,crowd_vector,degraded,degraded,full_delivery,1,55,52,1,55,11,10,2,1,0.08333333333333333,0.08333333333333333,70.38852597550951,0.10929895337812036,0.07820947330612167,0,0.0,0.0,0.6587301587301587,0.04749827619844236,0.22676145825959845,0.0,0.6587301587301587,0.04749827619844236,0.0,8.592885421528779e-05,0.0,0.0,4.964285714285714,181,0,relay_rich,relay_rich,180,0.15,0.22,12,0.8333333333333334,0.9166666666666666,0.5,0.6944444444444444,0.5031865755539984,1.0,73.6557231688671,0,1
1610339129,relay_rich,delayed,crowd_vector,degraded,degraded,full_delivery,1,55,50,1,55,11,11,2,1,0.08333333333333333,0.08333333333333333,92.51829387515878,0.13850043993287242,0.10279810430573197,0,0.0,0.0,0.6071428571428571,0.05647091411511212,0.25618914505243306,0.0,0.6071428571428571,0.05647091411511212,0.0,0.000390207094034464,0.0,0.0,4.107142857142857,181,0,relay_rich,relay_rich,180,0.15,0.22,12,0.9166666666666666,0.9166666666666666,0.5,0.6944444444444444,0.3704525457596708,1.0,73.79744675174649,0,1
725358723,relay_rich,delayed,crowd_vector,degraded,degraded,full_delivery,1,56,53,1,56,11,10,2,1,0.08333333333333333,0.08333333333333333,96.1136235852626,0.15231953024605802,0.10679291509473622,12,0.0,0.0,0.6510721247563352,0.04908764620386997,0.23546839449896242,0.0,0.6510721247563352,0.04908764620386997,0.0,0.0002992306745940566,0.0,0.0,4.0,181,0,relay_rich,relay_rich,180,0.15,0.22,12,0.8333333333333334,0.9166666666666666,0.5,0.6888888888888889,0.3076384988815545,0.4,64.829161206564,0,1
825069548,relay_rich,delayed,crowd_vector,degraded,degraded,full_delivery,1,55,51,1,55,12,11,2,1,0.0,0.0,74.15419789608178,0.11034850877393122,0.08239355321786865,0,0.0,0.0,0.613095238095238,0.056641452554662776,0.2496279763082963,0.0,0.613095238095238,0.056641452554662776,0.0,4.6977621307015026e-05,0.0,0.0,4.0,181,0,relay_rich,relay_rich,180,0.15,0.22,12,0.9166666666666666,1.0,0.5,0.6944444444444444,0.4984158692094035,1.0,77.08893328004275,1,0
1463406714,relay_rich,delayed,crowd_vector,degraded,degraded,full_delivery,1,56,54,1,56,12,11,2,1,0.0,0.0,96.46871366544968,0.14103613108983873,0.10718745962827743,0,0.0,0.0,0.6569200779727093,0.05453094086299328,0.2446711109924744,0.0,0.6569200779727093,0.05453094086299328,0.0,0.0004529451955297538,0.0,0.0,4.0,181,0,relay_rich,relay_rich,180,0.15,0.22,12,0.9166666666666666,1.0,0.5,0.6888888888888889,0.3589266768643694,1.0,75.04719569832339,1,0
3885661412,relay_rich,delayed,crowd_vector,degraded,degraded,full_delivery,1,56,52,1,56,12,11,2,1,0.0,0.0,87.29791822556588,0.12762853541749397,0.09699768691729542,0,0.0,0.0,0.6744639376218323,0.04325365024958912,0.22264803325497132,0.0,0.6744639376218323,0.04325365024958912,0.0,0.00024217893434510314,0.0,0.0,4.0,181,0,relay_rich,relay_rich,180,0.15,0.22,12,0.9166666666666666,1.0,0.5,0.6888888888888889,0.4198702935568456,1.0,75.90040633201805,1,0
1616561624,relay_rich,delayed,crowd_vector,degraded,degraded,full_delivery,1,56,52,1,56,12,11,2,1,0.0,0.0,101.83694651710469,0.1488844247326092,0.11315216279678299,0,0.0,0.0,0.6257309941520467,0.05741946276228595,0.25751604914673165,0.0,0.6257309941520467,0.05741946276228595,0.0,0.00041930205221454565,0.0,0.0,4.0,181,0,relay_rich,relay_rich,180,0.15,0.22,12,0.9166666666666666,1.0,0.5,0.6888888888888889,0.32325261485177637,1.0,74.54775883014709,1,0
2598005982,relay_rich,delayed,crowd_vector,degraded,degraded,full_delivery,1,56,51,1,56,12,11,2,1,0.0,0.0,65.07476594969218,0.09513854671007628,0.07230529549965797,0,0.0,0.0,0.6666666666666665,0.04725642080738546,0.22767712889941472,0.0,0.6666666666666665,0.04725642080738546,0.0,0.0001269947133181399,0.0,0.0,4.0,181,0,relay_rich,relay_rich,180,0.15,0.22,12,0.9166666666666666,1.0,0.5,0.6888888888888889,0.5675520604087442,1.0,77.96795106794464,1,0
1540076541,relay_rich,delayed,crowd_vector,degraded,degraded,full_delivery,1,57,51,1,57,12,11,2,1,0.0,0.0,65.61042027451033,0.0942678452219976,0.07290046697167815,0,0.0,0.0,0.6187739463601534,0.0537447014021421,0.24905722587744544,0.0,0.6187739463601534,0.0537447014021421,0.0,7.275656794343593e-05,0.0,0.0,4.0,181,0,relay_rich,relay_rich,180,0.15,0.22,12,0.9166666666666666,1.0,0.5,0.6833333333333333,0.5715097944454655,1.0,77.93447045556984,1,0
2363925212,relay_rich,scout_belief,autonomous,degraded,degraded,full_delivery,1,57,54,1,57,12,11,2,1,0.0,0.0,115.44271006920141,0.16586596274310547,0.12826967785466822,13,0.0,0.0,0.0,0.0,0.0,0.0,0.0,0.0,0.0,0.002784017564187785,0.0,0.0,4.0,181,0,relay_rich,relay_rich,180,0.15,0.22,12,0.9166666666666666,1.0,0.5,0.6833333333333333,0.246063805713157,0.35,66.87822661331752,0,1
17523163,relay_rich,scout_belief,autonomous,degraded,degraded,full_delivery,1,55,51,1,55,12,11,2,1,0.0,0.0,67.25110128280035,0.10007604357559576,0.07472344586977817,0,0.0,0.0,0.0,0.0,0.0,0.0,0.0,0.0,0.0,0.0029317728163014453,0.0,0.0,4.0,181,0,relay_rich,relay_rich,180,0.15,0.22,12,0.9166666666666666,1.0,0.5,0.6944444444444444,0.5451088928382011,1.0,77.74263561084592,1,0
1492789522,relay_rich,scout_belief,autonomous,degraded,degraded,full_delivery,1,57,53,1,57,12,11,2,1,0.0,0.0,101.26738120033791,0.14549911092002574,0.1125193124448199,9,0.0,0.0,0.0,0.0,0.0,0.0,0.0,0.0,0.0,0.003325966141240084,0.0,0.0,4.0,181,0,relay_rich,relay_rich,180,0.15,0.22,12,0.9166666666666666,1.0,0.5,0.6833333333333333,0.33864040490897396,0.55,70.17429900205897,1,0
1240494142,relay_rich,scout_belief,autonomous,degraded,degraded,full_delivery,1,55,52,1,55,12,11,2,1,0.0,0.0,78.61388425779572,0.11698494681219601,0.08734876028643969,0,0.0,0.0,0.0,0.0,0.0,0.0,0.0,0.0,0.0,0.0033421703373981543,0.0,0.0,4.0,181,0,relay_rich,relay_rich,180,0.15,0.22,12,0.9166666666666666,1.0,0.5,0.6944444444444444,0.46825024176274543,1.0,76.66661449578955,1,0
491239890,relay_rich,scout_belief,autonomous,degraded,degraded,full_delivery,1,56,52,1,56,10,10,2,2,0.16666666666666666,0.16666666666666666,67.93829005769331,0.10783855564713224,0.07548698895299256,0,0.0,0.0,0.0,0.0,0.0,0.0,0.0,0.0,0.0,0.0029468476891440737,0.0,0.0,5.824561403508772,181,0,relay_rich,relay_rich,180,0.15,0.22,12,0.8333333333333334,0.8333333333333334,1.0,0.6888888888888889,0.5098247470584898,1.0,81.15976868104107,0,1
584633032,relay_rich,scout_belief,autonomous,degraded,degraded,full_delivery,1,57,53,1,57,11,10,2,1,0.08333333333333333,0.08333333333333333,98.80824604605202,0.1497094637061394,0.10978694005116892,0,0.0,0.0,0.0,0.0,0.0,0.0,0.0,0.0,0.0,0.0026221854122300114,0.0,0.0,4.0,181,0,relay_rich,relay_rich,180,0.15,0.22,12,0.8333333333333334,0.9166666666666666,0.5,0.6833333333333333,0.31950243769936626,1.0,70.90636746112446,0,1
1627607387,relay_rich,scout_belief,autonomous,degraded,degraded,full_delivery,1,55,51,1,55,11,11,2,1,0.08333333333333333,0.08333333333333333,67.34208340677615,0.10376284038024061,0.07482453711864018,0,0.0,0.0,0.0,0.0,0.0,0.0,0.0,0.0,0.0,0.002498048379435541,0.0,0.0,4.0,181,0,relay_rich,relay_rich,180,0.15,0.22,12,0.9166666666666666,0.9166666666666666,0.5,0.6944444444444444,0.5283507255443609,1.0,76.00802126873215,0,1
1710827016,relay_rich,scout_belief,autonomous,degraded,degraded,full_delivery,1,58,53,1,58,12,11,2,1,0.0,0.0,105.17475950633303,0.14855192020668506,0.11686084389592559,11,0.0,0.0,0.0,0.0,0.0,0.0,0.0,0.0,0.0,0.002481566733793405,0.0,0.0,4.0,181,0,relay_rich,relay_rich,180,0.15,0.22,12,0.9166666666666666,1.0,0.5,0.6777777777777778,0.32476399906052245,0.44999999999999996,68.89114043129176,0,1
133106987,relay_rich,scout_belief,autonomous,degraded,degraded,full_delivery,1,58,51,1,58,12,11,2,1,0.0,0.0,104.04656517822039,0.14695842539296666,0.1156072946424671,0,0.0,0.0,0.0,0.0,0.0,0.0,0.0,0.0,0.0,0.0040816920092938925,0.0,0.0,4.0,181,0,relay_rich,relay_rich,180,0.15,0.22,12,0.9166666666666666,1.0,0.5,0.6777777777777778,0.332007157304697,1.0,74.49254464671019,1,0
1933400886,relay_rich,scout_belief,autonomous,degraded,degraded,full_delivery,1,56,51,1,56,12,11,2,1,0.0,0.0,71.86577938993614,0.10506692893265517,0.07985086598881792,0,0.0,0.0,0.0,0.0,0.0,0.0,0.0,0.0,0.0,0.0028163128390584335,0.0,0.0,4.0,181,0,relay_rich,relay_rich,180,0.15,0.22,12,0.9166666666666666,1.0,0.5,0.6888888888888889,0.5224230503061129,1.0,77.3361449265078,1,0
600413639,relay_rich,scout_belief,autonomous,degraded,degraded,full_delivery,1,55,50,1,55,12,11,2,1,0.0,0.0,83.19781248922114,0.1238062685851505,0.09244201387691238,8,0.0,0.0,0.0,0.0,0.0,0.0,0.0,0.0,0.0,0.0025062488872737037,0.0,0.0,4.0,181,0,relay_rich,relay_rich,180,0.15,0.22,12,0.9166666666666666,1.0,0.5,0.6944444444444444,0.43724423370386134,0.6,72.23253038296515,1,0
3385434918,relay_rich,scout_belief,autonomous,degraded,degraded,full_delivery,1,54,53,1,54,12,11,2,1,0.0,0.0,97.18989916913206,0.14725742298353342,0.10798877685459118,0,0.0,0.0,0.0,0.0,0.0,0.0,0.0,0.0,0.0,0.0032842561006878822,0.0,0.0,4.0,181,0,relay_rich,relay_rich,180,0.15,0.22,12,0.9166666666666666,1.0,0.5,0.7,0.3306480773475754,1.0,74.82907308286603,1,0
527247016,relay_rich,scout_belief,autonomous,degraded,degraded,full_delivery,1,58,54,1,58,12,12,2,2,0.0,0.0,111.56712232489613,0.1575806812498533,0.12396346924988459,13,0.0,0.0,0.0,0.0,0.0,0.0,0.0,0.0,0.0,0.0021181212301158445,0.0,0.0,4.0,181,0,relay_rich,relay_rich,180,0.15,0.22,12,1.0,1.0,1.0,0.6777777777777778,0.2837241761370304,0.35,78.31658291036288,0,1
3171144404,relay_rich,scout_belief,autonomous,degraded,degraded,full_delivery,1,57,50,1,57,12,12,2,2,0.0,0.0,69.2768647690708,0.09953572524291782,0.07697429418785644,0,0.0,0.0,0.0,0.0,0.0,0.0,0.0,0.0,0.0,0.002503227583137456,0.0,0.0,4.0,181,0,relay_rich,relay_rich,180,0.15,0.22,12,1.0,1.0,1.0,0.6833333333333333,0.5475648852594645,1.0,88.59924172696584,1,0
1244226287,relay_rich,scout_belief,autonomous,degraded,degraded,full_delivery,1,56,52,1,56,12,12,2,2,0.0,0.0,70.4799792616549,0.10304090535329664,0.07831108806850545,0,0.0,0.0,0.0,0.0,0.0,0.0,0.0,0.0,0.0,0.002659844938012584,0.0,0.0,4.0,181,0,relay_rich,relay_rich,180,0.15,0.22,12,1.0,1.0,1.0,0.6888888888888889,0.5316322483941062,1.0,88.4650736997397,1,0
1804613033,relay_rich,scout_belief,autonomous,degraded,degraded,full_delivery,1,54,50,1,54,12,10,2,1,0.0,0.0,68.28269169902032,0.10345862378639442,0.07586965744335591,0,0.0,0.0,0.0,0.0,0.0,0.0,0.0,0.0,0.0,0.003163435702288825,0.0,0.0,4.0,181,0,relay_rich,relay_rich,180,0.15,0.22,12,0.8333333333333334,1.0,0.5,0.7,0.5297335282436617,1.0,75.61626939541128,1,0
1751581245,relay_rich,scout_belief,autonomous,degraded,degraded,full_delivery,1,56,53,1,56,11,10,2,1,0.08333333333333333,0.08333333333333333,94.50827206180979,0.14233173503284607,0.10500919117978866,11,0.0,0.0,0.0,0.0,0.0,0.0,0.0,0.0,0.0,0.0025260084429286132,0.0,0.0,4.0,181,0,relay_rich,relay_rich,180,0.15,0.22,12,0.8333333333333334,0.9166666666666666,0.5,0.6888888888888889,0.35303756803251785,0.44999999999999996,65.96474817467748,0,1
54228278,relay_rich,scout_belief,autonomous,degraded,degraded,full_delivery,1,57,53,1,57,11,11,2,2,0.08333333333333333,0.08333333333333333,93.18901982832654,0.14292794452197322,0.10354335536480726,11,0.0,0.0,0.0,0.0,0.0,0.0,0.0,0.0,0.0,0.004096448122168966,0.0,0.0,4.0,181,0,relay_rich,relay_rich,180,0.15,0.22,12,0.9166666666666666,0.9166666666666666,1.0,0.6833333333333333,0.35032752490012176,0.44999999999999996,76.83791868193504,0,1
2233748810,relay_rich,scout_belief,autonomous,degraded,degraded,full_delivery,1,55,52,1,55,11,10,2,1,0.08333333333333333,0.08333333333333333,82.27772738087367,0.1308071977438373,0.09141969708985963,0,0.0,0.0,0.0,0.0,0.0,0.0,0.0,0.0,0.0,0.0033804736857448135,0.0,0.0,5.5,181,0,relay_rich,relay_rich,180,0.15,0.22,12,0.8333333333333334,0.9166666666666666,0.5,0.6944444444444444,0.40542182843710317,1.0,72.28701670923056,0,1
435556102,relay_rich,scout_belief,autonomous,degraded,degraded,full_delivery,1,55,50,1,55,12,11,2,1,0.0,0.0,68.88905249623883,0.10251347097654588,0.0765433916624876,0,0.0,0.0,0.0,0.0,0.0,0.0,0.0,0.0,0.0,0.002742036525255344,0.0,0.0,4.0,181,0,relay_rich,relay_rich,180,0.15,0.22,12,0.9166666666666666,1.0,0.5,0.6944444444444444,0.5340296773793369,1.0,77.58752659442182,1,0
1455267751,relay_rich,scout_belief,autonomous,degraded,degraded,full_delivery,1,57,51,1,57,12,12,2,2,0.0,0.0,85.37247454735594,0.12266160136114358,0.0948583050526177,0,0.0,0.0,0.0,0.0,0.0,0.0,0.0,0.0,0.0,0.002563527251714409,0.0,0.0,4.0,181,0,relay_rich,relay_rich,180,0.15,0.22,12,1.0,1.0,1.0,0.6833333333333333,0.44244726654025646,1.0,87.12759506489692,1,0
4255358695,relay_rich,scout_belief,autonomous,degraded,degraded,full_delivery,1,54,53,1,54,11,9,2,1,0.08333333333333333,0.08333333333333333,95.40574613651194,0.15119769593741986,0.10600638459612437,13,0.0,0.0,0.0,0.0,0.0,0.0,0.0,0.0,0.0,0.0028371255977690697,0.0,0.0,4.0,181,0,relay_rich,relay_rich,180,0.15,0.22,12,0.75,0.9166666666666666,0.5,0.7,0.3127377457390007,0.35,62.57832844034601,0,1
1688154797,relay_rich,scout_belief,autonomous,degraded,degraded,full_delivery,1,56,53,1,56,12,11,2,1,0.0,0.0,79.07376002091877,0.11560491231128475,0.08785973335657642,0,0.0,0.0,0.0,0.0,0.0,0.0,0.0,0.0,0.0,0.0032033327878910694,0.0,0.0,4.0,181,0,relay_rich,relay_rich,180,0.15,0.22,12,0.9166666666666666,1.0,0.5,0.6888888888888889,0.47452312585779655,1.0,76.66554598423137,1,0
1989734395,relay_rich,scout_belief,autonomous,degraded,degraded,full_delivery,1,56,52,1,56,12,11,2,1,0.0,0.0,76.06153633947483,0.11120107651970004,0.08451281815497202,0,0.0,0.0,0.0,0.0,0.0,0.0,0.0,0.0,0.0,0.0023963192303417644,0.0,0.0,4.0,181,0,relay_rich,relay_rich,180,0.15,0.22,12,0.9166666666666666,1.0,0.5,0.6888888888888889,0.49454056127409074,1.0,76.9457900800595,1,0
1164963253,relay_rich,scout_belief,autonomous,degraded,degraded,full_delivery,1,57,53,1,57,11,10,2,1,0.08333333333333333,0.08333333333333333,73.12251620429781,0.11372086501446005,0.08124724022699757,8,0.0,0.0,0.0,0.0,0.0,0.0,0.0,0.0,0.0,0.003401360792229017,0.0,0.0,4.0,181,0,relay_rich,relay_rich,180,0.15,0.22,12,0.8333333333333334,0.9166666666666666,0.5,0.6833333333333333,0.4830869772069998,0.6,69.19655101423135,0,1
4018234156,relay_rich,scout_belief,autonomous,degraded,degraded,full_delivery,1,55,51,1,55,12,11,2,1,0.0,0.0,81.1372263653743,0.1207399201865689,0.09015247373930478,9,0.0,0.0,0.0,0.0,0.0,0.0,0.0,0.0,0.0,0.0019100449395090943,0.0,0.0,4.0,181,0,relay_rich,relay_rich,180,0.15,0.22,12,0.9166666666666666,1.0,0.5,0.6944444444444444,0.4511821809701414,0.55,71.92766164469309,1,0
4027272638,relay_rich,scout_belief,autonomous,degraded,degraded,full_delivery,1,56,51,1,56,12,11,2,1,0.0,0.0,65.93430357953966,0.09639518067184161,0.07326033731059962,0,0.0,0.0,0.0,0.0,0.0,0.0,0.0,0.0,0.0,0.003287154172369942,0.0,0.0,4.0,181,0,relay_rich,relay_rich,180,0.15,0.22,12,0.9166666666666666,1.0,0.5,0.6888888888888889,0.5618400878552654,1.0,77.88798345219593,1,0
312696408,relay_rich,scout_belief,autonomous,degraded,degraded,full_delivery,1,56,52,1,56,12,11,2,1,0.0,0.0,76.93890991531609,0.11248378642590072,0.08548767768368454,0,0.0,0.0,0.0,0.0,0.0,0.0,0.0,0.0,0.0,0.002590325704507063,0.0,0.0,4.0,181,0,relay_rich,relay_rich,180,0.15,0.22,12,0.9166666666666666,1.0,0.5,0.6888888888888889,0.4887100617004513,1.0,76.86416308602854,1,0
1823009567,relay_rich,scout_belief,autonomous,degraded,degraded,full_delivery,1,56,53,1,56,12,11,2,1,0.0,0.0,115.58556297252431,0.16898474118790105,0.1284284033028048,14,0.0,0.0,0.0,0.0,0.0,0.0,0.0,0.0,0.0,0.0026271259499951755,0.0,0.0,4.0,181,0,relay_rich,relay_rich,180,0.15,0.22,12,0.9166666666666666,1.0,0.5,0.6888888888888889,0.23188754005499523,0.30000000000000004,66.26864778299215,0,1
1189645985,relay_rich,scout_belief,autonomous,degraded,degraded,full_delivery,1,56,50,1,56,12,11,2,1,0.0,0.0,66.34129494278025,0.09699019728476645,0.0737125499364225,0,0.0,0.0,0.0,0.0,0.0,0.0,0.0,0.0,0.0,0.0032198737806107738,0.0,0.0,4.0,181,0,relay_rich,relay_rich,180,0.15,0.22,12,0.9166666666666666,1.0,0.5,0.6888888888888889,0.5591354668874253,1.0,77.85011875864618,1,0
2913717724,relay_rich,scout_belief,autonomous,degraded,degraded,full_delivery,1,55,53,1,55,12,11,2,1,0.0,0.0,77.91033582553182,0.11593799974037473,0.08656703980614647,0,0.0,0.0,0.0,0.0,0.0,0.0,0.0,0.0,0.0,0.0029017307068184774,0.0,0.0,4.0,181,0,relay_rich,relay_rich,180,0.15,0.22,12,0.9166666666666666,1.0,0.5,0.6944444444444444,0.4730090920892057,1.0,76.73323840035998,1,0
3677586945,relay_rich,scout_belief,autonomous,degraded,degraded,full_delivery,1,57,53,1,57,11,11,2,2,0.08333333333333333,0.08333333333333333,101.45309286183696,0.15187588751772,0.1127256587353744,0,0.0,0.0,0.0,0.0,0.0,0.0,0.0,0.0,0.0,0.004212358354339115,0.0,0.0,4.931034482758621,181,0,relay_rich,relay_rich,180,0.15,0.22,12,0.9166666666666666,0.9166666666666666,1.0,0.6833333333333333,0.3096550567376364,1.0,81.76850412766024,0,1
2033841416,relay_rich,scout_belief,crowd_vector,degraded,degraded,full_delivery,1,56,52,1,56,12,11,2,1,0.0,0.0,81.65556661777366,0.11937948335931821,0.09072840735308184,0,0.0,0.0,0.621832358674464,0.05822344967813794,0.2583968598257607,0.0,0.621832358674464,0.05822344967813794,0.0,0.004052042422678147,0.0,0.0,4.0,181,0,relay_rich,relay_rich,180,0.15,0.22,12,0.9166666666666666,1.0,0.5,0.6888888888888889,0.4573659847303718,1.0,76.42534600844742,1,0
1021311699,relay_rich,scout_belief,crowd_vector,degraded,degraded,full_delivery,1,55,50,1,55,12,11,2,1,0.0,0.0,64.44879693505835,0.09590594782002732,0.07160977437228706,0,0.0,0.0,0.6051587301587301,0.05449040596952771,0.26039255052168503,0.0,0.6051587301587301,0.05449040596952771,0.0,0.0028674529755684085,0.0,0.0,4.0,181,0,relay_rich,relay_rich,180,0.15,0.22,12,0.9166666666666666,1.0,0.5,0.6944444444444444,0.5640638735453304,1.0,78.00800534074574,1,0
1400692382,relay_rich,scout_belief,crowd_vector,degraded,degraded,full_delivery,1,56,51,1,56,12,11,2,1,0.0,0.0,89.07286708099718,0.1302234898844988,0.0989698523122191,0,0.0,0.0,0.645224171539961,0.0541531793271682,0.2503346541356408,0.0,0.645224171539961,0.0541531793271682,0.0,0.004307066802444294,0.0,0.0,4.0,181,0,relay_rich,relay_rich,180,0.15,0.22,12,0.9166666666666666,1.0,0.5,0.6888888888888889,0.4080750459795509,1.0,75.73527286593593,1,0
2765000855,relay_rich,scout_belief,crowd_vector,degraded,degraded,full_delivery,1,58,51,1,58,11,12,2,2,0.08333333333333333,0.08333333333333333,100.56553751803845,0.14305197370986977,0.11173948613115384,0,0.0,0.0,0.6384180790960451,0.04599401412557749,0.23666715865946306,0.0,0.6384180790960451,0.04599401412557749,0.0,0.005335656925992353,0.0,0.0,4.0,181,0,relay_rich,relay_rich,180,0.15,0.22,12,1.0,0.9166666666666666,1.0,0.6777777777777778,0.34976375586422825,1.0,84.24113702654364,0,1
2381209376,relay_rich,scout_belief,crowd_vector,degraded,degraded,full_delivery,1,56,52,1,56,12,12,2,2,0.0,0.0,87.90190697304045,0.12851155990210592,0.0976687855256005,8,0.0,0.0,0.649122807017544,0.05157526744141847,0.2455689628560432,0.0,0.649122807017544,0.05157526744141847,0.0,0.004191561470321924,0.0,0.0,4.0,181,0,relay_rich,relay_rich,180,0.15,0.22,12,1.0,1.0,1.0,0.6888888888888889,0.4158565458995186,0.6,82.84421386481549,1,0
407714722,relay_rich,scout_belief,crowd_vector,degraded,degraded,full_delivery,1,57,51,1,57,12,11,2,1,0.0,0.0,72.59251479000238,0.10429959021552067,0.08065834976666932,0,0.0,0.0,0.6321839080459771,0.05615068047814285,0.2523528582600611,0.0,0.6321839080459771,0.05615068047814285,0.0,0.0040657479631214105,0.0,0.0,4.0,181,0,relay_rich,relay_rich,180,0.15,0.22,12,0.9166666666666666,1.0,0.5,0.6833333333333333,0.5259109535658151,1.0,77.29608668325474,1,0
1500555912,relay_rich,scout_belief,crowd_vector,degraded,degraded,full_delivery,1,59,51,1,59,12,12,2,2,0.0,0.0,96.14681397114305,0.13353724162658756,0.10682979330127006,0,0.0,0.0,0.635185185185185,0.055630744505286586,0.2492997479851321,0.0,0.635185185185185,0.055630744505286586,0.0,0.005343518851839366,0.0,0.0,4.0,181,0,relay_rich,relay_rich,180,0.15,0.22,12,1.0,1.0,1.0,0.6722222222222223,0.3930125380609656,1.0,86.25773108840906,1,0
635819506,relay_rich,scout_belief,crowd_vector,degraded,degraded,full_delivery,1,53,52,1,53,12,10,2,1,0.0,0.0,65.3728381924652,0.10088400955627345,0.07263648688051688,0,0.0,0.0,0.6666666666666666,0.04940627917640022,0.22814165282212961,0.0,0.6666666666666666,0.04940627917640022,0.0,0.003597785687075436,0.0,0.0,4.0,181,0,relay_rich,relay_rich,180,0.15,0.22,12,0.8333333333333334,1.0,0.5,0.7055555555555555,0.5414363201987571,1.0,75.86899737167148,1,0
2207114684,relay_rich,scout_belief,crowd_vector,degraded,degraded,full_delivery,1,54,51,1,54,12,10,2,1,0.0,0.0,79.94036908283353,0.12112177133762655,0.08882263231425948,0,0.0,0.0,0.6444444444444444,0.05605631603937656,0.2554841116851897,0.0,0.6444444444444444,0.05605631603937656,0.0,0.005151237925844866,0.0,0.0,4.0,181,0,relay_rich,relay_rich,180,0.15,0.22,12,0.8333333333333334,1.0,0.5,0.7,0.44944649391987934,1.0,74.49225091487831,1,0
1085511208,relay_rich,scout_belief,crowd_vector,degraded,degraded,full_delivery,1,55,50,1,55,12,11,2,1,0.0,0.0,66.8696049498643,0.09950834069920282,0.07429956105540478,0,0.0,0.0,0.6448412698412699,0.056131806929139764,0.24673838591604952,0.0,0.6448412698412699,0.056131806929139764,0.0,0.003654367405905502,0.0,0.0,4.0,181,0,relay_rich,relay_rich,180,0.15,0.22,12,0.9166666666666666,1.0,0.5,0.6944444444444444,0.547689360458169,1.0,77.77876215752548,1,0
1429007948,relay_rich,scout_belief,crowd_vector,degraded,degraded,full_delivery,1,54,53,1,54,11,9,2,1,0.08333333333333333,0.08333333333333333,70.86021669276893,0.11229828318980813,0.07873357410307659,0,0.0,0.0,0.6484848484848484,0.05697922945805223,0.23813211620840216,0.0,0.6484848484848484,0.05697922945805223,0.0,0.003614851600033289,0.0,0.0,4.0,181,0,relay_rich,relay_rich,180,0.15,0.22,12,0.75,0.9166666666666666,0.5,0.7,0.4895532582281449,1.0,71.55374561519402,0,1
4214366725,relay_rich,scout_belief,crowd_vector,degraded,degraded,full_delivery,1,57,53,1,57,12,11,2,1,0.0,0.0,106.49273505994066,0.15300680324704116,0.11832526117771185,0,0.0,0.0,0.6455938697318009,0.05194676748935912,0.24279902227652853,0.0,0.6455938697318009,0.05194676748935912,0.0,0.005650370637972112,0.0,0.0,4.0,181,0,relay_rich,relay_rich,180,0.15,0.22,12,0.9166666666666666,1.0,0.5,0.6833333333333333,0.30451453069526746,1.0,74.19653676306707,0,1
448518144,relay_rich,scout_belief,crowd_vector,degraded,degraded,full_delivery,1,54,52,1,54,12,10,2,1,0.0,0.0,101.10557619859745,0.1531902669675719,0.11233952910955272,11,0.0,0.0,0.6545454545454544,0.048247836376528803,0.23806847746944593,0.0,0.6545454545454544,0.048247836376528803,0.0,0.005404235850241936,0.0,0.0,4.0,181,0,relay_rich,relay_rich,180,0.15,0.22,12,0.8333333333333334,1.0,0.5,0.7,0.30368060469285496,0.44999999999999996,66.95152846569998,0,1
3625204219,relay_rich,scout_belief,crowd_vector,degraded,degraded,full_delivery,1,56,51,1,56,12,12,2,2,0.0,0.0,66.19691104956816,0.09677910972159087,0.07355212338840907,0,0.0,0.0,0.6276803118908381,0.059364914315212576,0.2606824463855212,0.0,0.6276803118908381,0.059364914315212576,0.0,0.0037011754999696014,0.0,0.0,4.0,181,0,relay_rich,relay_rich,180,0.15,0.22,12,1.0,1.0,1.0,0.6888888888888889,0.5600949558109506,1.0,88.86355160357553,1,0
771867444,relay_rich,scout_belief,crowd_vector,degraded,degraded,full_delivery,1,55,52,1,55,12,10,2,1,0.0,0.0,85.51518143634347,0.127254734280273,0.09501686826260386,0,0.0,0.0,0.6567460317460316,0.049993838132450764,0.23371112453301635,0.0,0.6567460317460316,0.049993838132450764,0.0,0.003977123710307183,0.0,0.0,4.0,181,0,relay_rich,relay_rich,180,0.15,0.22,12,0.8333333333333334,1.0,0.5,0.6944444444444444,0.4215693896351227,1.0,74.01308256600284,1,0
3257970245,relay_rich,scout_belief,crowd_vector,degraded,degraded,full_delivery,1,56,50,1,56,11,10,2,1,0.08333333333333333,0.08333333333333333,64.56173662052592,0.09550552754515669,0.07173526291169546,0,0.0,0.0,0.6705653021442495,0.046153612847719884,0.22096679126641178,0.0,0.6705653021442495,0.046153612847719884,0.0,0.0034738834676994053,0.0,0.0,4.245614035087719,181,0,relay_rich,relay_rich,180,0.15,0.22,12,0.8333333333333334,0.9166666666666666,0.5,0.6888888888888889,0.5658839657038333,1.0,74.44459774207589,0,1
223376783,relay_rich,scout_belief,crowd_vector,degraded,degraded,full_delivery,1,54,51,1,54,12,11,2,1,0.0,0.0,65.67580701520988,0.09950879850789376,0.07297311890578875,0,0.0,0.0,0.6666666666666665,0.04971001302595417,0.22236617109175982,0.0,0.6666666666666665,0.04971001302595417,0.0,0.002703691731604448,0.0,0.0,4.0,181,0,relay_rich,relay_rich,180,0.15,0.22,12,0.9166666666666666,1.0,0.5,0.7,0.5476872795095737,1.0,77.86762191313402,1,0
515656042,relay_rich,scout_belief,crowd_vector,degraded,degraded,full_delivery,1,57,52,1,57,12,12,2,2,0.0,0.0,103.2898211734303,0.1484049154790665,0.11476646797047811,10,0.0,0.0,0.6149425287356322,0.05671158554769408,0.2671707580690442,0.0,0.6149425287356322,0.05671158554769408,0.0,0.005190127799643923,0.0,0.0,4.0,181,0,relay_rich,relay_rich,180,0.15,0.22,12,1.0,1.0,1.0,0.6833333333333333,0.3254322023678795,0.5,80.48938416648366,1,1
287117959,relay_rich,scout_belief,crowd_vector,degraded,degraded,full_delivery,1,57,52,1,57,10,11,2,2,0.16666666666666666,0.16666666666666666,78.35230956945101,0.12166507697119722,0.08705812174383445,0,0.0,0.0,0.6360153256704981,0.05471467774470781,0.24901787045770815,0.0,0.6360153256704981,0.05471467774470781,0.0,0.0038550059505574243,0.0,0.0,4.9655172413793105,181,0,relay_rich,relay_rich,180,0.15,0.22,12,0.9166666666666666,0.8333333333333334,1.0,0.6833333333333333,0.44697692285819446,1.0,82.19101025334805,0,1
3424604164,relay_rich,scout_belief,crowd_vector,degraded,degraded,full_delivery,1,56,51,1,56,12,12,2,2,0.0,0.0,66.4389087410637,0.097132907516175,0.073821009712293,0,0.0,0.0,0.6510721247563352,0.053785670852377745,0.24219069822801798,0.0,0.6510721247563352,0.053785670852377745,0.0,0.0041725931527848235,0.0,0.0,4.0,181,0,relay_rich,relay_rich,180,0.15,0.22,12,1.0,1.0,1.0,0.6888888888888889,0.5584867840173864,1.0,88.84103719846563,1,0
2716926423,relay_rich,scout_belief,crowd_vector,degraded,degraded,full_delivery,1,55,54,1,55,10,9,2,1,0.16666666666666666,0.16666666666666666,80.24872598735443,0.1383598723919904,0.08916525109706049,11,0.0,0.0,0.6706349206349207,0.048258527791733626,0.23257909501577828,0.0,0.6706349206349207,0.048258527791733626,0.0,0.005054270190775839,0.0,0.0,5.607142857142857,181,0,relay_rich,relay_rich,180,0.15,0.22,12,0.75,0.8333333333333334,0.5,0.6944444444444444,0.3710914891273164,0.44999999999999996,62.806391958893535,0,1
2408404167,relay_rich,scout_belief,crowd_vector,degraded,degraded,full_delivery,1,56,52,1,56,12,11,2,1,0.0,0.0,99.5507757333174,0.14554206978555176,0.11061197303701932,10,0.0,0.0,0.6081871345029239,0.06228310536284194,0.2660947002973375,0.0,0.6081871345029239,0.06228310536284194,0.0,0.0029481228452488788,0.0,0.0,4.0,181,0,relay_rich,relay_rich,180,0.15,0.22,12,0.9166666666666666,1.0,0.5,0.6888888888888889,0.3384451373384011,0.5,69.76045414495984,1,1
568321998,relay_rich,scout_belief,crowd_vector,degraded,degraded,full_delivery,1,55,52,1,55,12,11,2,1,0.0,0.0,104.9677888547309,0.15620206674811146,0.11663087650525655,10,0.0,0.0,0.6507936507936508,0.05620358948933717,0.25054297575782797,0.0,0.6507936507936508,0.05620358948933717,0.0,0.005289358994277369,0.0,0.0,4.0,181,0,relay_rich,relay_rich,180,0.15,0.22,12,0.9166666666666666,1.0,0.5,0.6944444444444444,0.28999060569040247,0.5,69.17097959077674,0,1
126357638,relay_rich,scout_belief,crowd_vector,degraded,degraded,full_delivery,1,55,52,1,55,11,11,2,2,0.08333333333333333,0.08333333333333333,79.47899873016077,0.1224637884902323,0.08830999858906752,0,0.0,0.0,0.6428571428571429,0.05344464531649695,0.2483249313658081,0.0,0.6428571428571429,0.05344464531649695,0.0,0.004214088008424735,0.0,0.0,4.785714285714286,181,0,relay_rich,relay_rich,180,0.15,0.22,12,0.9166666666666666,0.9166666666666666,1.0,0.6944444444444444,0.44334641595348956,1.0,83.81796093445996,0,1
3968724980,relay_rich,scout_belief,crowd_vector,degraded,degraded,full_delivery,1,55,51,1,55,10,9,2,1,0.16666666666666666,0.16666666666666666,88.26924043397159,0.14168417405131875,0.09807693381552399,9,0.0,0.0,0.615079365079365,0.05310734766588266,0.2528962910996529,0.0,0.615079365079365,0.05310734766588266,0.0,0.004293027031156958,0.0,0.0,5.678571428571429,181,0,relay_rich,relay_rich,180,0.15,0.22,12,0.75,0.8333333333333334,0.5,0.6944444444444444,0.3559810270394602,0.55,63.594845489663555,0,1
2067716353,relay_rich,scout_belief,crowd_vector,degraded,degraded,full_delivery,1,57,52,1,57,11,10,2,1,0.08333333333333333,0.08333333333333333,73.89637801566678,0.11029310151592057,0.08210708668407421,0,0.0,0.0,0.6647509578544062,0.05185998551133669,0.24194775956107864,0.0,0.6647509578544062,0.05185998551133669,0.0,0.003054391321559263,0.0,0.0,4.862068965517241,181,0,relay_rich,relay_rich,180,0.15,0.22,12,0.8333333333333334,0.9166666666666666,0.5,0.6833333333333333,0.4986677203821792,1.0,73.41468141868384,0,1
4100653616,relay_rich,scout_belief,crowd_vector,degraded,degraded,full_delivery,1,54,52,1,54,12,10,2,1,0.0,0.0,104.09028809090843,0.15771255771349763,0.11565587565656492,11,0.0,0.0,0.6525252525252523,0.048434923350997,0.22885117984982592,0.0,0.6525252525252523,0.048434923350997,0.0,0.003947695516806479,0.0,0.0,4.0,181,0,relay_rich,relay_rich,180,0.15,0.22,12,0.8333333333333334,1.0,0.5,0.7,0.28312473766591983,0.44999999999999996,66.6637463273229,0,1
974054660,relay_rich,scout_belief,crowd_vector,degraded,degraded,full_delivery,1,54,51,1,54,12,11,2,1,0.0,0.0,66.65919311060692,0.10099877744031352,0.07406577012289658,0,0.0,0.0,0.6808080808080808,0.051742186820131104,0.22791032281300672,0.0,0.6808080808080808,0.051742186820131104,0.0,0.003408269691317424,0.0,0.0,4.0,181,0,relay_rich,relay_rich,180,0.15,0.22,12,0.9166666666666666,1.0,0.5,0.7,0.5409146479985749,1.0,77.77280507198003,1,0
745346338,relay_rich,scout_belief,crowd_vector,degraded,degraded,full_delivery,1,54,52,1,54,11,10,2,1,0.08333333333333333,0.08333333333333333,89.84077208355907,0.14560903092959332,0.09982308009284342,10,0.0,0.0,0.6686868686868687,0.05031840291493148,0.23215439284144154,0.0,0.6686868686868687,0.05031840291493148,0.0,0.0046171032896674315,0.0,0.0,5.527272727272727,181,0,relay_rich,relay_rich,180,0.15,0.22,12,0.8333333333333334,0.9166666666666666,0.5,0.7,0.3381407685018486,0.5,66.43397075902588,0,1
238396973,relay_rich,scout_belief,crowd_vector,degraded,degraded,full_delivery,1,55,51,1,55,11,10,2,1,0.08333333333333333,0.08333333333333333,58.86309754898107,0.09540210299672783,0.06540344172109007,0,0.0,0.0,0.6388888888888887,0.053757313851930506,0.24617905417725552,0.0,0.6388888888888887,0.053757313851930506,0.0,0.003001975088859001,0.0,0.0,5.928571428571429,181,0,relay_rich,relay_rich,180,0.15,0.22,12,0.8333333333333334,0.9166666666666666,0.5,0.6944444444444444,0.5663540772876008,1.0,74.54006819313751,0,1
3801644705,relay_rich,scout_belief,crowd_vector,degraded,degraded,full_delivery,1,53,51,1,53,11,9,2,1,0.08333333333333333,0.08333333333333333,59.07857564259331,0.0966916131630005,0.06564286182510368,0,0.0,0.0,0.6111111111111112,0.059389582465512306,0.2639359424398306,0.0,0.6111111111111112,0.059389582465512306,0.0,0.003854578731400961,0.0,0.0,5.333333333333333,181,0,relay_rich,relay_rich,180,0.15,0.22,12,0.75,0.9166666666666666,0.5,0.7055555555555555,0.5604926674409068,1.0,72.63578623306158,0,1
1751450489,relay_rich,scout_belief,crowd_vector,degraded,degraded,full_delivery,1,57,53,1,57,12,11,2,1,0.0,0.0,100.31981255709769,0.14413766171996795,0.11146645839677521,0,0.0,0.0,0.6590038314176245,0.050934544455352386,0.23860456882255204,0.0,0.6590038314176245,0.050934544455352386,0.0,0.005465457232749309,0.0,0.0,4.0,181,0,relay_rich,relay_rich,180,0.15,0.22,12,0.9166666666666666,1.0,0.5,0.6833333333333333,0.3448288103637821,1.0,74.76093667842628,1,0
3026791561,relay_rich,delayed,autonomous,severe,severe,full_delivery,1,53,51,1,53,11,10,2,1,0.08333333333333333,0.08333333333333333,66.89828166269656,0.1080747684373127,0.07433142406966285,7,0.0,0.0,0.0,0.0,0.0,0.0,0.0,0.0,0.0,0.0006249687687814619,0.0,0.0,10.074074074074074,181,0,relay_rich,relay_rich,180,0.15,0.22,12,0.8333333333333334,0.9166666666666666,0.5,0.7055555555555555,0.5087510525576695,0.65,70.41140362469626,0,1
2844670112,relay_rich,delayed,autonomous,severe,severe,full_delivery,1,53,50,1,53,12,11,2,1,0.0,0.0,75.04708298241475,0.11581339966422029,0.08338564775823862,9,0.0,0.0,0.0,0.0,0.0,0.0,0.0,0.0,0.0,0.0008898683086772209,0.0,0.0,8.0,181,0,relay_rich,relay_rich,180,0.15,0.22,12,0.9166666666666666,1.0,0.5,0.7055555555555555,0.473575456071726,0.55,72.41894527389306,1,0
3139783364,relay_rich,delayed,autonomous,severe,severe,full_delivery,1,57,53,1,57,11,11,2,2,0.08333333333333333,0.08333333333333333,100.82147111459753,0.15631235831720547,0.11202385679399725,14,0.0,0.0,0.0,0.0,0.0,0.0,0.0,0.0,0.0,0.0008341873994401265,0.0,0.0,8.0,181,0,relay_rich,relay_rich,180,0.15,0.22,12,0.9166666666666666,0.9166666666666666,1.0,0.6833333333333333,0.2894892803763388,0.30000000000000004,74.48618325860207,0,1
3888497460,relay_rich,delayed,autonomous,severe,severe,full_delivery,1,56,52,1,56,11,11,2,2,0.08333333333333333,0.08333333333333333,74.80950171159486,0.11403887456035802,0.08312166856843874,0,0.0,0.0,0.0,0.0,0.0,0.0,0.0,0.0,0.0,0.00013581183644506719,0.0,0.0,8.0,181,0,relay_rich,relay_rich,180,0.15,0.22,12,0.9166666666666666,0.9166666666666666,1.0,0.6888888888888889,0.4816414792710999,1.0,84.26520293201762,0,1
1371274059,relay_rich,delayed,autonomous,severe,severe,full_delivery,1,56,52,1,56,11,10,2,1,0.08333333333333333,0.08333333333333333,100.00467622134339,0.15949709126211067,0.11111630691260377,13,0.0,0.0,0.0,0.0,0.0,0.0,0.0,0.0,0.0,0.0016441554416583171,0.0,0.0,11.929824561403509,181,0,relay_rich,relay_rich,180,0.15,0.22,12,0.8333333333333334,0.9166666666666666,0.5,0.6888888888888889,0.2750132215358606,0.35,63.872407323724275,0,1
3992610672,relay_rich,delayed,autonomous,severe,severe,full_delivery,1,57,52,1,57,12,11,2,1,0.0,0.0,104.05881769773123,0.1495097955427173,0.1156209085530347,0,0.0,0.0,0.0,0.0,0.0,0.0,0.0,0.0,0.0,0.0018351187144458531,0.0,0.0,8.0,181,0,relay_rich,relay_rich,180,0.15,0.22,12,0.9166666666666666,1.0,0.5,0.6833333333333333,0.320410020260376,1.0,74.4190736169786,1,0
2788272569,relay_rich,delayed,autonomous,severe,severe,full_delivery,1,55,51,1,55,11,10,2,1,0.08333333333333333,0.08333333333333333,72.6910942276943,0.11235099571513801,0.08076788247521588,9,0.0,0.0,0.0,0.0,0.0,0.0,0.0,0.0,0.0,0.0010049893104809267,0.0,0.0,9.714285714285714,181,0,relay_rich,relay_rich,180,0.15,0.22,12,0.8333333333333334,0.9166666666666666,0.5,0.6944444444444444,0.48931365584028175,0.55,68.96150229287507,0,1
2560154686,relay_rich,delayed,autonomous,severe,severe,full_delivery,1,56,51,1,56,11,11,2,2,0.08333333333333333,0.08333333333333333,72.59775622337733,0.11450750192961724,0.08066417358153037,9,0.0,0.0,0.0,0.0,0.0,0.0,0.0,0.0,0.0,0.0014656555032877487,0.0,0.0,11.43859649122807,181,0,relay_rich,relay_rich,180,0.15,0.22,12,0.9166666666666666,0.9166666666666666,1.0,0.6888888888888889,0.4795113548653762,0.55,79.73538119033748,0,1
1867750814,relay_rich,delayed,autonomous,severe,severe,full_delivery,1,55,53,1,55,11,10,2,1,0.08333333333333333,0.08333333333333333,85.20320020439955,0.13292230921123174,0.09467022244933283,11,0.0,0.0,0.0,0.0,0.0,0.0,0.0,0.0,0.0,0.0004794553054990653,0.0,0.0,8.0,181,0,relay_rich,relay_rich,180,0.15,0.22,12,0.8333333333333334,0.9166666666666666,0.5,0.6944444444444444,0.3958076854034921,0.44999999999999996,66.65241870676,0,1
3562346126,relay_rich,delayed,autonomous,severe,severe,full_delivery,1,55,51,1,55,11,10,2,1,0.08333333333333333,0.08333333333333333,70.55925037920615,0.11059443633104411,0.07839916708800683,8,0.0,0.0,0.0,0.0,0.0,0.0,0.0,0.0,0.0,0.0007811359100164191,0.0,0.0,8.0,181,0,relay_rich,relay_rich,180,0.15,0.22,12,0.8333333333333334,0.9166666666666666,0.5,0.6944444444444444,0.4972980166770722,0.6,69.57328334459012,0,1
2506837864,relay_rich,delayed,autonomous,severe,severe,full_delivery,1,57,49,1,57,11,11,2,2,0.08333333333333333,0.08333333333333333,69.23309283432226,0.10521746631355967,0.07692565870480252,9,0.0,0.0,0.0,0.0,0.0,0.0,0.0,0.0,0.0,0.000710515833883516,0.0,0.0,10.551724137931034,181,0,relay_rich,relay_rich,180,0.15,0.22,12,0.9166666666666666,0.9166666666666666,1.0,0.6833333333333333,0.5217387894838197,0.55,80.2376763861068,0,1
1926592270,relay_rich,delayed,autonomous,severe,severe,full_delivery,1,57,51,1,57,10,10,2,2,0.16666666666666666,0.16666666666666666,68.35091155735077,0.1076392307989776,0.0759454572859453,0,0.0,0.0,0.0,0.0,0.0,0.0,0.0,0.0,0.0,0.0017658511880803169,0.0,0.0,10.827586206896552,181,0,relay_rich,relay_rich,180,0.15,0.22,12,0.8333333333333334,0.8333333333333334,1.0,0.6833333333333333,0.5107307690955564,1.0,81.08356410067111,0,1
3528026932,relay_rich,delayed,autonomous,severe,severe,full_delivery,1,57,51,1,57,12,11,2,1,0.0,0.0,83.97777399191386,0.1206577212527498,0.09330863776879318,0,0.0,0.0,0.0,0.0,0.0,0.0,0.0,0.0,0.0,0.00039768088653260414,0.0,0.0,8.0,181,0,relay_rich,relay_rich,180,0.15,0.22,12,0.9166666666666666,1.0,0.5,0.6833333333333333,0.4515558124875009,1.0,76.25511470815833,1,0
632034662,relay_rich,delayed,autonomous,severe,severe,full_delivery,1,57,49,1,57,12,11,2,1,0.0,0.0,87.65678996011718,0.12594366373580054,0.09739643328901909,0,0.0,0.0,0.0,0.0,0.0,0.0,0.0,0.0,0.0,0.0006038635658924635,0.0,0.0,8.0,181,0,relay_rich,relay_rich,180,0.15,0.22,12,0.9166666666666666,1.0,0.5,0.6833333333333333,0.42752880120090664,1.0,75.91873655014602,1,0
1258148353,relay_rich,delayed,autonomous,severe,severe,full_delivery,1,56,53,1,56,10,9,2,1,0.16666666666666666,0.16666666666666666,79.76477889088532,0.12681204911110544,0.08862753210098369,10,0.0,0.0,0.0,0.0,0.0,0.0,0.0,0.0,0.0,0.0005629310697584524,0.0,0.0,8.0,181,0,relay_rich,relay_rich,180,0.15,0.22,12,0.75,0.8333333333333334,0.5,0.6888888888888889,0.42358159494952075,0.5,63.952364551515515,0,1
2355731204,relay_rich,delayed,autonomous,severe,severe,full_delivery,1,57,51,1,57,12,11,2,1,0.0,0.0,117.93280842672215,0.16944369026827893,0.13103645380746906,15,0.0,0.0,0.0,0.0,0.0,0.0,0.0,0.0,0.0,0.0021870207985007243,0.0,0.0,8.0,181,0,relay_rich,relay_rich,180,0.15,0.22,12,0.9166666666666666,1.0,0.5,0.6833333333333333,0.22980140787145942,0.25,65.65055304353376,0,1
550441481,relay_rich,delayed,autonomous,severe,severe,full_delivery,1,56,54,1,56,10,9,2,1,0.16666666666666666,0.16666666666666666,101.4956620065185,0.15542980399160566,0.11277295778502056,12,0.0,0.0,0.0,0.0,0.0,0.0,0.0,0.0,0.0,0.00041233472953177216,0.0,0.0,9.12280701754386,181,0,relay_rich,relay_rich,180,0.15,0.22,12,0.75,0.8333333333333334,0.5,0.6888888888888889,0.29350089094724696,0.4,61.131234695483684,0,1
3320835602,relay_rich,delayed,autonomous,severe,severe,full_delivery,1,57,53,1,57,11,11,2,2,0.08333333333333333,0.08333333333333333,102.01711227332659,0.15158560516096076,0.11335234697036288,12,0.0,0.0,0.0,0.0,0.0,0.0,0.0,0.0,0.0,0.0003874871152412273,0.0,0.0,9.517241379310345,181,0,relay_rich,relay_rich,180,0.15,0.22,12,0.9166666666666666,0.9166666666666666,1.0,0.6833333333333333,0.3109745219956329,0.4,75.78697664127219,0,1
2914295750,relay_rich,delayed,autonomous,severe,severe,full_delivery,1,56,52,1,56,11,10,2,1,0.08333333333333333,0.08333333333333333,100.05162785538509,0.15511880287656604,0.11116847539487232,0,0.0,0.0,0.0,0.0,0.0,0.0,0.0,0.0,0.0,0.0018197105106015606,0.0,0.0,8.0,181,0,relay_rich,relay_rich,180,0.15,0.22,12,0.8333333333333334,0.9166666666666666,0.5,0.6888888888888889,0.29491453237924525,1.0,70.65102567553167,0,1
3412378055,relay_rich,delayed,autonomous,severe,severe,full_delivery,1,54,52,1,54,11,10,2,1,0.08333333333333333,0.08333333333333333,73.73815481261185,0.11648997600728571,0.08193128312512428,0,0.0,0.0,0.0,0.0,0.0,0.0,0.0,0.0,0.0,0.00014242787626877698,0.0,0.0,9.89090909090909,181,0,relay_rich,relay_rich,180,0.15,0.22,12,0.8333333333333334,0.9166666666666666,0.5,0.7,0.47050010905779227,1.0,73.28700152680908,0,1
325018912,relay_rich,delayed,autonomous,severe,severe,full_delivery,1,53,52,1,53,11,9,2,1,0.08333333333333333,0.08333333333333333,88.9106682075599,0.1484318334016025,0.09878963134173321,11,0.0,0.0,0.0,0.0,0.0,0.0,0.0,0.0,0.0,0.001383024889447918,0.0,0.0,8.0,181,0,relay_rich,relay_rich,180,0.15,0.22,12,0.75,0.9166666666666666,0.5,0.7055555555555555,0.3253098481745341,0.44999999999999996,63.843226763332375,0,1
1074082853,relay_rich,delayed,autonomous,severe,severe,full_delivery,1,56,52,1,56,10,9,2,1,0.16666666666666666,0.16666666666666666,70.28063724237575,0.11137977375970799,0.07808959693597305,9,0.0,0.0,0.0,0.0,0.0,0.0,0.0,0.0,0.0,0.0016584291821701927,0.0,0.0,10.24561403508772,181,0,relay_rich,relay_rich,180,0.15,0.22,12,0.75,0.8333333333333334,0.5,0.6888888888888889,0.4937283010922364,0.55,65.43441843751354,0,1
3488594626,relay_rich,delayed,autonomous,severe,severe,full_delivery,1,57,52,1,57,12,11,2,1,0.0,0.0,79.98093543869841,0.11491513712456668,0.08886770604299823,0,0.0,0.0,0.0,0.0,0.0,0.0,0.0,0.0,0.0,0.00019924280205043459,0.0,0.0,8.0,181,0,relay_rich,relay_rich,180,0.15,0.22,12,0.9166666666666666,1.0,0.5,0.6833333333333333,0.47765846761560604,1.0,76.62055187995182,1,0
3028992471,relay_rich,delayed,autonomous,severe,severe,full_delivery,1,55,51,1,55,11,10,2,1,0.08333333333333333,0.08333333333333333,76.22989042120787,0.12216328593142287,0.08469987824578652,10,0.0,0.0,0.0,0.0,0.0,0.0,0.0,0.0,0.0,0.001230186833240252,0.0,0.0,11.357142857142858,181,0,relay_rich,relay_rich,180,0.15,0.22,12,0.8333333333333334,0.9166666666666666,0.5,0.6944444444444444,0.4447123366753506,0.5,67.83708382456602,0,1
929079236,relay_rich,delayed,autonomous,severe,severe,full_delivery,1,56,51,1,56,12,11,2,1,0.0,0.0,73.62782163409258,0.10764301408493068,0.08180869070454731,0,0.0,0.0,0.0,0.0,0.0,0.0,0.0,0.0,0.0,0.0007583786130375144,0.0,0.0,8.0,181,0,relay_rich,relay_rich,180,0.15,0.22,12,0.9166666666666666,1.0,0.5,0.6888888888888889,0.5107135723412242,1.0,77.17221223499936,1,0
3130448656,relay_rich,delayed,autonomous,severe,severe,full_delivery,1,55,53,1,55,12,11,2,1,0.0,0.0,103.04289686138354,0.1533376441389636,0.11449210762375948,12,0.0,0.0,0.0,0.0,0.0,0.0,0.0,0.0,0.0,0.0003160541259323374,0.0,0.0,8.0,181,0,relay_rich,relay_rich,180,0.15,0.22,12,0.9166666666666666,1.0,0.5,0.6944444444444444,0.30301070845925626,0.4,68.35326102954069,0,1
1419493156,relay_rich,delayed,autonomous,severe,severe,full_delivery,1,54,49,1,54,12,11,2,1,0.0,0.0,74.96032037090674,0.11357624298622233,0.08328924485656304,9,0.0,0.0,0.0,0.0,0.0,0.0,0.0,0.0,0.0,0.0002729501853620412,0.0,0.0,8.0,181,0,relay_rich,relay_rich,180,0.15,0.22,12,0.9166666666666666,1.0,0.5,0.7,0.4837443500626257,0.55,72.47242090087676,1,0
4038299996,relay_rich,delayed,autonomous,severe,severe,full_delivery,1,55,52,1,55,10,10,2,1,0.16666666666666666,0.16666666666666666,71.17729383464825,0.11668408825352172,0.07908588203849806,9,0.0,0.0,0.0,0.0,0.0,0.0,0.0,0.0,0.0,0.0008560460843317049,0.0,0.0,11.714285714285714,181,0,relay_rich,relay_rich,180,0.15,0.22,12,0.8333333333333334,0.8333333333333334,0.5,0.6944444444444444,0.4696177806658104,0.55,67.18576004043246,0,1
307067941,relay_rich,delayed,autonomous,severe,severe,full_delivery,1,55,52,1,55,11,10,2,1,0.08333333333333333,0.08333333333333333,73.53860151033898,0.11159120107790436,0.08170955723370997,8,0.0,0.0,0.0,0.0,0.0,0.0,0.0,0.0,0.0,0.0007635789297124627,0.0,0.0,8.857142857142858,181,0,relay_rich,relay_rich,180,0.15,0.22,12,0.8333333333333334,0.9166666666666666,0.5,0.6944444444444444,0.4927672678277074,0.6,69.50985286069901,0,1
489150561,relay_rich,delayed,autonomous,severe,severe,full_delivery,1,55,53,1,55,10,9,2,1,0.16666666666666666,0.16666666666666666,82.869655295711,0.1390430457981728,0.09207739477301222,12,0.0,0.0,0.0,0.0,0.0,0.0,0.0,0.0,0.0,0.0007071527893559585,0.0,0.0,11.285714285714286,181,0,relay_rich,relay_rich,180,0.15,0.22,12,0.75,0.8333333333333334,0.5,0.6944444444444444,0.36798615546285085,0.4,62.26291728759102,0,1
332008675,relay_rich,delayed,autonomous,severe,severe,full_delivery,1,55,48,1,55,12,11,2,1,0.0,0.0,72.60352744949054,0.10804096346650378,0.08067058605498949,9,0.0,0.0,0.0,0.0,0.0,0.0,0.0,0.0,0.0,0.0007535719679767865,0.0,0.0,8.0,181,0,relay_rich,relay_rich,180,0.15,0.22,12,0.9166666666666666,1.0,0.5,0.6944444444444444,0.5089047115158919,0.55,72.73577707233359,1,0
2985878956,relay_rich,delayed,autonomous,severe,severe,full_delivery,1,55,52,1,55,12,11,2,1,0.0,0.0,86.50723603243162,0.1287310060006423,0.09611915114714624,10,0.0,0.0,0.0,0.0,0.0,0.0,0.0,0.0,0.0,0.0005451611517737976,0.0,0.0,8.0,181,0,relay_rich,relay_rich,180,0.15,0.22,12,0.9166666666666666,1.0,0.5,0.6944444444444444,0.41485906363344405,0.5,70.91913800197933,1,1
2228480897,relay_rich,delayed,crowd_vector,severe,severe,full_delivery,1,57,49,1,57,12,11,2,1,0.0,0.0,67.80294646936257,0.09741802653644047,0.07533660718818062,0,0.0,0.0,0.557471264367816,0.08137602791321018,0.31467109451614833,0.0,0.557471264367816,0.08137602791321018,0.0,0.0007852634689768486,0.0,0.0,8.0,181,0,relay_rich,relay_rich,180,0.15,0.22,12,0.9166666666666666,1.0,0.5,0.6833333333333333,0.5571907884707252,1.0,77.73400437192348,1,0
1746537401,relay_rich,delayed,crowd_vector,severe,severe,full_delivery,1,57,52,1,57,12,11,2,1,0.0,0.0,95.93294733124273,0.1378346944414407,0.1065921637013808,0,0.0,0.0,0.5555555555555555,0.0839878026346633,0.3147626787388986,0.0,0.5555555555555555,0.0839878026346633,0.0,0.0014635285411929808,0.0,0.0,8.0,181,0,relay_rich,relay_rich,180,0.15,0.22,12,0.9166666666666666,1.0,0.5,0.6833333333333333,0.373478661629815,1.0,75.16203459615073,1,0
444577170,relay_rich,delayed,crowd_vector,severe,severe,full_delivery,1,56,51,1,56,12,11,2,1,0.0,0.0,63.291140064197954,0.0925309065266052,0.07032348896021995,0,0.0,0.0,0.5516569200779727,0.08522124247166367,0.3149703812441191,0.0,0.5516569200779727,0.08522124247166367,0.0,0.0007353119305553357,0.0,0.0,8.0,181,0,relay_rich,relay_rich,180,0.15,0.22,12,0.9166666666666666,1.0,0.5,0.6888888888888889,0.5794049703336127,1.0,78.13389180689279,1,0
3177118985,relay_rich,delayed,crowd_vector,severe,severe,full_delivery,1,55,54,1,55,11,10,2,1,0.08333333333333333,0.08333333333333333,96.84551012876783,0.15495281620602852,0.10760612236529758,11,0.0,0.0,0.5317460317460317,0.08666760293219315,0.3305581033561191,0.0,0.5317460317460317,0.08666760293219315,0.0,0.0011241406344081612,0.0,0.0,8.0,181,0,relay_rich,relay_rich,180,0.15,0.22,12,0.8333333333333334,0.9166666666666666,0.5,0.6944444444444444,0.2956690172453249,0.44999999999999996,65.25047735254567,0,1
761019171,relay_rich,delayed,crowd_vector,severe,severe,full_delivery,1,54,52,1,54,11,10,2,1,0.08333333333333333,0.08333333333333333,72.99704048100313,0.116795264769605,0.08110782275667014,0,0.0,0.0,0.5636363636363636,0.07602634735670538,0.3054471466340828,0.0,0.5636363636363636,0.07602634735670538,0.0,0.0009985727668749432,0.0,0.0,10.472727272727273,181,0,relay_rich,relay_rich,180,0.15,0.22,12,0.8333333333333334,0.9166666666666666,0.5,0.7,0.4691124328654318,1.0,73.26757406011603,0,1
1189047418,relay_rich,delayed,crowd_vector,severe,severe,full_delivery,1,56,53,1,56,10,11,2,1,0.16666666666666666,0.16666666666666666,87.97364065694887,0.1353440625491521,0.09774848961883208,0,0.0,0.0,0.567251461988304,0.08101866909274172,0.2967437592053566,0.0,0.567251461988304,0.08101866909274172,0.0,0.00029163218961138427,0.0,0.0,8.0,181,0,relay_rich,relay_rich,180,0.15,0.22,12,0.9166666666666666,0.8333333333333334,0.5,0.6888888888888889,0.3847997156856723,1.0,72.40941824182163,0,1
78968530,relay_rich,delayed,crowd_vector,severe,severe,full_delivery,1,54,52,1,54,11,10,2,1,0.08333333333333333,0.08333333333333333,67.91688049531213,0.11152197125667015,0.0754632005503468,0,0.0071428571428571435,0.1,0.5252525252525252,0.09846629903950943,0.33186940289163347,0.0,0.5252525252525252,0.09846629903950943,0.0,0.00034592445173367055,0.0,0.0,11.636363636363637,181,0,relay_rich,relay_rich,180,0.15,0.22,12,0.8333333333333334,0.9166666666666666,0.5,0.7,0.49308194883331746,1.0,73.60314728366643,0,1
2975367811,relay_rich,delayed,crowd_vector,severe,severe,full_delivery,1,58,50,1,58,11,11,2,2,0.08333333333333333,0.08333333333333333,70.29136177324091,0.10099333588109326,0.07810151308137879,0,0.0,0.0,0.5499058380414312,0.07914878323898737,0.3067416208398176,0.0,0.5499058380414312,0.07914878323898737,0.0,0.0007724101465603276,0.0,0.0,8.745762711864407,181,0,relay_rich,relay_rich,180,0.15,0.22,12,0.9166666666666666,0.9166666666666666,1.0,0.6777777777777778,0.540939382358667,1.0,84.91759579746578,0,1
3572655971,relay_rich,delayed,crowd_vector,severe,severe,full_delivery,1,56,50,1,56,12,11,2,1,0.0,0.0,72.71585675014313,0.10630973209085254,0.08079539638904792,0,0.0,0.0,0.5224171539961013,0.08695420207425485,0.33118648408275114,0.0,0.5224171539961013,0.08695420207425485,0.0,0.0007426513038722976,0.0,0.0,8.0,181,0,relay_rich,relay_rich,180,0.15,0.22,12,0.9166666666666666,1.0,0.5,0.6888888888888889,0.5167739450415794,1.0,77.25705745280433,1,0
2509168187,relay_rich,delayed,crowd_vector,severe,severe,full_delivery,1,58,55,1,58,9,9,2,2,0.25,0.25,74.42107823501071,0.1250774424117827,0.08269008692778967,0,0.008333333333333333,0.125,0.5386064030131826,0.08411927952438378,0.31579473757737786,0.0,0.5386064030131826,0.08411927952438378,0.0,0.0016706876339881733,0.0,0.0,13.084745762711865,181,0,relay_rich,relay_rich,180,0.15,0.22,12,0.75,0.75,1.0,0.6777777777777778,0.4314661708555332,1.0,76.3849708364219,0,1
3838705150,relay_rich,delayed,crowd_vector,severe,severe,full_delivery,1,55,51,1,55,12,11,2,1,0.0,0.0,86.25184880138237,0.12835096547824756,0.09583538755709152,0,0.0,0.0,0.5496031746031746,0.08851603833426483,0.3249735461071945,0.0,0.5496031746031746,0.08851603833426483,0.0,0.00036122414165272785,0.0,0.0,8.0,181,0,relay_rich,relay_rich,180,0.15,0.22,12,0.9166666666666666,1.0,0.5,0.6944444444444444,0.41658652055342016,1.0,75.94332239885898,1,0
3612718729,relay_rich,delayed,crowd_vector,severe,severe,full_delivery,1,57,51,1,57,12,12,2,2,0.0,0.0,71.44731862012637,0.10265419341972179,0.07938590957791819,0,0.0,0.0,0.5363984674329502,0.08816457941962978,0.3290946365221414,0.0,0.5363984674329502,0.08816457941962978,0.0,0.0008354582243545731,0.0,0.0,8.0,181,0,relay_rich,relay_rich,180,0.15,0.22,12,1.0,1.0,1.0,0.6833333333333333,0.5333900299103556,1.0,88.40079375207831,1,0
502150701,relay_rich,delayed,crowd_vector,severe,severe,full_delivery,1,56,52,1,56,10,9,2,1,0.16666666666666666,0.16666666666666666,68.19586915799363,0.11124937872429629,0.07577318795332626,0,0.0,0.0,0.5653021442495126,0.08548383865548587,0.31370032236744366,0.0,0.5653021442495126,0.08548383865548587,0.0,0.0003212326395423452,0.0,0.0,12.842105263157896,181,0,relay_rich,relay_rich,180,0.15,0.22,12,0.75,0.8333333333333334,0.5,0.6888888888888889,0.49432100579865323,1.0,69.94271630340337,0,1
47628419,relay_rich,delayed,crowd_vector,severe,severe,full_delivery,1,57,51,1,57,11,11,2,2,0.08333333333333333,0.08333333333333333,80.34600312533698,0.11746491684990787,0.08927333680592997,9,0.0,0.0,0.528735632183908,0.08569780647210598,0.3309789888676895,0.0,0.528735632183908,0.08569780647210598,0.0,0.0005061370530004568,0.0,0.0,8.758620689655173,181,0,relay_rich,relay_rich,180,0.15,0.22,12,0.9166666666666666,0.9166666666666666,1.0,0.6833333333333333,0.4660685597731461,0.55,79.45829317015736,0,1
555916748,relay_rich,delayed,crowd_vector,severe,severe,full_delivery,1,55,52,1,55,11,10,2,1,0.08333333333333333,0.08333333333333333,73.60271369229392,0.11871405434240954,0.08178079299143769,0,0.0,0.0,0.5416666666666666,0.0779118746077379,0.3037957737602955,0.0,0.5416666666666666,0.0779118746077379,0.0,0.00024380449157565252,0.0,0.0,8.0,181,0,relay_rich,relay_rich,180,0.15,0.22,12,0.8333333333333334,0.9166666666666666,0.5,0.6944444444444444,0.4603906620799566,1.0,73.05658038023051,0,1
144613508,relay_rich,delayed,crowd_vector,severe,severe,full_delivery,1,57,53,1,57,10,9,2,1,0.16666666666666666,0.16666666666666666,60.46613470910213,0.09847904675749532,0.06718459412122459,0,0.0,0.0,0.5459770114942529,0.08483275343338265,0.31793469883691905,0.0,0.5459770114942529,0.08483275343338265,0.0,0.00025266953168456954,0.0,0.0,8.0,181,0,relay_rich,relay_rich,180,0.15,0.22,12,0.75,0.8333333333333334,0.5,0.6833333333333333,0.5523679692841121,1.0,70.66648490331092,0,1
3570496927,relay_rich,delayed,crowd_vector,severe,severe,full_delivery,1,54,49,1,54,10,10,2,1,0.16666666666666666,0.16666666666666666,65.1069281993741,0.10188877652484209,0.07234103133263789,0,0.0,0.0,0.5474747474747476,0.08433903693198311,0.32385642188614044,0.0,0.5474747474747476,0.08433903693198311,0.0,0.0005236490231684064,0.0,0.0,8.945454545454545,181,0,relay_rich,relay_rich,180,0.15,0.22,12,0.8333333333333334,0.8333333333333334,0.5,0.7,0.5368691976143541,1.0,72.71616876660096,0,1
3927244425,relay_rich,delayed,crowd_vector,severe,severe,full_delivery,1,56,51,1,56,11,10,2,1,0.08333333333333333,0.08333333333333333,61.6428616324695,0.09738208788699762,0.06849206848052167,0,0.0,0.0,0.543859649122807,0.08661712838309446,0.32462829009486904,0.0,0.543859649122807,0.08661712838309446,0.0,0.0016798795495748193,0.0,0.0,11.508771929824562,181,0,relay_rich,relay_rich,180,0.15,0.22,12,0.8333333333333334,0.9166666666666666,0.5,0.6888888888888889,0.5573541459681927,1.0,74.32518026577692,0,1
3893056108,relay_rich,delayed,crowd_vector,severe,severe,full_delivery,1,58,53,1,58,11,10,2,1,0.08333333333333333,0.08333333333333333,96.91727246670654,0.14379417279926784,0.1076858582963406,0,0.0,0.0,0.5630885122410546,0.0803114458804725,0.3093200489746157,0.0,0.5630885122410546,0.0803114458804725,0.0,0.0035678139638149788,0.0,0.0,10.23728813559322,181,0,relay_rich,relay_rich,180,0.15,0.22,12,0.8333333333333334,0.9166666666666666,0.5,0.6777777777777778,0.34639012363969157,1.0,71.19390617540013,0,1
2309922482,relay_rich,delayed,crowd_vector,severe,severe,full_delivery,1,53,50,1,53,11,10,2,1,0.08333333333333333,0.08333333333333333,66.02223868298778,0.10220160786840213,0.07335804298109753,0,0.0,0.0,0.5576131687242798,0.0823395200668119,0.3083630266413164,0.0,0.5576131687242798,0.0823395200668119,0.0,0.00088466038754289,0.0,0.0,8.074074074074074,181,0,relay_rich,relay_rich,180,0.15,0.22,12,0.8333333333333334,0.9166666666666666,0.5,0.7055555555555555,0.5354472369618085,1.0,74.28515020635422,0,1
4126858319,relay_rich,delayed,crowd_vector,severe,severe,full_delivery,1,56,53,1,56,11,11,2,2,0.08333333333333333,0.08333333333333333,83.0475323423992,0.12248898575575103,0.0922750359359991,0,0.0,0.0,0.5321637426900584,0.08267008668563995,0.3132907848255538,0.0,0.5321637426900584,0.08267008668563995,0.0,0.0005290388792010274,0.0,0.0,8.350877192982455,181,0,relay_rich,relay_rich,180,0.15,0.22,12,0.9166666666666666,0.9166666666666666,1.0,0.6888888888888889,0.44323188292840443,1.0,83.72746858321987,0,1
3203989917,relay_rich,delayed,crowd_vector,severe,severe,full_delivery,1,57,53,1,57,10,10,2,1,0.16666666666666666,0.16666666666666666,92.85062367913513,0.14197343070204146,0.10316735964348347,0,0.0,0.0,0.557471264367816,0.08276926669565633,0.3223958545868114,0.0,0.557471264367816,0.08276926669565633,0.0,0.0008667152778742193,0.0,0.0,9.931034482758621,181,0,relay_rich,relay_rich,180,0.15,0.22,12,0.8333333333333334,0.8333333333333334,0.5,0.6833333333333333,0.35466622408162973,1.0,69.89866047047616,0,1
4249981982,relay_rich,delayed,crowd_vector,severe,severe,full_delivery,1,57,52,1,57,12,12,2,2,0.0,0.0,75.06152715351318,0.10784702177228905,0.08340169683723687,0,0.0,0.0,0.5210727969348657,0.07804795927476993,0.31181697485968707,0.0,0.5210727969348657,0.07804795927476993,0.0,0.0001510206140316251,0.0,0.0,8.0,181,0,relay_rich,relay_rich,180,0.15,0.22,12,1.0,1.0,1.0,0.6833333333333333,0.5097862646714134,1.0,88.07034103873312,1,0
1911190243,relay_rich,delayed,crowd_vector,severe,severe,full_delivery,1,53,52,1,53,11,9,2,1,0.08333333333333333,0.08333333333333333,65.97515922943505,0.10869054238786664,0.07330573247715005,8,0.0,0.0,0.5679012345679012,0.07179970209621407,0.2945237775882677,0.0,0.5679012345679012,0.07179970209621407,0.0,0.000913535378905552,0.0,0.0,8.0,181,0,relay_rich,relay_rich,180,0.15,0.22,12,0.75,0.9166666666666666,0.5,0.7055555555555555,0.5059520800551516,0.6,67.87221800966101,0,1
1052912457,relay_rich,delayed,crowd_vector,severe,severe,full_delivery,1,55,52,1,55,9,10,2,1,0.25,0.25,57.943457510158595,0.0936081704525987,0.06438161945573177,0,0.0071428571428571435,0.1,0.5416666666666666,0.08398896789594924,0.3168224001632458,0.0,0.5416666666666666,0.08398896789594924,0.0,0.0015676044096452266,0.0,0.0,11.571428571428571,181,0,relay_rich,relay_rich,180,0.15,0.22,12,0.8333333333333334,0.75,0.5,0.6944444444444444,0.5745083161245514,1.0,71.65422753685485,0,1
2543557246,relay_rich,delayed,crowd_vector,severe,severe,full_delivery,1,59,53,1,59,11,10,2,1,0.08333333333333333,0.08333333333333333,103.05804534446585,0.15001171083619483,0.11450893927162872,11,0.0,0.0,0.5222222222222223,0.08892604293979814,0.33128971451929945,0.0,0.5222222222222223,0.08892604293979814,0.0,0.001828794397690987,0.0,0.0,8.0,181,0,relay_rich,relay_rich,180,0.15,0.22,12,0.8333333333333334,0.9166666666666666,0.5,0.6722222222222223,0.31812858710820535,0.44999999999999996,65.20935577507045,0,1
336976115,relay_rich,delayed,crowd_vector,severe,severe,full_delivery,1,58,52,1,58,11,10,2,1,0.08333333333333333,0.08333333333333333,98.04204659872475,0.145032613311723,0.10893560733191639,11,0.0,0.0,0.5517890772128059,0.08329210195587927,0.32770683862656236,0.0,0.5517890772128059,0.08329210195587927,0.0,0.0005953139417270936,0.0,0.0,8.0,181,0,relay_rich,relay_rich,180,0.15,0.22,12,0.8333333333333334,0.9166666666666666,0.5,0.6777777777777778,0.3407608485830772,0.44999999999999996,65.61509632460752,0,1
2206142508,relay_rich,delayed,crowd_vector,severe,severe,full_delivery,1,58,53,1,58,10,10,2,2,0.16666666666666666,0.16666666666666666,84.61154063311818,0.13199928335899871,0.09401282292568687,9,0.007407407407407407,0.1111111111111111,0.5367231638418078,0.08187019135178952,0.3167987776879026,0.0,0.5367231638418078,0.08187019135178952,0.0,0.002629841507880641,0.0,0.0,10.23728813559322,181,0,relay_rich,relay_rich,180,0.15,0.22,12,0.8333333333333334,0.8333333333333334,1.0,0.6777777777777778,0.4000032574590967,0.55,74.9444900488718,0,1
1403226568,relay_rich,delayed,crowd_vector,severe,severe,full_delivery,1,57,50,1,57,12,11,2,1,0.0,0.0,68.90377684908849,0.09899967938087427,0.07655975205454277,0,0.0,0.0,0.5613026819923372,0.07974418591067436,0.3104459681215985,0.0,0.5613026819923372,0.07974418591067436,0.0,0.00032085987923067167,0.0,0.0,8.0,181,0,relay_rich,relay_rich,180,0.15,0.22,12,0.9166666666666666,1.0,0.5,0.6833333333333333,0.5500014573596624,1.0,77.6333537363686,1,0
234472191,relay_rich,delayed,crowd_vector,severe,severe,full_delivery,1,57,54,1,57,10,9,2,1,0.16666666666666666,0.16666666666666666,99.00911975978302,0.16046858956204704,0.11001013306642558,14,0.0,0.0,0.53639846743295,0.08262953380867112,0.31882969171776765,0.0,0.53639846743295,0.08262953380867112,0.0,0.0015982799440243773,0.0,0.0,8.0,181,0,relay_rich,relay_rich,180,0.15,0.22,12,0.75,0.8333333333333334,0.5,0.6833333333333333,0.2705973201725135,0.30000000000000004,59.72169581574853,0,1
2967253089,relay_rich,delayed,crowd_vector,severe,severe,full_delivery,1,57,54,1,57,9,9,2,2,0.25,0.25,86.75996974847615,0.14780233347270214,0.09639996638719572,14,0.0,0.0,0.5613026819923372,0.08213324468312894,0.3131174499204009,0.0,0.5613026819923372,0.08213324468312894,0.0,0.0018482447881355837,0.0,0.0,10.551724137931034,181,0,relay_rich,relay_rich,180,0.15,0.22,12,0.75,0.75,1.0,0.6833333333333333,0.32817121148771755,0.30000000000000004,68.02773029416139,0,1
985647649,relay_rich,delayed,crowd_vector,severe,severe,full_delivery,1,53,51,1,53,12,11,2,1,0.0,0.0,65.26722056211797,0.10072101938598452,0.07251913395790885,0,0.0,0.0,0.551440329218107,0.08115834463467637,0.31024703249105506,0.0,0.551440329218107,0.08115834463467637,0.0,0.0008961260886802877,0.0,0.0,8.0,181,0,relay_rich,relay_rich,180,0.15,0.22,12,0.9166666666666666,1.0,0.5,0.7055555555555555,0.5421771846091613,1.0,77.87936947341714,1,0
3974088942,relay_rich,scout_belief,autonomous,severe,severe,full_delivery,1,53,51,1,53,11,10,2,1,0.08333333333333333,0.08333333333333333,61.962704605851584,0.10124624935596664,0.06884744956205732,0,0.0,0.0,0.0,0.0,0.0,0.0,0.0,0.0,0.0,0.0025366738246313456,0.0,0.0,10.592592592592593,181,0,relay_rich,relay_rich,180,0.15,0.22,12,0.8333333333333334,0.9166666666666666,0.5,0.7055555555555555,0.5397897756546971,1.0,74.34594574805465,0,1
2605727746,relay_rich,scout_belief,autonomous,severe,severe,full_delivery,1,57,53,1,57,11,10,2,1,0.08333333333333333,0.08333333333333333,112.37771793914125,0.1700116761560382,0.12486413104349027,14,0.0,0.0,0.0,0.0,0.0,0.0,0.0,0.0,0.0,0.002469281781303538,0.0,0.0,8.0,181,0,relay_rich,relay_rich,180,0.15,0.22,12,0.8333333333333334,0.9166666666666666,0.5,0.6833333333333333,0.22721965383618992,0.30000000000000004,62.614408487039995,0,1
3057291896,relay_rich,scout_belief,autonomous,severe,severe,full_delivery,1,55,51,1,55,11,10,2,1,0.08333333333333333,0.08333333333333333,63.27578611463268,0.10238800342173573,0.07030642901625854,0,0.0,0.0,0.0,0.0,0.0,0.0,0.0,0.0,0.0,0.0035828619304255275,0.0,0.0,11.785714285714286,181,0,relay_rich,relay_rich,180,0.15,0.22,12,0.8333333333333334,0.9166666666666666,0.5,0.6944444444444444,0.5345999844466558,1.0,74.09551089336429,0,1
1755492361,relay_rich,scout_belief,autonomous,severe,severe,full_delivery,1,56,53,1,56,10,10,2,2,0.16666666666666666,0.16666666666666666,96.59437690623528,0.15283920396556216,0.10732708545137254,13,0.0,0.0,0.0,0.0,0.0,0.0,0.0,0.0,0.0,0.0029285517224685,0.0,0.0,11.508771929824562,181,0,relay_rich,relay_rich,180,0.15,0.22,12,0.8333333333333334,0.8333333333333334,1.0,0.6888888888888889,0.3052763456110811,0.35,71.79609106077737,0,1
576226709,relay_rich,scout_belief,autonomous,severe,severe,full_delivery,1,56,52,1,56,11,11,2,2,0.08333333333333333,0.08333333333333333,86.43864040838704,0.13786067050779433,0.09604293378709672,11,0.0,0.0,0.0,0.0,0.0,0.0,0.0,0.0,0.0,0.002010377207044897,0.0,0.0,11.929824561403509,181,0,relay_rich,relay_rich,180,0.15,0.22,12,0.9166666666666666,0.9166666666666666,1.0,0.6888888888888889,0.3733605886009349,0.44999999999999996,77.24927046263531,0,1
1831057905,relay_rich,scout_belief,autonomous,severe,severe,full_delivery,1,55,54,1,55,10,10,2,1,0.16666666666666666,0.16666666666666666,75.22100087328651,0.12093408500528378,0.08357888985920724,9,0.0,0.0,0.0,0.0,0.0,0.0,0.0,0.0,0.0,0.0028004538400623075,0.0,0.0,11.214285714285714,181,0,relay_rich,relay_rich,180,0.15,0.22,12,0.8333333333333334,0.8333333333333334,0.5,0.6944444444444444,0.4502996136123465,0.55,66.91530570168396,0,1
2253001657,relay_rich,scout_belief,autonomous,severe,severe,full_delivery,1,54,51,1,54,11,9,2,1,0.08333333333333333,0.08333333333333333,110.8207586638866,0.1710196892961213,0.12313417629320733,13,0.0,0.0,0.0,0.0,0.0,0.0,0.0,0.0,0.0,0.002391433155235947,0.0,0.0,8.0,181,0,relay_rich,relay_rich,180,0.15,0.22,12,0.75,0.9166666666666666,0.5,0.7,0.2226377759267214,0.35,61.316928862974095,0,1
1321453944,relay_rich,scout_belief,autonomous,severe,severe,full_delivery,1,56,54,1,56,12,11,2,1,0.0,0.0,120.19954795719266,0.1757303332707495,0.13355505328576964,14,0.0,0.0,0.0,0.0,0.0,0.0,0.0,0.0,0.0,0.0029716450423438487,0.0,0.0,8.0,181,0,relay_rich,relay_rich,180,0.15,0.22,12,0.9166666666666666,1.0,0.5,0.6888888888888889,0.20122575786022956,0.30000000000000004,65.83938283226544,0,1
3647334806,relay_rich,scout_belief,autonomous,severe,severe,full_delivery,1,54,51,1,54,12,11,2,1,0.0,0.0,67.51742082159923,0.10229912245696852,0.07501935646844358,8,0.0,0.0,0.0,0.0,0.0,0.0,0.0,0.0,0.0,0.0022628151015396075,0.0,0.0,8.0,181,0,relay_rich,relay_rich,180,0.15,0.22,12,0.9166666666666666,1.0,0.5,0.7,0.5350039888319613,0.6,73.69005584364746,1,0
3746727588,relay_rich,scout_belief,autonomous,severe,severe,full_delivery,1,56,52,1,56,12,11,2,1,0.0,0.0,112.12325246027949,0.1639228837138589,0.12458139162253276,13,0.0,0.0,0.0,0.0,0.0,0.0,0.0,0.0,0.0,0.0029520706084100058,0.0,0.0,8.0,181,0,relay_rich,relay_rich,180,0.15,0.22,12,0.9166666666666666,1.0,0.5,0.6888888888888889,0.2548959831188231,0.35,67.09076598588575,0,1
868468957,relay_rich,scout_belief,autonomous,severe,severe,full_delivery,1,56,52,1,56,11,10,2,1,0.08333333333333333,0.08333333333333333,82.65351994482067,0.12172830625157684,0.09183724438313408,0,0.0,0.0,0.0,0.0,0.0,0.0,0.0,0.0,0.0,0.003922488252448542,0.0,0.0,8.280701754385966,181,0,relay_rich,relay_rich,180,0.15,0.22,12,0.8333333333333334,0.9166666666666666,0.5,0.6888888888888889,0.4466895170382871,1.0,72.77587546075824,0,1
1596118567,relay_rich,scout_belief,autonomous,severe,severe,full_delivery,1,55,52,1,55,12,11,2,1,0.0,0.0,84.3940070118418,0.1255863199580979,0.09377111890204644,10,0.0,0.0,0.0,0.0,0.0,0.0,0.0,0.0,0.0,0.0020981440756126088,0.0,0.0,8.0,181,0,relay_rich,relay_rich,180,0.15,0.22,12,0.9166666666666666,1.0,0.5,0.6944444444444444,0.429153091099555,0.5,71.11925438650488,1,1
67640747,relay_rich,scout_belief,autonomous,severe,severe,full_delivery,1,56,51,1,56,11,10,2,1,0.08333333333333333,0.08333333333333333,70.41293918887318,0.10766504463130457,0.07823659909874799,0,0.0,0.0,0.0,0.0,0.0,0.0,0.0,0.0,0.0,0.0022900601193140894,0.0,0.0,10.035087719298245,181,0,relay_rich,relay_rich,180,0.15,0.22,12,0.8333333333333334,0.9166666666666666,0.5,0.6888888888888889,0.5106134334940702,1.0,73.6708102911392,0,1
1114437481,relay_rich,scout_belief,autonomous,severe,severe,full_delivery,1,55,51,1,55,12,11,2,1,0.0,0.0,84.57683046127472,0.1258583786626112,0.09397425606808303,0,0.0,0.0,0.0,0.0,0.0,0.0,0.0,0.0,0.0,0.0030372404137248565,0.0,0.0,8.0,181,0,relay_rich,relay_rich,180,0.15,0.22,12,0.9166666666666666,1.0,0.5,0.6944444444444444,0.4279164606244945,1.0,76.10194155985403,1,0
3968415479,relay_rich,scout_belief,autonomous,severe,severe,full_delivery,1,56,53,1,56,10,9,2,1,0.16666666666666666,0.16666666666666666,69.68172529779726,0.10853851292491784,0.07742413921977473,0,0.0,0.0,0.0,0.0,0.0,0.0,0.0,0.0,0.0,0.003738552710513642,0.0,0.0,9.192982456140351,181,0,relay_rich,relay_rich,180,0.15,0.22,12,0.75,0.8333333333333334,0.5,0.6888888888888889,0.5066431230685553,1.0,70.115225945182,0,1
1558555302,relay_rich,scout_belief,autonomous,severe,severe,full_delivery,1,55,52,1,55,11,10,2,1,0.08333333333333333,0.08333333333333333,80.0089280344978,0.1252095900383377,0.08889880892721978,10,0.0,0.0,0.0,0.0,0.0,0.0,0.0,0.0,0.0,0.0028805271340177907,0.0,0.0,8.0,181,0,relay_rich,relay_rich,180,0.15,0.22,12,0.8333333333333334,0.9166666666666666,0.5,0.6944444444444444,0.43086549982573774,0.5,67.64322810867145,0,1
686141426,relay_rich,scout_belief,autonomous,severe,severe,full_delivery,1,56,52,1,56,11,10,2,1,0.08333333333333333,0.08333333333333333,89.01641717676956,0.13843921800430725,0.09890713019641063,10,0.0,0.0,0.0,0.0,0.0,0.0,0.0,0.0,0.0,0.004355122826073835,0.0,0.0,8.0,181,0,relay_rich,relay_rich,180,0.15,0.22,12,0.8333333333333334,0.9166666666666666,0.5,0.6888888888888889,0.3707308272531489,0.5,66.71245380376631,0,1
2371505844,relay_rich,scout_belief,autonomous,severe,severe,full_delivery,1,55,50,1,55,12,11,2,1,0.0,0.0,74.2889193887423,0.11054898718562842,0.08254324376526923,8,0.0,0.0,0.0,0.0,0.0,0.0,0.0,0.0,0.0,0.002478999072432555,0.0,0.0,8.0,181,0,relay_rich,relay_rich,180,0.15,0.22,12,0.9166666666666666,1.0,0.5,0.6944444444444444,0.49750460370168903,0.6,73.07617556293475,1,0
2005806784,relay_rich,scout_belief,autonomous,severe,severe,full_delivery,1,57,53,1,57,10,10,2,1,0.16666666666666666,0.16666666666666666,87.2420377905493,0.13674300594129984,0.09693559754505478,11,0.0,0.0,0.0,0.0,0.0,0.0,0.0,0.0,0.0,0.002254989552224162,0.0,0.0,8.0,181,0,relay_rich,relay_rich,180,0.15,0.22,12,0.8333333333333334,0.8333333333333334,0.5,0.6833333333333333,0.3784408820850007,0.44999999999999996,64.73150568252336,0,1
3424007622,relay_rich,scout_belief,autonomous,severe,severe,full_delivery,1,55,51,1,55,12,12,2,2,0.0,0.0,69.81695226157598,0.10389427419877377,0.07757439140175108,7,0.0,0.0,0.0,0.0,0.0,0.0,0.0,0.0,0.0,0.002885804044567486,0.0,0.0,8.0,181,0,relay_rich,relay_rich,180,0.15,0.22,12,1.0,1.0,1.0,0.6944444444444444,0.5277532990964828,0.65,84.99965729846186,1,0
3437632094,relay_rich,scout_belief,autonomous,severe,severe,full_delivery,1,56,51,1,56,12,12,2,2,0.0,0.0,77.53981214229978,0.11336229845365466,0.08615534682477753,0,0.0,0.0,0.0,0.0,0.0,0.0,0.0,0.0,0.0,0.004516401721895126,0.0,0.0,8.0,181,0,relay_rich,relay_rich,180,0.15,0.22,12,1.0,1.0,1.0,0.6888888888888889,0.4847168252106606,1.0,87.80825777517146,1,0
495920073,relay_rich,scout_belief,autonomous,severe,severe,full_delivery,1,57,51,1,57,12,12,2,2,0.0,0.0,83.61857795640479,0.12014163499483448,0.092909531062672,10,0.0,0.0,0.0,0.0,0.0,0.0,0.0,0.0,0.0,0.0027007766659203803,0.0,0.0,8.0,181,0,relay_rich,relay_rich,180,0.15,0.22,12,1.0,1.0,1.0,0.6833333333333333,0.45390165911438873,0.5,82.28795656093479,1,1
608117586,relay_rich,scout_belief,autonomous,severe,severe,full_delivery,1,57,52,1,57,11,10,2,1,0.08333333333333333,0.08333333333333333,110.2812289581189,0.16410897166386743,0.12253469884235434,13,0.0,0.0,0.0,0.0,0.0,0.0,0.0,0.0,0.0,0.0027789924174228538,0.0,0.0,9.586206896551724,181,0,relay_rich,relay_rich,180,0.15,0.22,12,0.8333333333333334,0.9166666666666666,0.5,0.6833333333333333,0.2540501288006026,0.35,63.49003513654178,0,1
3831138580,relay_rich,scout_belief,autonomous,severe,severe,full_delivery,1,54,53,1,54,11,10,2,1,0.08333333333333333,0.08333333333333333,112.97710817854869,0.1787612471179568,0.12553012019838744,14,0.0,0.0,0.0,0.0,0.0,0.0,0.0,0.0,0.0,0.0029227944640422333,0.0,0.0,8.0,181,0,relay_rich,relay_rich,180,0.15,0.22,12,0.8333333333333334,0.9166666666666666,0.5,0.7,0.18744887673656008,0.30000000000000004,62.324284274311836,0,1
1409552019,relay_rich,scout_belief,autonomous,severe,severe,full_delivery,1,56,53,1,56,11,10,2,1,0.08333333333333333,0.08333333333333333,100.62653457163495,0.1567391504231074,0.11180726063514994,13,0.0,0.0,0.0,0.0,0.0,0.0,0.0,0.0,0.0,0.004005778071581416,0.0,0.0,8.0,181,0,relay_rich,relay_rich,180,0.15,0.22,12,0.8333333333333334,0.9166666666666666,0.5,0.6888888888888889,0.2875493162586027,0.35,64.04791264984267,0,1
1785511568,relay_rich,scout_belief,autonomous,severe,severe,full_delivery,1,56,53,1,56,12,11,2,1,0.0,0.0,100.365930661656,0.14673381675680702,0.11151770073517332,11,0.0,0.0,0.0,0.0,0.0,0.0,0.0,0.0,0.0,0.002231946409123689,0.0,0.0,8.0,181,0,relay_rich,relay_rich,180,0.15,0.22,12,0.9166666666666666,1.0,0.5,0.6888888888888889,0.33302810565087715,0.44999999999999996,69.18461570133451,0,1
1657277193,relay_rich,scout_belief,autonomous,severe,severe,full_delivery,1,56,52,1,56,12,11,2,1,0.0,0.0,81.9852568041913,0.11986148655583523,0.09109472978243477,9,0.0,0.0,0.0,0.0,0.0,0.0,0.0,0.0,0.0,0.0021918567641176783,0.0,0.0,8.0,181,0,relay_rich,relay_rich,180,0.15,0.22,12,0.9166666666666666,1.0,0.5,0.6888888888888889,0.45517506110983985,0.55,71.89467307775999,1,0
2328912617,relay_rich,scout_belief,autonomous,severe,severe,full_delivery,1,56,52,1,56,10,10,2,2,0.16666666666666666,0.16666666666666666,61.928872775627916,0.09892791178215322,0.06880985863958658,0,0.0,0.0,0.0,0.0,0.0,0.0,0.0,0.0,0.0,0.004296533265285151,0.0,0.0,8.56140350877193,181,0,relay_rich,relay_rich,180,0.15,0.22,12,0.8333333333333334,0.8333333333333334,1.0,0.6888888888888889,0.5503276737174854,1.0,81.72680965426702,0,1
3317237672,relay_rich,scout_belief,autonomous,severe,severe,full_delivery,1,57,52,1,57,12,11,2,1,0.0,0.0,99.16867128821548,0.14248372311525212,0.11018741254246164,0,0.0,0.0,0.0,0.0,0.0,0.0,0.0,0.0,0.0,0.004134794068675771,0.0,0.0,8.0,181,0,relay_rich,relay_rich,180,0.15,0.22,12,0.9166666666666666,1.0,0.5,0.6833333333333333,0.35234671311249033,1.0,74.8661873169082,1,0
1479723985,relay_rich,scout_belief,autonomous,severe,severe,full_delivery,1,55,53,1,55,10,9,2,1,0.16666666666666666,0.16666666666666666,96.19406023820018,0.15769518071836094,0.10688228915355576,0,0.0,0.0,0.0,0.0,0.0,0.0,0.0,0.0,0.0,0.004463453941128465,0.0,0.0,12.285714285714286,181,0,relay_rich,relay_rich,180,0.15,0.22,12,0.75,0.8333333333333334,0.5,0.6944444444444444,0.2832037240074503,1.0,67.07596324721541,0,1
3118105947,relay_rich,scout_belief,autonomous,severe,severe,full_delivery,1,57,53,1,57,9,9,2,1,0.25,0.25,98.92271806761131,0.1512579786966534,0.10991413118623479,12,0.0,0.0,0.0,0.0,0.0,0.0,0.0,0.0,0.0,0.0023950267787608112,0.0,0.0,10.0,181,0,relay_rich,relay_rich,180,0.15,0.22,12,0.75,0.75,0.5,0.6833333333333333,0.31246373319703,0.4,59.80782559809176,0,1
2739521407,relay_rich,scout_belief,autonomous,severe,severe,full_delivery,1,54,49,1,54,11,10,2,1,0.08333333333333333,0.08333333333333333,65.0621082343928,0.10262162182080882,0.07229123137154755,0,0.0,0.0,0.0,0.0,0.0,0.0,0.0,0.0,0.0,0.0033183669482948447,0.0,0.0,9.818181818181818,181,0,relay_rich,relay_rich,180,0.15,0.22,12,0.8333333333333334,0.9166666666666666,0.5,0.7,0.5335380826326872,1.0,74.16953315685761,0,1
3089924037,relay_rich,scout_belief,crowd_vector,severe,severe,full_delivery,1,55,51,1,55,12,11,2,1,0.0,0.0,64.47682979945888,0.09594766339205191,0.07164092199939875,0,0.0,0.0,0.5496031746031746,0.08028948675360005,0.3095054682459773,0.0,0.5496031746031746,0.08028948675360005,0.0,0.0038235636652365385,0.0,0.0,8.0,181,0,relay_rich,relay_rich,180,0.15,0.22,12,0.9166666666666666,1.0,0.5,0.6944444444444444,0.563874257308855,1.0,78.00535071343508,1,0
2472621745,relay_rich,scout_belief,crowd_vector,severe,severe,full_delivery,1,55,51,1,55,12,11,2,1,0.0,0.0,78.49784087616315,0.11681226320857611,0.08721982319573683,9,0.0,0.0,0.5416666666666667,0.09022167972149832,0.32556964130761973,0.0,0.5416666666666667,0.09022167972149832,0.0,0.003518679725582681,0.0,0.0,8.0,181,0,relay_rich,relay_rich,180,0.15,0.22,12,0.9166666666666666,1.0,0.5,0.6944444444444444,0.46903516723374494,0.55,72.17760345238354,1,0
733659717,relay_rich,scout_belief,crowd_vector,severe,severe,full_delivery,1,59,51,1,59,12,12,2,2,0.0,0.0,89.65648709999441,0.12452289874999223,0.09961831899999378,0,0.0,0.0,0.5759259259259258,0.06717352677737795,0.2847123992486328,0.0,0.5759259259259258,0.06717352677737795,0.0,0.004540134805519346,0.0,0.0,8.0,181,0,relay_rich,relay_rich,180,0.15,0.22,12,1.0,1.0,1.0,0.6722222222222223,0.4339868238636717,1.0,86.83137108964695,1,0
1851564225,relay_rich,scout_belief,crowd_vector,severe,severe,full_delivery,1,56,49,1,56,10,9,2,1,0.16666666666666666,0.16666666666666666,63.5955248858127,0.1065251673129191,0.07066169431756966,0,0.007407407407407407,0.1111111111111111,0.5419103313840156,0.09055066007817039,0.32276661021586706,0.0,0.5419103313840156,0.09055066007817039,0.0,0.0037149339279039357,0.0,0.0,13.964912280701755,181,0,relay_rich,relay_rich,180,0.15,0.22,12,0.75,0.8333333333333334,0.5,0.6888888888888889,0.5157946940321859,1.0,70.24334793867283,0,1
3024889332,relay_rich,scout_belief,crowd_vector,severe,severe,full_delivery,1,57,52,1,57,11,10,2,1,0.08333333333333333,0.08333333333333333,86.86742751191228,0.1264445815311678,0.09651936390212476,0,0.0,0.0,0.5114942528735632,0.08711055472576318,0.3301792706376602,0.0,0.5114942528735632,0.08711055472576318,0.0,0.0034183769343494315,0.0,0.0,8.551724137931034,181,0,relay_rich,relay_rich,180,0.15,0.22,12,0.8333333333333334,0.9166666666666666,0.5,0.6833333333333333,0.42525190213105546,1.0,72.3868599631681,0,1
2878344747,relay_rich,scout_belief,crowd_vector,severe,severe,full_delivery,1,55,51,1,55,11,10,2,1,0.08333333333333333,0.08333333333333333,88.93825509101403,0.13767531747834988,0.09882028343446003,9,0.0,0.0,0.5575396825396826,0.07624700581191195,0.2992252418100905,0.0,0.5575396825396826,0.07624700581191195,0.0,0.004436237375412104,0.0,0.0,9.785714285714286,181,0,relay_rich,relay_rich,180,0.15,0.22,12,0.8333333333333334,0.9166666666666666,0.5,0.6944444444444444,0.37420310237113696,0.55,67.34995454430704,0,1
1387491738,relay_rich,scout_belief,crowd_vector,severe,severe,full_delivery,1,56,53,1,56,9,9,2,1,0.25,0.25,55.96760736692419,0.09767470744663907,0.06218623040769355,0,0.0,0.0,0.5692007797270955,0.08302728783171714,0.3030109166721635,0.0,0.5692007797270955,0.08302728783171714,0.0,0.0041570417921462524,0.0,0.0,14.24561403508772,181,0,relay_rich,relay_rich,180,0.15,0.22,12,0.75,0.75,0.5,0.6888888888888889,0.5560240570607315,1.0,69.30655902107247,0,1
553639410,relay_rich,scout_belief,crowd_vector,severe,severe,full_delivery,1,55,52,1,55,12,11,2,1,0.0,0.0,81.09175745656,0.12067225811988096,0.09010195272951112,0,0.0,0.0,0.5456349206349206,0.08523932850990061,0.32457638449280896,0.0,0.5456349206349206,0.08523932850990061,0.0,0.003645396424053607,0.0,0.0,8.0,181,0,relay_rich,relay_rich,180,0.15,0.22,12,0.9166666666666666,1.0,0.5,0.6944444444444444,0.451489735818723,1.0,76.43196741257321,1,0
60955830,relay_rich,scout_belief,crowd_vector,severe,severe,full_delivery,1,55,53,1,55,10,9,2,1,0.16666666666666666,0.16666666666666666,80.62492272104089,0.1319556836678247,0.08958324746782322,11,0.0,0.0,0.5396825396825397,0.09456673657366246,0.33364715209718615,0.0,0.5396825396825397,0.09456673657366246,0.0,0.004788989125636751,0.0,0.0,9.785714285714286,181,0,relay_rich,relay_rich,180,0.15,0.22,12,0.75,0.8333333333333334,0.5,0.6944444444444444,0.40020143787352414,0.44999999999999996,63.21393124134045,0,1
2888919904,relay_rich,scout_belief,crowd_vector,severe,severe,full_delivery,1,57,52,1,57,10,10,2,1,0.16666666666666666,0.16666666666666666,61.908646460193566,0.09969186225474004,0.06878738495577062,0,0.0,0.0,0.5747126436781609,0.08006826557824046,0.29054316575994377,0.0,0.5747126436781609,0.08006826557824046,0.0,0.0039129116575557,0.0,0.0,11.10344827586207,181,0,relay_rich,relay_rich,180,0.15,0.22,12,0.8333333333333334,0.8333333333333334,0.5,0.6833333333333333,0.5468551715693635,1.0,72.58930573530444,0,1
2694203008,relay_rich,scout_belief,crowd_vector,severe,severe,full_delivery,1,56,53,1,56,12,11,2,1,0.0,0.0,86.14108918701265,0.12593726489329335,0.09571232131890295,0,0.0,0.0,0.5243664717348928,0.0881156351710166,0.33011733950954786,0.0,0.5243664717348928,0.0881156351710166,0.0,0.004695815960497272,0.0,0.0,8.0,181,0,relay_rich,relay_rich,180,0.15,0.22,12,0.9166666666666666,1.0,0.5,0.6888888888888889,0.4275578868486666,1.0,76.00803263810356,1,0
2108399046,relay_rich,scout_belief,crowd_vector,severe,severe,full_delivery,1,54,52,1,54,12,9,2,1,0.0,0.0,98.61916559033511,0.14942297816717443,0.1095768506559279,0,0.0,0.0,0.5717171717171717,0.07523523454630504,0.2986547404957235,0.0,0.5717171717171717,0.07523523454630504,0.0,0.006664200051782998,0.0,0.0,8.0,181,0,relay_rich,relay_rich,180,0.15,0.22,12,0.75,1.0,0.5,0.7,0.32080464469466174,1.0,70.69126502572527,1,0
1702751252,relay_rich,scout_belief,crowd_vector,severe,severe,full_delivery,1,57,53,1,57,10,10,2,1,0.16666666666666666,0.16666666666666666,99.09641279229218,0.15340001980230988,0.1101071253247691,12,0.0,0.0,0.578544061302682,0.07689760496821432,0.29868495795171257,0.0,0.578544061302682,0.07689760496821432,0.0,0.006000872558698404,0.0,0.0,8.0,181,0,relay_rich,relay_rich,180,0.15,0.22,12,0.8333333333333334,0.8333333333333334,0.5,0.6833333333333333,0.30272718271677324,0.4,63.17151389136817,0,1
1596067460,relay_rich,scout_belief,crowd_vector,severe,severe,full_delivery,1,56,51,1,56,12,12,2,2,0.0,0.0,69.2949353559537,0.10130838502332412,0.07699437261772633,0,0.0,0.0,0.5594541910331384,0.08590447180584163,0.315009992835842,0.0,0.5594541910331384,0.08590447180584163,0.0,0.00358218338092825,0.0,0.0,8.0,181,0,relay_rich,relay_rich,180,0.15,0.22,12,1.0,1.0,1.0,0.6888888888888889,0.5395073408030722,1.0,88.57532499346523,1,0
2253130629,relay_rich,scout_belief,crowd_vector,severe,severe,full_delivery,1,56,50,1,56,11,10,2,1,0.08333333333333333,0.08333333333333333,70.887062457899,0.10439920833269367,0.0787634027309989,0,0.0,0.0,0.5165692007797272,0.09286249599785314,0.3381643347143554,0.0,0.5165692007797272,0.09286249599785314,0.0,0.0030484398574529468,0.0,0.0,8.280701754385966,181,0,relay_rich,relay_rich,180,0.15,0.22,12,0.8333333333333334,0.9166666666666666,0.5,0.6888888888888889,0.5254581439423015,1.0,73.87863623741445,0,1
47206016,relay_rich,scout_belief,crowd_vector,severe,severe,full_delivery,1,55,52,1,55,12,11,2,1,0.0,0.0,65.49153520169024,0.0974576416691819,0.07276837244632249,0,0.0,0.0,0.5654761904761905,0.0764492824751241,0.3008148191471713,0.0,0.5654761904761905,0.0764492824751241,0.0,0.0031463985389708917,0.0,0.0,8.0,181,0,relay_rich,relay_rich,180,0.15,0.22,12,0.9166666666666666,1.0,0.5,0.6944444444444444,0.5570107196855368,1.0,77.90926118670862,1,0
3214968138,relay_rich,scout_belief,crowd_vector,severe,severe,full_delivery,1,57,52,1,57,10,10,2,1,0.16666666666666666,0.16666666666666666,89.61658972472334,0.13702842465554027,0.09957398858302594,0,0.0,0.0,0.5593869731800766,0.07768752506152105,0.3070546580205299,0.0,0.5593869731800766,0.07768752506152105,0.0,0.005701969486994782,0.0,0.0,10.758620689655173,181,0,relay_rich,relay_rich,180,0.15,0.22,12,0.8333333333333334,0.8333333333333334,0.5,0.6833333333333333,0.3771435242929988,1.0,70.21334267343533,0,1
1291691735,relay_rich,scout_belief,crowd_vector,severe,severe,full_delivery,1,55,52,1,55,12,11,2,1,0.0,0.0,105.51318011953143,0.15701366089215987,0.11723686679947937,0,0.0,0.0,0.5357142857142857,0.08655096127605051,0.3266298869678928,0.0,0.5357142857142857,0.08655096127605051,0.0,0.006512849257459939,0.0,0.0,8.0,181,0,relay_rich,relay_rich,180,0.15,0.22,12,0.9166666666666666,1.0,0.5,0.6944444444444444,0.28630154139927333,1.0,74.11933269070093,0,1
357675306,relay_rich,scout_belief,crowd_vector,severe,severe,full_delivery,1,57,53,1,57,10,10,2,1,0.16666666666666666,0.16666666666666666,94.99305441165289,0.14704807184466392,0.10554783823516987,0,0.006666666666666667,0.1,0.5287356321839082,0.08119235430861299,0.3276168186634906,0.0,0.5287356321839082,0.08119235430861299,0.0,0.007485497337007603,0.0,0.0,11.310344827586206,181,0,relay_rich,relay_rich,180,0.15,0.22,12,0.8333333333333334,0.8333333333333334,0.5,0.6833333333333333,0.33159967343334584,1.0,69.57572876140019,0,1
2762393634,relay_rich,scout_belief,crowd_vector,severe,severe,full_delivery,1,55,52,1,55,10,10,2,1,0.16666666666666666,0.16666666666666666,61.36150351646163,0.09786523686835986,0.06817944835162404,0,0.0,0.0,0.5317460317460317,0.0964609491653292,0.34087950495157193,0.0,0.5317460317460317,0.0964609491653292,0.0,0.003611215421085285,0.0,0.0,9.428571428571429,181,0,relay_rich,relay_rich,180,0.15,0.22,12,0.8333333333333334,0.8333333333333334,0.5,0.6944444444444444,0.5551580142347279,1.0,72.8833233103973,0,1
2591728418,relay_rich,scout_belief,crowd_vector,severe,severe,full_delivery,1,57,52,1,57,11,11,2,1,0.08333333333333333,0.08333333333333333,96.31095934257432,0.1422613875074953,0.1070121770473048,0,0.0,0.0,0.5172413793103449,0.0952536024832241,0.34435152709814354,0.0,0.5172413793103449,0.0952536024832241,0.0,0.004491665550280378,0.0,0.0,8.0,181,0,relay_rich,relay_rich,180,0.15,0.22,12,0.9166666666666666,0.9166666666666666,0.5,0.6833333333333333,0.353357329511385,1.0,73.38033594649272,0,1
908883597,relay_rich,scout_belief,crowd_vector,severe,severe,full_delivery,1,56,54,1,56,9,9,2,2,0.25,0.25,76.50189769737483,0.1354015888449112,0.0850021085526387,9,0.0,0.0,0.580896686159844,0.09153866558025915,0.31914429316486154,0.0,0.580896686159844,0.09153866558025915,0.0,0.0027851389701363054,0.0,0.0,13.964912280701755,181,0,relay_rich,relay_rich,180,0.15,0.22,12,0.75,0.75,1.0,0.6888888888888889,0.3845382325231308,0.55,71.40575747754606,0,1
2754000952,relay_rich,scout_belief,crowd_vector,severe,severe,full_delivery,1,57,53,1,57,11,10,2,1,0.08333333333333333,0.08333333333333333,98.45038062164186,0.14738080931383513,0.10938931180182429,0,0.0,0.0,0.5402298850574713,0.08472487895212136,0.3212275822997721,0.0,0.5402298850574713,0.08472487895212136,0.0,0.004623158328498218,0.0,0.0,8.0,181,0,relay_rich,relay_rich,180,0.15,0.22,12,0.8333333333333334,0.9166666666666666,0.5,0.6833333333333333,0.33008723039165855,1.0,71.05455455881655,0,1
1127344454,relay_rich,scout_belief,crowd_vector,severe,severe,full_delivery,1,55,54,1,55,10,9,2,1,0.16666666666666666,0.16666666666666666,62.562281488670756,0.10639843790590264,0.06951364609852306,0,0.007936507936507936,0.1111111111111111,0.5515873015873016,0.08177851828417415,0.31570700497740833,0.0,0.5515873015873016,0.08177851828417415,0.0,0.0038064784238902444,0.0,0.0,11.357142857142858,181,0,relay_rich,relay_rich,180,0.15,0.22,12,0.75,0.8333333333333334,0.5,0.6944444444444444,0.5163707367913517,1.0,70.34030142619004,0,1
3639883373,relay_rich,scout_belief,crowd_vector,severe,severe,full_delivery,1,57,53,1,57,11,10,2,1,0.08333333333333333,0.08333333333333333,88.52253422069742,0.13075706679571258,0.09835837135633047,0,0.0,0.0,0.5670498084291187,0.07920063201777058,0.3023426843891764,0.0,0.5670498084291187,0.07920063201777058,0.0,0.004826816026083948,0.0,0.0,9.241379310344827,181,0,relay_rich,relay_rich,180,0.15,0.22,12,0.8333333333333334,0.9166666666666666,0.5,0.6833333333333333,0.40564969638312465,1.0,72.11242908269708,0,1
2486387338,relay_rich,scout_belief,crowd_vector,severe,severe,full_delivery,0,180,54,0,180,7,8,2,1,0.4166666666666667,0.3333333333333333,71.63290483366082,0.04926609685946411,0.0781791052724448,0,0.0,0.0,0.5333333333333333,0.07359906988322304,0.2857302166599122,0.5259259259259259,0.5599999999999999,0.09767641998320192,0.04,0.003487518726427124,0.0,0.0,16.844444444444445,181,1,relay_rich,relay_rich,180,0.15,0.22,12,0.6666666666666666,0.5833333333333334,0.5,0.0,0.776063196093345,1.0,56.36488474530683,0,1
2629048441,relay_rich,scout_belief,crowd_vector,severe,severe,full_delivery,1,56,52,1,56,12,12,2,2,0.0,0.0,99.73179738858516,0.14580672132834088,0.11081310820953907,10,0.0,0.0,0.567251461988304,0.07551104456543416,0.30778116366156466,0.0,0.567251461988304,0.07551104456543416,0.0,0.004483286145154888,0.0,0.0,8.0,181,0,relay_rich,relay_rich,180,0.15,0.22,12,1.0,1.0,1.0,0.6888888888888889,0.3372421757802687,0.5,80.74361268314598,1,1
386900175,relay_rich,scout_belief,crowd_vector,severe,severe,full_delivery,1,58,53,1,58,11,10,2,1,0.08333333333333333,0.08333333333333333,100.2716228607369,0.14899201019425987,0.11141291428970766,0,0.0,0.0,0.551789077212806,0.08231620092098141,0.3158758822857101,0.0,0.551789077212806,0.08231620092098141,0.0,0.004969522399148651,0.0,0.0,8.0,181,0,relay_rich,relay_rich,180,0.15,0.22,12,0.8333333333333334,0.9166666666666666,0.5,0.6777777777777778,0.32276359002609156,1.0,70.86313470480972,0,1
1462496383,relay_rich,scout_belief,crowd_vector,severe,severe,full_delivery,1,55,51,1,55,12,11,2,1,0.0,0.0,74.59079849520369,0.11099821204643405,0.08287866499467077,0,0.0,0.0,0.5753968253968254,0.08236546190740948,0.3001126274949709,0.0,0.5753968253968254,0.08236546190740948,0.0,0.003088525454892291,0.0,0.0,8.0,181,0,relay_rich,relay_rich,180,0.15,0.22,12,0.9166666666666666,1.0,0.5,0.6944444444444444,0.4954626725162089,1.0,77.04758852633803,1,0
3681709275,relay_rich,scout_belief,crowd_vector,severe,severe,full_delivery,1,58,52,1,58,11,10,2,1,0.08333333333333333,0.08333333333333333,71.84230470697653,0.10770960225933514,0.0798247830077517,0,0.0,0.0,0.5461393596986819,0.08539317706511315,0.3192295078427834,0.0,0.5461393596986819,0.08539317706511315,0.0,0.0047274415907711505,0.0,0.0,8.0,181,0,relay_rich,relay_rich,180,0.15,0.22,12,0.8333333333333334,0.9166666666666666,0.5,0.6777777777777778,0.5104108988212039,1.0,73.49019702794129,0,1
641643030,relay_rich,scout_belief,crowd_vector,severe,severe,full_delivery,1,56,51,1,56,10,10,2,1,0.16666666666666666,0.16666666666666666,63.55860417641166,0.09778246796371025,0.07062067130712407,0,0.0,0.0,0.53411306042885,0.07921655111039384,0.3127075745608045,0.0,0.53411306042885,0.07921655111039384,0.0,0.0032098971872257798,0.0,0.0,8.491228070175438,181,0,relay_rich,relay_rich,180,0.15,0.22,12,0.8333333333333334,0.8333333333333334,0.5,0.6888888888888889,0.5555342365285898,1.0,72.79970153362248,0,1
2456513259,relay_rich,scout_belief,crowd_vector,severe,severe,full_delivery,1,56,54,1,56,10,9,2,1,0.16666666666666666,0.16666666666666666,87.08024569104614,0.1432240883076417,0.09675582854560683,11,0.0,0.0,0.580896686159844,0.08124290275471928,0.302849534708888,0.0,0.580896686159844,0.08124290275471928,0.0,0.005666580259207614,0.0,0.0,9.824561403508772,181,0,relay_rich,relay_rich,180,0.15,0.22,12,0.75,0.8333333333333334,0.5,0.6888888888888889,0.34898141678344685,0.44999999999999996,62.40796205719049,0,1
2981689525,relay_rich,delayed,autonomous,degraded,degraded,full_delivery,1,55,44,1,55,12,12,2,2,0.0,0.0,74.05769371956367,0.11020490136839832,0.08228632635507074,8,0.0,0.0,0.0,0.0,0.0,0.0,0.0,0.0,0.0,5.3931941446038954e-05,0.0,0.0,4.0,181,0,relay_rich_standardized,relay_rich_standardized,180,0.15,0.22,12,1.0,1.0,1.0,0.6944444444444444,0.499068630143644,0.6,84.09807193312211,1,0
2838166930,relay_rich,delayed,autonomous,degraded,degraded,full_delivery,0,180,44,0,180,10,10,2,0,0.16666666666666666,0.16666666666666666,67.41901993196643,0.03636408842069387,0.0733836141865519,7,0.0,0.0,0.0,0.0,0.0,0.0,0.0,0.0,0.0,3.06117442248166e-05,0.0,0.0,4.0,181,1,relay_rich_standardized,relay_rich_standardized,180,0.15,0.22,12,0.8333333333333334,0.8333333333333334,0.0,0.0,0.834708688996846,0.65,53.18592164595584,0,1
1264596161,relay_rich,delayed,autonomous,degraded,degraded,full_delivery,1,56,46,1,56,11,10,2,1,0.08333333333333333,0.08333333333333333,103.90487991567346,0.15624793972281723,0.11544986657297052,13,0.0,0.0,0.0,0.0,0.0,0.0,0.0,0.0,0.0,0.0003346868618783207,0.0,0.0,4.0,181,0,relay_rich_standardized,relay_rich_standardized,180,0.15,0.22,12,0.8333333333333334,0.9166666666666666,0.5,0.6888888888888889,0.28978209216901263,0.35,64.0791715125884,0,1
3798066139,relay_rich,delayed,autonomous,degraded,degraded,full_delivery,1,56,44,1,56,12,11,2,1,0.0,0.0,66.6466473277196,0.09743661890017487,0.07405183036413289,7,0.0,0.0,0.0,0.0,0.0,0.0,0.0,0.0,0.0,0.00016192845419929936,0.0,0.0,4.0,181,0,relay_rich_standardized,relay_rich_standardized,180,0.15,0.22,12,0.9166666666666666,1.0,0.5,0.6888888888888889,0.5571062777264779,0.65,74.3217101103929,1,0
2232266930,relay_rich,delayed,autonomous,degraded,degraded,full_delivery,1,57,44,1,57,11,11,2,1,0.08333333333333333,0.08333333333333333,72.54110686763433,0.10605424980648294,0.08060122985292703,0,0.0,0.0,0.0,0.0,0.0,0.0,0.0,0.0,0.0,4.5182456222515504e-05,0.0,0.0,4.0,181,0,relay_rich_standardized,relay_rich_standardized,180,0.15,0.22,12,0.9166666666666666,0.9166666666666666,0.5,0.6833333333333333,0.5179352281523503,1.0,75.68442652746623,0,1
1008830274,relay_rich,delayed,autonomous,degraded,degraded,full_delivery,1,55,43,1,55,12,11,2,1,0.0,0.0,67.55737703063768,0.10053181105749655,0.07506375225626409,7,0.0,0.0,0.0,0.0,0.0,0.0,0.0,0.0,0.0,8.448573419865032e-05,0.0,0.0,4.0,181,0,relay_rich_standardized,relay_rich_standardized,180,0.15,0.22,12,0.9166666666666666,1.0,0.5,0.6944444444444444,0.5430372224659248,0.65,74.21363222563404,1,0
508782487,relay_rich,delayed,autonomous,degraded,degraded,full_delivery,1,56,45,1,56,11,10,2,1,0.08333333333333333,0.08333333333333333,90.07822920218769,0.14230367962430915,0.10008692133576409,12,0.0,0.0,0.0,0.0,0.0,0.0,0.0,0.0,0.0,0.00016024156222258933,0.0,0.0,5.754385964912281,181,0,relay_rich_standardized,relay_rich_standardized,180,0.15,0.22,12,0.8333333333333334,0.9166666666666666,0.5,0.6888888888888889,0.35316509261677664,0.4,65.4665335188571,0,1
2349946871,relay_rich,delayed,autonomous,degraded,degraded,full_delivery,1,56,44,1,56,12,11,2,1,0.0,0.0,104.5250688843777,0.15281442819353466,0.11613896542708634,13,0.0,0.0,0.0,0.0,0.0,0.0,0.0,0.0,0.0,0.0003891858992266497,0.0,0.0,4.0,181,0,relay_rich_standardized,relay_rich_standardized,180,0.15,0.22,12,0.9166666666666666,1.0,0.5,0.6888888888888889,0.3053889627566606,0.35,67.79766770081548,0,1
627416086,relay_rich,delayed,autonomous,degraded,degraded,full_delivery,1,55,45,1,55,12,11,2,1,0.0,0.0,96.8931926147029,0.14418629853378406,0.10765910290522544,12,0.0,0.0,0.0,0.0,0.0,0.0,0.0,0.0,0.0,5.958117642407233e-05,0.0,0.0,4.0,181,0,relay_rich_standardized,relay_rich_standardized,180,0.15,0.22,12,0.9166666666666666,1.0,0.5,0.6944444444444444,0.3446077339373451,0.4,68.93561938623394,0,1
798569832,relay_rich,delayed,autonomous,degraded,degraded,full_delivery,1,55,44,1,55,12,12,2,2,0.0,0.0,64.87194728507943,0.096535635840892,0.07207994142786603,6,0.0,0.0,0.0,0.0,0.0,0.0,0.0,0.0,0.0,0.00013357549747992087,0.0,0.0,4.0,181,0,relay_rich_standardized,relay_rich_standardized,180,0.15,0.22,12,1.0,1.0,1.0,0.6944444444444444,0.5612016552686727,0.7,85.96793428487251,1,0
230889726,relay_rich,delayed,autonomous,degraded,degraded,full_delivery,1,57,46,1,57,12,11,2,1,0.0,0.0,104.64980301104961,0.15035891237219773,0.11627755890116624,13,0.0,0.0,0.0,0.0,0.0,0.0,0.0,0.0,0.0,0.00027557263500347675,0.0,0.0,4.0,181,0,relay_rich_standardized,relay_rich_standardized,180,0.15,0.22,12,0.9166666666666666,1.0,0.5,0.6833333333333333,0.3165503983081921,0.35,67.86503890964802,0,1
3711943067,relay_rich,delayed,autonomous,degraded,degraded,full_delivery,1,54,44,1,54,12,11,2,1,0.0,0.0,69.3521454474966,0.10507900825378272,0.07705793938610733,8,0.0,0.0,0.0,0.0,0.0,0.0,0.0,0.0,0.0,0.00018975285636639832,0.0,0.0,4.0,181,0,relay_rich_standardized,relay_rich_standardized,180,0.15,0.22,12,0.9166666666666666,1.0,0.5,0.7,0.5223681443009877,0.6,73.51315402021382,1,0
11302512,relay_rich,delayed,autonomous,degraded,degraded,full_delivery,1,57,45,1,57,12,11,2,1,0.0,0.0,104.15973964045521,0.14965479833398737,0.11573304404495023,14,0.0,0.0,0.0,0.0,0.0,0.0,0.0,0.0,0.0,0.0002054889262290315,0.0,0.0,4.0,181,0,relay_rich_standardized,relay_rich_standardized,180,0.15,0.22,12,0.9166666666666666,1.0,0.5,0.6833333333333333,0.3197509166636938,0.30000000000000004,67.40984616662504,0,1
4215632630,relay_rich,delayed,autonomous,degraded,degraded,full_delivery,1,56,45,1,56,11,10,2,1,0.08333333333333333,0.08333333333333333,92.48665205615387,0.1447365446888167,0.10276294672905986,12,0.0,0.0,0.0,0.0,0.0,0.0,0.0,0.0,0.0,0.00046246973068943763,0.0,0.0,4.0,181,0,relay_rich_standardized,relay_rich_standardized,180,0.15,0.22,12,0.8333333333333334,0.9166666666666666,0.5,0.6888888888888889,0.3421066150508332,0.4,65.3117148329339,0,1
3334279945,relay_rich,delayed,autonomous,degraded,degraded,full_delivery,1,56,46,1,56,11,10,2,1,0.08333333333333333,0.08333333333333333,88.35118879639191,0.13592490584060293,0.09816798755154657,10,0.0,0.0,0.0,0.0,0.0,0.0,0.0,0.0,0.0,7.783973052083763e-05,0.0,0.0,4.0,181,0,relay_rich_standardized,relay_rich_standardized,180,0.15,0.22,12,0.8333333333333334,0.9166666666666666,0.5,0.6888888888888889,0.38215951890635036,0.5,66.87245548691114,0,1
1689732947,relay_rich,delayed,autonomous,degraded,degraded,full_delivery,1,55,45,1,55,12,11,2,1,0.0,0.0,102.84219955656103,0.15303898743535868,0.11426911061840114,13,0.0,0.0,0.0,0.0,0.0,0.0,0.0,0.0,0.0,0.00023113489579597906,0.0,0.0,4.0,181,0,relay_rich_standardized,relay_rich_standardized,180,0.15,0.22,12,0.9166666666666666,1.0,0.5,0.6944444444444444,0.30436823893018783,0.35,67.87226645613373,0,1
2002067476,relay_rich,delayed,autonomous,degraded,degraded,full_delivery,1,56,45,1,56,11,10,2,1,0.08333333333333333,0.08333333333333333,97.94375240476886,0.14999043247284666,0.10882639156085429,13,0.0,0.0,0.0,0.0,0.0,0.0,0.0,0.0,0.0,0.000198752108066505,0.0,0.0,5.052631578947368,181,0,relay_rich_standardized,relay_rich_standardized,180,0.15,0.22,12,0.8333333333333334,0.9166666666666666,0.5,0.6888888888888889,0.3182253069416061,0.35,64.47737651940471,0,1
1299512698,relay_rich,delayed,autonomous,degraded,degraded,full_delivery,1,56,43,1,56,10,10,2,1,0.16666666666666666,0.16666666666666666,67.57315870667594,0.10574829218572135,0.07508128745186216,9,0.0,0.0,0.0,0.0,0.0,0.0,0.0,0.0,0.0,0.000369387097712319,0.0,0.0,5.12280701754386,181,0,relay_rich_standardized,relay_rich_standardized,180,0.15,0.22,12,0.8333333333333334,0.8333333333333334,0.5,0.6888888888888889,0.5193259446103575,0.55,67.79278544676724,0,1
3909573695,relay_rich,delayed,autonomous,degraded,degraded,full_delivery,1,56,45,1,56,11,10,2,1,0.08333333333333333,0.08333333333333333,71.48813376897243,0.10815148830404302,0.0794312597433027,8,0.0,0.0,0.0,0.0,0.0,0.0,0.0,0.0,0.0,0.00011976718351722506,0.0,0.0,4.0,181,0,relay_rich_standardized,relay_rich_standardized,180,0.15,0.22,12,0.8333333333333334,0.9166666666666666,0.5,0.6888888888888889,0.5084023258907135,0.6,69.63985478469222,0,1
2333778461,relay_rich,delayed,autonomous,degraded,degraded,full_delivery,1,55,44,1,55,11,11,2,1,0.08333333333333333,0.08333333333333333,74.11641738074796,0.11162111051317464,0.08235157486749774,8,0.0,0.0,0.0,0.0,0.0,0.0,0.0,0.0,0.0,0.00019507145755850446,0.0,0.0,4.0,181,0,relay_rich_standardized,relay_rich_standardized,180,0.15,0.22,12,0.9166666666666666,0.9166666666666666,0.5,0.6944444444444444,0.49263131584920616,0.6,71.50794953299999,0,1
1952745510,relay_rich,delayed,autonomous,degraded,degraded,full_delivery,1,56,46,1,56,9,9,2,2,0.25,0.25,83.3972059879806,0.14945735840139893,0.09266356220886733,13,0.0,0.0,0.0,0.0,0.0,0.0,0.0,0.0,0.0,0.0007648609477468516,0.0,0.0,6.7368421052631575,181,0,relay_rich_standardized,relay_rich_standardized,180,0.15,0.22,12,0.75,0.75,1.0,0.6888888888888889,0.3206483709027321,0.35,68.51129941486047,0,1
2562306265,relay_rich,delayed,autonomous,degraded,degraded,full_delivery,1,58,45,1,58,12,11,2,1,0.0,0.0,98.2355728885679,0.13875080916464394,0.10915063654285323,11,0.0,0.0,0.0,0.0,0.0,0.0,0.0,0.0,0.0,7.438868248111579e-05,0.0,0.0,4.0,181,0,relay_rich_standardized,relay_rich_standardized,180,0.15,0.22,12,0.9166666666666666,1.0,0.5,0.6777777777777778,0.369314503797073,0.44999999999999996,69.51484749760345,0,1
3818517268,relay_rich,delayed,autonomous,degraded,degraded,full_delivery,1,54,45,1,54,12,11,2,1,0.0,0.0,68.46870075650116,0.10374045569166843,0.07607633417389018,8,0.0,0.0,0.0,0.0,0.0,0.0,0.0,0.0,0.0,0.00013897818922781283,0.0,0.0,4.0,181,0,relay_rich_standardized,relay_rich_standardized,180,0.15,0.22,12,0.9166666666666666,1.0,0.5,0.7,0.5284524741287799,0.6,73.59833463780289,1,0
591044931,relay_rich,delayed,autonomous,degraded,degraded,full_delivery,1,57,47,1,57,9,9,2,1,0.25,0.25,82.7850596038095,0.14079091769355356,0.09198339955978833,12,0.0,0.0,0.0,0.0,0.0,0.0,0.0,0.0,0.0,0.0009052048230116447,0.0,0.0,5.275862068965517,181,0,relay_rich_standardized,relay_rich_standardized,180,0.15,0.22,12,0.75,0.75,0.5,0.6833333333333333,0.36004128321112017,0.4,60.47391129828902,0,1
1110074665,relay_rich,delayed,autonomous,degraded,degraded,full_delivery,1,55,44,1,55,12,11,2,1,0.0,0.0,70.19594428759451,0.10445825042796802,0.07799549365288279,8,0.0,0.0,0.0,0.0,0.0,0.0,0.0,0.0,0.0,0.0002042851835043337,0.0,0.0,4.0,181,0,relay_rich_standardized,relay_rich_standardized,180,0.15,0.22,12,0.9166666666666666,1.0,0.5,0.6944444444444444,0.5251897707819635,0.6,73.46376790205859,1,0
1301293905,relay_rich,delayed,autonomous,degraded,degraded,full_delivery,1,57,45,1,57,12,11,2,1,0.0,0.0,85.41482457801644,0.12272244910634546,0.09490536064224049,8,0.0,0.0,0.0,0.0,0.0,0.0,0.0,0.0,0.0,0.00025825701611757257,0.0,0.0,4.0,181,0,relay_rich_standardized,relay_rich_standardized,180,0.15,0.22,12,0.9166666666666666,1.0,0.5,0.6833333333333333,0.4421706858802479,0.6,72.12372293565682,1,0
1944500110,relay_rich,delayed,autonomous,degraded,degraded,full_delivery,1,56,45,1,56,11,10,2,1,0.08333333333333333,0.08333333333333333,88.99195983768664,0.13649073594737215,0.09887995537520737,12,0.0,0.0,0.0,0.0,0.0,0.0,0.0,0.0,0.0,0.00013967319332180015,0.0,0.0,5.087719298245614,181,0,relay_rich_standardized,relay_rich_standardized,180,0.15,0.22,12,0.8333333333333334,0.9166666666666666,0.5,0.6888888888888889,0.3795875638755811,0.4,65.83644811648037,0,1
1588813311,relay_rich,delayed,autonomous,degraded,degraded,full_delivery,1,57,45,1,57,12,11,2,1,0.0,0.0,85.9525651552403,0.12349506487821882,0.09550285017248922,10,0.0,0.0,0.0,0.0,0.0,0.0,0.0,0.0,0.0,0.0001028381798711586,0.0,0.0,4.0,181,0,relay_rich_standardized,relay_rich_standardized,180,0.15,0.22,12,0.9166666666666666,1.0,0.5,0.6833333333333333,0.4386587960080963,0.5,71.07455647744668,1,1
4248644565,relay_rich,delayed,autonomous,degraded,degraded,full_delivery,1,58,45,1,58,12,12,2,2,0.0,0.0,92.93679964590659,0.13126666616653473,0.103263110717674,10,0.0,0.0,0.0,0.0,0.0,0.0,0.0,0.0,0.0,0.0004012847112391488,0.0,0.0,4.0,181,0,relay_rich_standardized,relay_rich_standardized,180,0.15,0.22,12,1.0,1.0,1.0,0.6777777777777778,0.4033333356066603,0.5,81.49111114293768,1,1
1909609584,relay_rich,delayed,autonomous,degraded,degraded,full_delivery,1,57,45,1,57,11,10,2,1,0.08333333333333333,0.08333333333333333,83.60278289635158,0.12667088317629027,0.0928919809959462,9,0.0,0.0,0.0,0.0,0.0,0.0,0.0,0.0,0.0,0.0003048828433232701,0.0,0.0,4.0,181,0,relay_rich_standardized,relay_rich_standardized,180,0.15,0.22,12,0.8333333333333334,0.9166666666666666,0.5,0.6833333333333333,0.4242232582895896,0.55,67.87245894938759,0,1
1257677897,relay_rich,delayed,autonomous,degraded,degraded,full_delivery,1,54,45,1,54,12,11,2,1,0.0,0.0,104.58815597580225,0.15846690299363977,0.11620906219533583,13,0.0,0.0,0.0,0.0,0.0,0.0,0.0,0.0,0.0,0.0003037694687905002,0.0,0.0,4.0,181,0,relay_rich_standardized,relay_rich_standardized,180,0.15,0.22,12,0.9166666666666666,1.0,0.5,0.7,0.2796958954834555,0.35,67.61574253676837,0,1
3647221865,relay_rich,delayed,autonomous,degraded,degraded,full_delivery,1,56,44,1,56,12,11,2,1,0.0,0.0,68.06315867211626,0.09950754191829862,0.07562573185790696,8,0.0,0.0,0.0,0.0,0.0,0.0,0.0,0.0,0.0,4.8152074158125254e-05,0.0,0.0,4.0,181,0,relay_rich_standardized,relay_rich_standardized,180,0.15,0.22,12,0.9166666666666666,1.0,0.5,0.6888888888888889,0.5476929912804608,0.6,73.68992410014867,1,0
1515496750,relay_rich,delayed,crowd_vector,degraded,degraded,full_delivery,1,55,45,1,55,12,11,2,1,0.0,0.0,80.4449163309803,0.11970969692110164,0.0893832403677559,9,0.0,0.0,0.6448412698412699,0.05308498609979812,0.2443019832151664,0.0,0.6448412698412699,0.05308498609979812,0.0,0.00010441549926037916,0.0,0.0,4.0,181,0,relay_rich_standardized,relay_rich_standardized,180,0.15,0.22,12,0.9166666666666666,1.0,0.5,0.6944444444444444,0.4558650139949926,0.55,71.99322130704101,1,0
797282522,relay_rich,delayed,crowd_vector,degraded,degraded,full_delivery,1,56,44,1,56,11,10,2,1,0.08333333333333333,0.08333333333333333,89.58680862415574,0.1374030807118953,0.09954089847128415,11,0.0,0.0,0.6374269005847952,0.05424429179873621,0.2525204484028876,0.0,0.6374269005847952,0.05424429179873621,0.0,0.0001883146598923766,0.0,0.0,5.087719298245614,181,0,relay_rich_standardized,relay_rich_standardized,180,0.15,0.22,12,0.8333333333333334,0.9166666666666666,0.5,0.6888888888888889,0.37544054221865775,0.44999999999999996,66.27838981328344,0,1
499177611,relay_rich,delayed,crowd_vector,degraded,degraded,full_delivery,1,57,45,1,57,11,11,2,2,0.08333333333333333,0.08333333333333333,89.14034275671132,0.13949975392286593,0.0990448252852348,12,0.0,0.0,0.611111111111111,0.05427904057709689,0.26281631717692894,0.0,0.611111111111111,0.05427904057709689,0.0,0.0009719116884906353,0.0,0.0,5.931034482758621,181,0,relay_rich_standardized,relay_rich_standardized,180,0.15,0.22,12,0.9166666666666666,0.9166666666666666,1.0,0.6833333333333333,0.36591020944151853,0.4,76.55607626551458,0,1
581995551,relay_rich,delayed,crowd_vector,degraded,degraded,full_delivery,1,55,44,1,55,12,11,2,1,0.0,0.0,73.88353364646312,0.10994573459295107,0.0820928151627368,8,0.0,0.0,0.6507936507936508,0.05164454302648857,0.23754258363286482,0.0,0.6507936507936508,0.05164454302648857,0.0,0.00012904692809095314,0.0,0.0,4.0,181,0,relay_rich_standardized,relay_rich_standardized,180,0.15,0.22,12,0.9166666666666666,1.0,0.5,0.6944444444444444,0.5002466609411316,0.6,73.11456436428693,1,0
3309775340,relay_rich,delayed,crowd_vector,degraded,degraded,full_delivery,1,59,45,1,59,12,12,2,2,0.0,0.0,94.54245626094271,0.1313089670290871,0.10504717362326968,0,0.0,0.0,0.6666666666666665,0.04586756765890396,0.23087848450360157,0.0,0.6666666666666665,0.04586756765890396,0.0,0.0004049906520164025,0.0,0.0,4.0,181,0,relay_rich_standardized,relay_rich_standardized,180,0.15,0.22,12,1.0,1.0,1.0,0.6722222222222223,0.403141058958695,1.0,86.39953038097727,1,0
3985388957,relay_rich,delayed,crowd_vector,degraded,degraded,full_delivery,1,54,45,1,54,11,10,2,1,0.08333333333333333,0.08333333333333333,87.07631611171539,0.14392779522597585,0.09675146234635043,10,0.0071428571428571435,0.1,0.6565656565656565,0.0473569060891738,0.2295132951502575,0.0,0.6565656565656565,0.0473569060891738,0.0,0.0004926652709849436,0.0,0.0,4.0,181,0,relay_rich_standardized,relay_rich_standardized,180,0.15,0.22,12,0.8333333333333334,0.9166666666666666,0.5,0.7,0.3457827489728371,0.5,66.54095848561971,0,1
2705135836,relay_rich,delayed,crowd_vector,degraded,degraded,full_delivery,1,55,45,1,55,12,12,2,2,0.0,0.0,67.48502611823127,0.10042414600927273,0.07498336235359031,8,0.0,0.0,0.6329365079365079,0.0538297573217475,0.24523486638164643,0.0,0.6329365079365079,0.0538297573217475,0.0,0.00020755001386816728,0.0,0.0,4.0,181,0,relay_rich_standardized,relay_rich_standardized,180,0.15,0.22,12,1.0,1.0,1.0,0.6944444444444444,0.5435266090487603,0.6,84.72048363779375,1,0
2919853745,relay_rich,delayed,crowd_vector,degraded,degraded,full_delivery,1,57,44,1,57,12,11,2,1,0.0,0.0,89.37211941439031,0.12840821754941137,0.09930235490487813,10,0.0,0.0,0.6475095785440612,0.049025417547177326,0.24297515833272623,0.0,0.6475095785440612,0.049025417547177326,0.0,8.307796275990841e-05,0.0,0.0,4.0,181,0,relay_rich_standardized,relay_rich_standardized,180,0.15,0.22,12,0.9166666666666666,1.0,0.5,0.6833333333333333,0.416326283866312,0.5,70.7619013074617,1,1
1571505141,relay_rich,delayed,crowd_vector,degraded,degraded,full_delivery,1,55,44,1,55,12,11,2,1,0.0,0.0,63.94255197341724,0.09515260710329947,0.0710472799704636,0,0.0,0.0,0.6666666666666666,0.0477533120250432,0.22229749388477835,0.0,0.6666666666666666,0.0477533120250432,0.0,4.7794645506299844e-05,0.0,0.0,4.0,181,0,relay_rich_standardized,relay_rich_standardized,180,0.15,0.22,12,0.9166666666666666,1.0,0.5,0.6944444444444444,0.5674881495304569,1.0,78.05594520453751,1,0
4129482671,relay_rich,delayed,crowd_vector,degraded,degraded,full_delivery,1,56,45,1,56,12,11,2,1,0.0,0.0,76.85030622681171,0.11235424886960776,0.0853892291409019,0,0.0,0.0,0.6530214424951267,0.0493274162834061,0.2396177666133301,0.0,0.6530214424951267,0.0493274162834061,0.0,0.00012297752366497103,0.0,0.0,4.0,181,0,relay_rich_standardized,relay_rich_standardized,180,0.15,0.22,12,0.9166666666666666,1.0,0.5,0.6888888888888889,0.4892988687745101,1.0,76.87240638506536,1,0
71347895,relay_rich,delayed,crowd_vector,degraded,degraded,full_delivery,1,58,44,1,58,12,12,2,2,0.0,0.0,59.265692132184995,0.08370860470647598,0.0658507690357611,0,0.0,0.0,0.6459510357815442,0.05569968075414004,0.24102152525231302,0.0,0.6459510357815442,0.05569968075414004,0.0,0.00017019655611735796,0.0,0.0,4.0,181,0,relay_rich_standardized,relay_rich_standardized,180,0.15,0.22,12,1.0,1.0,1.0,0.6777777777777778,0.6195063422432909,1.0,89.51753323585051,1,0
3073846639,relay_rich,delayed,crowd_vector,degraded,degraded,full_delivery,1,55,45,1,55,11,11,2,2,0.08333333333333333,0.08333333333333333,58.43654125661861,0.09364830329586316,0.06492949028513179,0,0.0,0.0,0.6408730158730158,0.052787079846160836,0.24046696663771513,0.0,0.6408730158730158,0.052787079846160836,0.0,0.00014578001028526928,0.0,0.0,5.678571428571429,181,0,relay_rich_standardized,relay_rich_standardized,180,0.15,0.22,12,0.9166666666666666,0.9166666666666666,1.0,0.6944444444444444,0.5743258941097129,1.0,85.65167362864709,0,1
3135308943,relay_rich,delayed,crowd_vector,degraded,degraded,full_delivery,1,57,45,1,57,11,11,2,2,0.08333333333333333,0.08333333333333333,90.9810801139377,0.1372263651793932,0.10109008901548633,11,0.0,0.0,0.6532567049808429,0.04719549516023598,0.23176233658564632,0.0,0.6532567049808429,0.04719549516023598,0.0,0.0008410075264647959,0.0,0.0,5.103448275862069,181,0,relay_rich_standardized,relay_rich_standardized,180,0.15,0.22,12,0.9166666666666666,0.9166666666666666,1.0,0.6833333333333333,0.3762437946391217,0.44999999999999996,77.20074645828103,0,1
3106267723,relay_rich,delayed,crowd_vector,degraded,degraded,full_delivery,1,56,45,1,56,12,11,2,1,0.0,0.0,80.99130968882348,0.11840834749827994,0.08999034409869275,0,0.0,0.0,0.6393762183235866,0.05269207181405557,0.23962277396744824,0.0,0.6393762183235866,0.05269207181405557,0.0,0.0001962356673710653,0.0,0.0,4.0,181,0,relay_rich_standardized,relay_rich_standardized,180,0.15,0.22,12,0.9166666666666666,1.0,0.5,0.6888888888888889,0.46178023864418205,1.0,76.48714556324077,1,0
3440161590,relay_rich,delayed,crowd_vector,degraded,degraded,full_delivery,1,56,45,1,56,12,11,2,1,0.0,0.0,74.75484928753673,0.10929071533265604,0.08306094365281859,0,0.0,0.0,0.6549707602339181,0.04880125897887234,0.22939755294057512,0.0,0.6549707602339181,0.04880125897887234,0.0,0.00013721951572375952,0.0,0.0,4.0,181,0,relay_rich_standardized,relay_rich_standardized,180,0.15,0.22,12,0.9166666666666666,1.0,0.5,0.6888888888888889,0.5032240212151998,1.0,77.06735851923501,1,0
537163179,relay_rich,delayed,crowd_vector,degraded,degraded,full_delivery,1,58,45,1,58,12,12,2,2,0.0,0.0,88.39662015180143,0.12485398326525625,0.09821846683533492,10,0.0,0.0,0.6440677966101693,0.046079744276578884,0.24051455917713904,0.0,0.6440677966101693,0.046079744276578884,0.0,8.613325157159537e-05,0.0,0.0,4.0,181,0,relay_rich_standardized,relay_rich_standardized,180,0.15,0.22,12,1.0,1.0,1.0,0.6777777777777778,0.4324818942488352,0.5,81.89919096392813,1,1
455424310,relay_rich,delayed,crowd_vector,degraded,degraded,full_delivery,1,55,45,1,55,12,11,2,1,0.0,0.0,80.51683949864547,0.1198167254444129,0.08946315499849497,9,0.0,0.0,0.6468253968253969,0.0516541340851137,0.24190672359393015,0.0,0.6468253968253969,0.0516541340851137,0.0,8.452537863316086e-05,0.0,0.0,4.0,181,0,relay_rich_standardized,relay_rich_standardized,180,0.15,0.22,12,0.9166666666666666,1.0,0.5,0.6944444444444444,0.4553785207072141,0.55,71.98641040101211,1,0
322376800,relay_rich,delayed,crowd_vector,degraded,degraded,full_delivery,1,55,44,1,55,11,10,2,1,0.08333333333333333,0.08333333333333333,91.30601330912077,0.1406872316011106,0.10145112589902308,11,0.0,0.0,0.6408730158730158,0.05681452651391217,0.24711066440950738,0.0,0.6408730158730158,0.05681452651391217,0.0,0.00015586788981534333,0.0,0.0,4.785714285714286,181,0,relay_rich_standardized,relay_rich_standardized,180,0.15,0.22,12,0.8333333333333334,0.9166666666666666,0.5,0.6944444444444444,0.36051258363131544,0.44999999999999996,66.15828728194954,0,1
2965847049,relay_rich,delayed,crowd_vector,degraded,degraded,full_delivery,1,57,44,1,57,11,11,2,1,0.08333333333333333,0.08333333333333333,62.01333150340737,0.09297351049986113,0.06890370167045264,0,0.0,0.0,0.6455938697318008,0.052661931078892325,0.23666464331480142,0.0,0.6455938697318008,0.052661931078892325,0.0,0.00017590767196136426,0.0,0.0,4.0,181,0,relay_rich_standardized,relay_rich_standardized,180,0.15,0.22,12,0.9166666666666666,0.9166666666666666,0.5,0.6833333333333333,0.5773931340915404,1.0,76.51683721061488,0,1
463036393,relay_rich,delayed,crowd_vector,degraded,degraded,full_delivery,1,57,45,1,57,12,12,2,2,0.0,0.0,72.76980377283024,0.1045543157655607,0.08085533752536694,0,0.0,0.0,0.6245210727969348,0.055982366190907636,0.2514111190672803,0.0,0.6245210727969348,0.055982366190907636,0.0,0.0001520003007113883,0.0,0.0,4.0,181,0,relay_rich_standardized,relay_rich_standardized,180,0.15,0.22,12,1.0,1.0,1.0,0.6833333333333333,0.5247531101565424,1.0,88.27987687552493,1,0
2624550101,relay_rich,delayed,crowd_vector,degraded,degraded,full_delivery,1,58,44,1,58,10,10,2,2,0.16666666666666666,0.16666666666666666,58.432909623581985,0.09470487783400645,0.06492545513731332,5,0.0,0.0,0.647834274952919,0.05191755407759557,0.23243550343367,0.0,0.647834274952919,0.05191755407759557,0.0,4.310215974806916e-05,0.0,0.0,4.0,181,0,relay_rich_standardized,relay_rich_standardized,180,0.15,0.22,12,0.8333333333333334,0.8333333333333334,1.0,0.6777777777777778,0.5695232825726979,0.75,79.31777040046222,0,1
2152484344,relay_rich,delayed,crowd_vector,degraded,degraded,full_delivery,1,55,45,1,55,9,11,2,2,0.25,0.25,89.4471515427699,0.14615547637707502,0.099385723936411,11,0.0,0.0,0.6269841269841269,0.051531428597400245,0.24805957587676725,0.0,0.6269841269841269,0.051531428597400245,0.0,0.00022279088265061978,0.0,0.0,4.0,181,0,relay_rich_standardized,relay_rich_standardized,180,0.15,0.22,12,0.9166666666666666,0.75,1.0,0.6944444444444444,0.33565692555874993,0.44999999999999996,73.81030806893362,0,1
61317917,relay_rich,delayed,crowd_vector,degraded,degraded,full_delivery,1,57,46,1,57,12,11,2,1,0.0,0.0,84.6241953806933,0.12158648761593864,0.09402688375632588,10,0.0,0.0,0.6704980842911877,0.047706249429891046,0.23455935076054948,0.0,0.6704980842911877,0.047706249429891046,0.0,6.76471512941254e-05,0.0,0.0,4.0,181,0,relay_rich_standardized,relay_rich_standardized,180,0.15,0.22,12,0.9166666666666666,1.0,0.5,0.6833333333333333,0.44733414720027886,0.5,71.19601139413724,1,1
1548467662,relay_rich,delayed,crowd_vector,degraded,degraded,full_delivery,1,54,44,1,54,11,10,2,1,0.08333333333333333,0.08333333333333333,61.936973686924254,0.09738517875302556,0.06881885965213806,6,0.0,0.0,0.6545454545454543,0.04912895121639702,0.23665123257759027,0.0,0.6545454545454543,0.04912895121639702,0.0,0.00026150952194230805,0.0,0.0,4.836363636363636,181,0,relay_rich_standardized,relay_rich_standardized,180,0.15,0.22,12,0.8333333333333334,0.9166666666666666,0.5,0.7,0.5573400965771566,0.7,71.50276135208019,0,1
506919916,relay_rich,delayed,crowd_vector,degraded,degraded,full_delivery,1,57,44,1,57,11,12,2,2,0.08333333333333333,0.08333333333333333,68.70849980831399,0.1013399702187522,0.07634277756479332,0,0.0,0.0,0.6475095785440612,0.05084011018378565,0.24060904480992976,0.0,0.6475095785440612,0.05084011018378565,0.0,2.6658996974002718e-05,0.0,0.0,4.0,181,0,relay_rich_standardized,relay_rich_standardized,180,0.15,0.22,12,1.0,0.9166666666666666,1.0,0.6833333333333333,0.5393637717329445,1.0,86.98442613759455,0,1
2151216426,relay_rich,delayed,crowd_vector,degraded,degraded,full_delivery,1,54,44,1,54,12,11,2,1,0.0,0.0,72.39343784292807,0.1096870270347395,0.08043715315880896,7,0.0,0.0,0.6606060606060606,0.04518972480830676,0.2325542779439416,0.0,0.6606060606060606,0.04518972480830676,0.0,6.655974484145e-05,0.0,0.0,4.0,181,0,relay_rich_standardized,relay_rich_standardized,180,0.15,0.22,12,0.9166666666666666,1.0,0.5,0.7,0.5014226043875478,0.65,73.71991646142565,1,0
1397622722,relay_rich,delayed,crowd_vector,degraded,degraded,full_delivery,1,55,44,1,55,11,10,2,1,0.08333333333333333,0.08333333333333333,91.308346706672,0.14200364962157386,0.10145371856296889,11,0.0,0.0,0.6626984126984128,0.04235096068287432,0.22192783667963312,0.0,0.6626984126984128,0.04235096068287432,0.0,0.0003921902209049986,0.0,0.0,4.0,181,0,relay_rich_standardized,relay_rich_standardized,180,0.15,0.22,12,0.8333333333333334,0.9166666666666666,0.5,0.6944444444444444,0.3545288653564824,0.44999999999999996,66.07451522610187,0,1
1569146153,relay_rich,delayed,crowd_vector,degraded,degraded,full_delivery,1,56,44,1,56,11,11,2,1,0.08333333333333333,0.08333333333333333,76.54019543953403,0.11423909767094631,0.08504466159948226,0,0.0,0.0,0.6452241715399609,0.04901181980946642,0.2270364648361471,0.0,0.6452241715399609,0.04901181980946642,0.0,0.00015707076350550306,0.0,0.0,4.0,181,0,relay_rich_standardized,relay_rich_standardized,180,0.15,0.22,12,0.9166666666666666,0.9166666666666666,0.5,0.6888888888888889,0.4807313742229713,1.0,75.2524614613438,0,1
3619168475,relay_rich,delayed,crowd_vector,degraded,degraded,full_delivery,1,58,43,1,58,12,12,2,2,0.0,0.0,68.59940667425519,0.09689181733651864,0.07622156297139465,0,0.0,0.0,0.6346516007532955,0.052116043738611624,0.24268397239967396,0.0,0.6346516007532955,0.052116043738611624,0.0,3.953850660619961e-05,0.0,0.0,4.0,181,0,relay_rich_standardized,relay_rich_standardized,180,0.15,0.22,12,1.0,1.0,1.0,0.6777777777777778,0.5595826484703699,1.0,88.67860152302963,1,0
524814235,relay_rich,delayed,crowd_vector,degraded,degraded,full_delivery,1,52,44,1,52,12,11,2,1,0.0,0.0,65.97261864510583,0.10373053246085821,0.07330290960567314,7,0.0,0.0,0.6247379454926625,0.056629540271406494,0.25063791550901204,0.0,0.6247379454926625,0.056629540271406494,0.0,2.776635311784167e-05,0.0,0.0,4.0,181,0,relay_rich_standardized,relay_rich_standardized,180,0.15,0.22,12,0.9166666666666666,1.0,0.5,0.7111111111111111,0.5284975797233717,0.65,74.27674389390498,1,0
657537806,relay_rich,delayed,crowd_vector,degraded,degraded,full_delivery,1,54,44,1,54,11,10,2,1,0.08333333333333333,0.08333333333333333,70.69506147345461,0.11150640610954987,0.07855006830383846,8,0.0,0.0,0.6525252525252525,0.04954491247558627,0.23164169730658618,0.0,0.6525252525252525,0.04954491247558627,0.0,0.00037688717447764925,0.0,0.0,4.909090909090909,181,0,relay_rich_standardized,relay_rich_standardized,180,0.15,0.22,12,0.8333333333333334,0.9166666666666666,0.5,0.7,0.493152699502046,0.6,69.60413779302863,0,1
1728597807,relay_rich,delayed,crowd_vector,degraded,degraded,full_delivery,1,57,44,1,57,10,9,2,1,0.16666666666666666,0.16666666666666666,65.68422827363811,0.10750282859842572,0.0729824758595979,0,0.0,0.0,0.6379310344827585,0.04829513280550297,0.23991054831857325,0.0,0.6379310344827585,0.04829513280550297,0.0,0.0001691902443963087,0.0,0.0,5.379310344827586,181,0,relay_rich_standardized,relay_rich_standardized,180,0.15,0.22,12,0.75,0.8333333333333334,0.5,0.6833333333333333,0.5113507790980649,1.0,70.09224424070625,0,1
4250209516,relay_rich,scout_belief,autonomous,degraded,degraded,full_delivery,1,59,47,1,59,9,9,2,1,0.25,0.25,93.43415774007127,0.14949465238411402,0.10381573082230142,14,0.0,0.0,0.0,0.0,0.0,0.0,0.0,0.0,0.0,0.0022885297125306995,0.0,0.0,6.266666666666667,181,0,relay_rich_standardized,relay_rich_standardized,180,0.15,0.22,12,0.75,0.75,0.5,0.6722222222222223,0.32047885279948174,0.30000000000000004,58.74225949474832,0,1
3880877966,relay_rich,scout_belief,autonomous,degraded,degraded,full_delivery,1,57,45,1,57,12,11,2,1,0.0,0.0,75.93037385041734,0.10909536472761112,0.08436708205601927,8,0.0,0.0,0.0,0.0,0.0,0.0,0.0,0.0,0.0,0.002211126619365373,0.0,0.0,4.0,181,0,relay_rich_standardized,relay_rich_standardized,180,0.15,0.22,12,0.9166666666666666,1.0,0.5,0.6833333333333333,0.5041119785108585,0.6,72.99090103248535,1,0
4123748117,relay_rich,scout_belief,autonomous,degraded,degraded,full_delivery,1,58,46,1,58,12,11,2,1,0.0,0.0,107.26984848876288,0.15151108543610575,0.11918872054306986,14,0.0,0.0,0.0,0.0,0.0,0.0,0.0,0.0,0.0,0.00268600412968199,0.0,0.0,4.0,181,0,relay_rich_standardized,relay_rich_standardized,180,0.15,0.22,12,0.9166666666666666,1.0,0.5,0.6777777777777778,0.3113132480177011,0.30000000000000004,67.20282991669225,0,1
3222439677,relay_rich,scout_belief,autonomous,degraded,degraded,full_delivery,1,55,45,1,55,12,11,2,1,0.0,0.0,68.24343529151864,0.1015527310885694,0.07582603921279849,7,0.0,0.0,0.0,0.0,0.0,0.0,0.0,0.0,0.0,0.00265997829440652,0.0,0.0,4.0,181,0,relay_rich_standardized,relay_rich_standardized,180,0.15,0.22,12,0.9166666666666666,1.0,0.5,0.6944444444444444,0.5383966768701391,0.65,74.14866458729306,1,0
737668007,relay_rich,scout_belief,autonomous,degraded,degraded,full_delivery,1,55,46,1,55,10,9,2,1,0.16666666666666666,0.16666666666666666,97.93429351484718,0.1613415049667993,0.10881588168316354,14,0.0,0.0,0.0,0.0,0.0,0.0,0.0,0.0,0.0,0.00306858850102565,0.0,0.0,5.071428571428571,181,0,relay_rich_standardized,relay_rich_standardized,180,0.15,0.22,12,0.75,0.8333333333333334,0.5,0.6944444444444444,0.266629522878185,0.30000000000000004,59.8439244314057,0,1
398266942,relay_rich,scout_belief,autonomous,degraded,degraded,full_delivery,1,55,45,1,55,12,11,2,1,0.0,0.0,77.70436577860954,0.11563149669435943,0.08633818419845504,10,0.0,0.0,0.0,0.0,0.0,0.0,0.0,0.0,0.0,0.002364228530313699,0.0,0.0,4.0,181,0,relay_rich_standardized,relay_rich_standardized,180,0.15,0.22,12,0.9166666666666666,1.0,0.5,0.6944444444444444,0.4744022877529117,0.5,71.75274313965187,1,1
755806722,relay_rich,scout_belief,autonomous,degraded,degraded,full_delivery,1,57,45,1,57,10,12,2,2,0.16666666666666666,0.16666666666666666,67.66508636253421,0.09863715213197406,0.07518342929170468,7,0.0,0.0,0.0,0.0,0.0,0.0,0.0,0.0,0.0,0.0031449504637604576,0.0,0.0,4.103448275862069,181,0,relay_rich_standardized,relay_rich_standardized,180,0.15,0.22,12,1.0,0.8333333333333334,1.0,0.6833333333333333,0.551649308491027,0.65,82.15642365220772,0,1
478329927,relay_rich,scout_belief,autonomous,degraded,degraded,full_delivery,1,56,44,1,56,12,11,2,1,0.0,0.0,75.21416743485001,0.10996223309188598,0.08357129714983334,9,0.0,0.0,0.0,0.0,0.0,0.0,0.0,0.0,0.0,0.002434234906450845,0.0,0.0,4.0,181,0,relay_rich_standardized,relay_rich_standardized,180,0.15,0.22,12,0.9166666666666666,1.0,0.5,0.6888888888888889,0.5001716677641547,0.55,72.52462557092039,1,0
1184952309,relay_rich,scout_belief,autonomous,degraded,degraded,full_delivery,1,56,46,1,56,12,11,2,1,0.0,0.0,96.14084773609679,0.14055679493581402,0.10682316415121865,11,0.0,0.0,0.0,0.0,0.0,0.0,0.0,0.0,0.0,0.002451293294245868,0.0,0.0,4.0,181,0,relay_rich_standardized,relay_rich_standardized,180,0.15,0.22,12,0.9166666666666666,1.0,0.5,0.6888888888888889,0.36110547756448175,0.44999999999999996,69.57769890812497,0,1
2989213604,relay_rich,scout_belief,autonomous,degraded,degraded,full_delivery,1,56,46,1,56,11,10,2,1,0.08333333333333333,0.08333333333333333,86.20597561733992,0.1330339129897221,0.0957844173525999,10,0.0,0.0,0.0,0.0,0.0,0.0,0.0,0.0,0.0,0.0029994966967892348,0.0,0.0,4.0,181,0,relay_rich_standardized,relay_rich_standardized,180,0.15,0.22,12,0.8333333333333334,0.9166666666666666,0.5,0.6888888888888889,0.3953003955012633,0.5,67.05642775923992,0,1
4195187232,relay_rich,scout_belief,autonomous,degraded,degraded,full_delivery,1,55,44,1,55,12,11,2,1,0.0,0.0,65.57584280003934,0.09758309940482045,0.07286204755559926,8,0.0,0.0,0.0,0.0,0.0,0.0,0.0,0.0,0.0,0.0025555978978648503,0.0,0.0,4.0,181,0,relay_rich_standardized,relay_rich_standardized,180,0.15,0.22,12,0.9166666666666666,1.0,0.5,0.6944444444444444,0.5564404572508161,0.6,73.90127751262253,1,0
2515382661,relay_rich,scout_belief,autonomous,degraded,degraded,full_delivery,1,55,45,1,55,12,11,2,1,0.0,0.0,69.17410675300577,0.10293765885863955,0.07686011861445086,7,0.0,0.0,0.0,0.0,0.0,0.0,0.0,0.0,0.0,0.0024847080046300606,0.0,0.0,4.0,181,0,relay_rich_standardized,relay_rich_standardized,180,0.15,0.22,12,0.9166666666666666,1.0,0.5,0.6944444444444444,0.5321015506425475,0.65,74.06053282010676,1,0
2935107779,relay_rich,scout_belief,autonomous,degraded,degraded,full_delivery,1,58,45,1,58,12,12,2,2,0.0,0.0,92.8306886025228,0.13111679181147287,0.10314520955835867,12,0.0,0.0,0.0,0.0,0.0,0.0,0.0,0.0,0.0,0.002346649901633029,0.0,0.0,4.0,181,0,relay_rich_standardized,relay_rich_standardized,180,0.15,0.22,12,1.0,1.0,1.0,0.6777777777777778,0.40401458267512336,0.4,80.50064860189617,0,1
471828035,relay_rich,scout_belief,autonomous,degraded,degraded,full_delivery,1,55,45,1,55,11,11,2,1,0.08333333333333333,0.08333333333333333,96.0185063943927,0.14794839197903345,0.106687229327103,12,0.0,0.0,0.0,0.0,0.0,0.0,0.0,0.0,0.0,0.0022924941759229324,0.0,0.0,4.0,181,0,relay_rich_standardized,relay_rich_standardized,180,0.15,0.22,12,0.9166666666666666,0.9166666666666666,0.5,0.6944444444444444,0.3275073091862116,0.4,67.19621343971806,0,1
3865237031,relay_rich,scout_belief,autonomous,degraded,degraded,full_delivery,1,54,45,1,54,11,11,2,2,0.08333333333333333,0.08333333333333333,70.02991905014606,0.114803145983846,0.07781102116682896,10,0.0,0.0,0.0,0.0,0.0,0.0,0.0,0.0,0.0,0.0016359749638826,0.0,0.0,4.0,181,0,relay_rich_standardized,relay_rich_standardized,180,0.15,0.22,12,0.9166666666666666,0.9166666666666666,1.0,0.7,0.4781675182552455,0.5,79.39434525557344,0,1
563097406,relay_rich,scout_belief,autonomous,degraded,degraded,full_delivery,1,57,44,1,57,12,12,2,2,0.0,0.0,77.14410667266922,0.11083923372509946,0.08571567408074358,9,0.0,0.0,0.0,0.0,0.0,0.0,0.0,0.0,0.0,0.0023575013324882,0.0,0.0,4.0,181,0,relay_rich_standardized,relay_rich_standardized,180,0.15,0.22,12,1.0,1.0,1.0,0.6833333333333333,0.49618530124954785,0.55,83.37992755082702,1,0
1172175636,relay_rich,scout_belief,autonomous,degraded,degraded,full_delivery,1,57,46,1,57,11,11,2,2,0.08333333333333333,0.08333333333333333,70.7196558183436,0.10879947048975938,0.07857739535371511,10,0.0,0.0,0.0,0.0,0.0,0.0,0.0,0.0,0.0,0.002062199686773182,0.0,0.0,4.0,181,0,relay_rich_standardized,relay_rich_standardized,180,0.15,0.22,12,0.9166666666666666,0.9166666666666666,1.0,0.6833333333333333,0.5054569523192756,0.5,79.50973066580318,0,1
3516482900,relay_rich,scout_belief,autonomous,degraded,degraded,full_delivery,1,55,45,1,55,12,11,2,1,0.0,0.0,99.7827308155824,0.14848620657080713,0.11086970090620267,11,0.0,0.0,0.0,0.0,0.0,0.0,0.0,0.0,0.0,0.003119182720883934,0.0,0.0,4.0,181,0,relay_rich_standardized,relay_rich_standardized,180,0.15,0.22,12,0.9166666666666666,1.0,0.5,0.6944444444444444,0.32506269740542215,0.44999999999999996,69.16198887478701,0,1
1932163354,relay_rich,scout_belief,autonomous,degraded,degraded,full_delivery,1,52,44,1,52,10,9,2,1,0.16666666666666666,0.16666666666666666,58.46514403044733,0.1034781310273404,0.06496127114494148,7,0.0,0.0,0.0,0.0,0.0,0.0,0.0,0.0,0.0,0.0027903082316031126,0.0,0.0,5.886792452830188,181,0,relay_rich_standardized,relay_rich_standardized,180,0.15,0.22,12,0.75,0.8333333333333334,0.5,0.7111111111111111,0.5296448589666345,0.65,67.29280580331067,0,1
3163201778,relay_rich,scout_belief,autonomous,degraded,degraded,full_delivery,1,54,44,1,54,12,11,2,1,0.0,0.0,63.57870124122918,0.09633136551701392,0.07064300137914353,0,0.0,0.0,0.0,0.0,0.0,0.0,0.0,0.0,0.0,0.0032361583988239563,0.0,0.0,4.0,181,0,relay_rich_standardized,relay_rich_standardized,180,0.15,0.22,12,0.9166666666666666,1.0,0.5,0.7,0.5621301567408459,1.0,78.06982219437182,1,0
4129889330,relay_rich,scout_belief,autonomous,degraded,degraded,full_delivery,1,56,44,1,56,11,10,2,1,0.08333333333333333,0.08333333333333333,74.82447809392329,0.11201269175737019,0.0831383089932481,9,0.0,0.0,0.0,0.0,0.0,0.0,0.0,0.0,0.0,0.0027952126060285486,0.0,0.0,4.526315789473684,181,0,relay_rich_standardized,relay_rich_standardized,180,0.15,0.22,12,0.8333333333333334,0.9166666666666666,0.5,0.6888888888888889,0.49085140110286274,0.55,68.89414183766232,0,1
2784525324,relay_rich,scout_belief,autonomous,degraded,degraded,full_delivery,1,55,45,1,55,12,11,2,1,0.0,0.0,69.10081561381442,0.10282859466341432,0.07677868401534936,8,0.0,0.0,0.0,0.0,0.0,0.0,0.0,0.0,0.0,0.002283003119414913,0.0,0.0,4.0,181,0,relay_rich_standardized,relay_rich_standardized,180,0.15,0.22,12,0.9166666666666666,1.0,0.5,0.6944444444444444,0.5325972969844803,0.6,73.56747326889383,1,0
3971905531,relay_rich,scout_belief,autonomous,degraded,degraded,full_delivery,1,57,45,1,57,11,10,2,1,0.08333333333333333,0.08333333333333333,86.03046661262393,0.13317409692356644,0.09558940734735992,0,0.0,0.0,0.0,0.0,0.0,0.0,0.0,0.0,0.0,0.0037796054789512624,0.0,0.0,5.689655172413793,181,0,relay_rich_standardized,relay_rich_standardized,180,0.15,0.22,12,0.8333333333333334,0.9166666666666666,0.5,0.6833333333333333,0.39466319580197073,1.0,71.95861807456092,0,1
3513094567,relay_rich,scout_belief,autonomous,degraded,degraded,full_delivery,1,54,45,1,54,12,11,2,1,0.0,0.0,71.97517618508599,0.10905329725013028,0.07997241798342887,9,0.0,0.0,0.0,0.0,0.0,0.0,0.0,0.0,0.0,0.002493116079811297,0.0,0.0,4.0,181,0,relay_rich_standardized,relay_rich_standardized,180,0.15,0.22,12,0.9166666666666666,1.0,0.5,0.7,0.5043031943175896,0.55,72.76024472044624,1,0
2586906899,relay_rich,scout_belief,autonomous,degraded,degraded,full_delivery,1,58,45,1,58,12,12,2,2,0.0,0.0,68.81505412247805,0.09719640412779385,0.07646117124719783,8,0.0,0.0,0.0,0.0,0.0,0.0,0.0,0.0,0.0,0.0024893003172329112,0.0,0.0,4.0,181,0,relay_rich_standardized,relay_rich_standardized,180,0.15,0.22,12,1.0,1.0,1.0,0.6777777777777778,0.5581981630554825,0.6,84.6592187272212,1,0
2587876571,relay_rich,scout_belief,autonomous,degraded,degraded,full_delivery,1,56,44,1,56,11,11,2,1,0.08333333333333333,0.08333333333333333,66.2342363018626,0.0976906140145466,0.07359359589095844,0,0.0,0.0,0.0,0.0,0.0,0.0,0.0,0.0,0.0,0.0027624419508394307,0.0,0.0,4.175438596491228,181,0,relay_rich_standardized,relay_rich_standardized,180,0.15,0.22,12,0.9166666666666666,0.9166666666666666,0.5,0.6888888888888889,0.5559517544793336,1.0,76.30554678493287,0,1
4109894719,relay_rich,scout_belief,autonomous,degraded,degraded,full_delivery,1,52,44,1,52,12,11,2,1,0.0,0.0,65.93566485430156,0.10367242901619743,0.07326184983811285,8,0.0,0.0,0.0,0.0,0.0,0.0,0.0,0.0,0.0,0.0020194664899548,0.0,0.0,4.0,181,0,relay_rich_standardized,relay_rich_standardized,180,0.15,0.22,12,0.9166666666666666,1.0,0.5,0.7111111111111111,0.5287616862900117,0.6,73.78044138583795,1,0
3021831787,relay_rich,scout_belief,autonomous,degraded,degraded,full_delivery,1,58,46,1,58,12,11,2,1,0.0,0.0,103.27172199451557,0.14586401411654742,0.11474635777168397,12,0.0,0.0,0.0,0.0,0.0,0.0,0.0,0.0,0.0,0.0028320994880542097,0.0,0.0,4.0,181,0,relay_rich_standardized,relay_rich_standardized,180,0.15,0.22,12,0.9166666666666666,1.0,0.5,0.6777777777777778,0.3369817540156935,0.4,68.56218900066415,0,1
1533593705,relay_rich,scout_belief,autonomous,degraded,degraded,full_delivery,1,59,47,1,59,12,12,2,2,0.0,0.0,109.17161154452195,0.1516272382562805,0.12130179060502438,15,0.0,0.0,0.0,0.0,0.0,0.0,0.0,0.0,0.0,0.0022518994872745336,0.0,0.0,4.0,181,0,relay_rich_standardized,relay_rich_standardized,180,0.15,0.22,12,1.0,1.0,1.0,0.6722222222222223,0.3107852806532705,0.25,77.60654948470133,0,1
1636180187,relay_rich,scout_belief,autonomous,degraded,degraded,full_delivery,1,56,45,1,56,11,10,2,1,0.08333333333333333,0.08333333333333333,72.16773775969406,0.10951098294339008,0.08018637528854895,8,0.0,0.0,0.0,0.0,0.0,0.0,0.0,0.0,0.0,0.0024760319185997016,0.0,0.0,4.842105263157895,181,0,relay_rich_standardized,relay_rich_standardized,180,0.15,0.22,12,0.8333333333333334,0.9166666666666666,0.5,0.6888888888888889,0.5022228048027724,0.6,69.55334148946105,0,1
1559073949,relay_rich,scout_belief,autonomous,degraded,degraded,full_delivery,1,58,45,1,58,11,11,2,2,0.08333333333333333,0.08333333333333333,74.67323167023375,0.11079114491132604,0.08297025741137083,0,0.0,0.0,0.0,0.0,0.0,0.0,0.0,0.0,0.0,0.0030983086587921906,0.0,0.0,4.0,181,0,relay_rich_standardized,relay_rich_standardized,180,0.15,0.22,12,0.9166666666666666,0.9166666666666666,1.0,0.6777777777777778,0.4964038867666999,1.0,84.29409885917823,0,1
983181045,relay_rich,scout_belief,autonomous,degraded,degraded,full_delivery,1,55,44,1,55,12,11,2,1,0.0,0.0,66.19069460937467,0.0984980574544266,0.07354521623263853,8,0.0,0.0,0.0,0.0,0.0,0.0,0.0,0.0,0.0,0.0020361762444198466,0.0,0.0,4.0,181,0,relay_rich_standardized,relay_rich_standardized,180,0.15,0.22,12,0.9166666666666666,1.0,0.5,0.6944444444444444,0.5522815570253337,0.6,73.84305290946578,1,0
2988248542,relay_rich,scout_belief,crowd_vector,degraded,degraded,full_delivery,1,57,44,1,57,12,11,2,1,0.0,0.0,66.52620227505065,0.09558362395840611,0.07391800252783405,0,0.0,0.0,0.6264367816091954,0.04968188875451156,0.247946909023307,0.0,0.6264367816091954,0.04968188875451156,0.0,0.003657992440715869,0.0,0.0,4.0,181,0,relay_rich_standardized,relay_rich_standardized,180,0.15,0.22,12,0.9166666666666666,1.0,0.5,0.6833333333333333,0.5655289820072449,1.0,77.85073908143475,1,0
3149786012,relay_rich,scout_belief,crowd_vector,degraded,degraded,full_delivery,1,55,44,1,55,12,11,2,1,0.0,0.0,61.3673700706019,0.09132049117649092,0.06818596674511322,0,0.0,0.0,0.6507936507936508,0.04982340889663137,0.23579489186387834,0.0,0.6507936507936508,0.04982340889663137,0.0,0.0029715715811182886,0.0,0.0,4.0,181,0,relay_rich_standardized,relay_rich_standardized,180,0.15,0.22,12,0.9166666666666666,1.0,0.5,0.6944444444444444,0.5849068582886776,1.0,78.29980712715259,1,0
1257429258,relay_rich,scout_belief,crowd_vector,degraded,degraded,full_delivery,1,56,44,1,56,12,11,2,1,0.0,0.0,61.41472795037496,0.0897876139625365,0.06823858661152774,0,0.0,0.0,0.6471734892787524,0.05404428113821999,0.23540581909455688,0.0,0.6471734892787524,0.05404428113821999,0.0,0.0027765118525287986,0.0,0.0,4.0,181,0,relay_rich_standardized,relay_rich_standardized,180,0.15,0.22,12,0.9166666666666666,1.0,0.5,0.6888888888888889,0.5918744819884705,1.0,78.30846497006081,1,0
605048496,relay_rich,scout_belief,crowd_vector,degraded,degraded,full_delivery,1,54,45,1,54,11,10,2,1,0.08333333333333333,0.08333333333333333,66.63715689893515,0.10713369276356133,0.07404128544326127,8,0.0,0.0,0.6444444444444446,0.05399732950504665,0.23996283325166787,0.0,0.6444444444444446,0.05399732950504665,0.0,0.0036368562776551896,0.0,0.0,4.0,181,0,relay_rich_standardized,relay_rich_standardized,180,0.15,0.22,12,0.8333333333333334,0.9166666666666666,0.5,0.7,0.5130286692565393,0.6,69.88240136959153,0,1
2611768064,relay_rich,scout_belief,crowd_vector,degraded,degraded,full_delivery,1,55,44,1,55,12,11,2,1,0.0,0.0,65.15177016905645,0.09695203894204829,0.07239085574339606,0,0.0,0.0,0.6607142857142857,0.049823485997036676,0.22969388138002841,0.0,0.6607142857142857,0.049823485997036676,0.0,0.002820140839314764,0.0,0.0,4.0,181,0,relay_rich_standardized,relay_rich_standardized,180,0.15,0.22,12,0.9166666666666666,1.0,0.5,0.6944444444444444,0.5593089138997804,1.0,77.94143590570802,1,0
2298394765,relay_rich,scout_belief,crowd_vector,degraded,degraded,full_delivery,1,55,44,1,55,12,11,2,1,0.0,0.0,73.91888613772677,0.10999834246685532,0.0821320957085853,8,0.0,0.0,0.6369047619047619,0.05180172005894186,0.2440735537195263,0.0,0.6369047619047619,0.05180172005894186,0.0,0.0027075032687182456,0.0,0.0,4.0,181,0,relay_rich_standardized,relay_rich_standardized,180,0.15,0.22,12,0.9166666666666666,1.0,0.5,0.6944444444444444,0.5000075342415667,0.6,73.11121659049304,1,0
3533601267,relay_rich,scout_belief,crowd_vector,degraded,degraded,full_delivery,1,56,44,1,56,12,11,2,1,0.0,0.0,61.82447325117648,0.09038665679996562,0.06869385916797387,0,0.0,0.0,0.6744639376218323,0.05146061557044181,0.22723878770602932,0.0,0.6744639376218323,0.05146061557044181,0.0,0.003148442828508941,0.0,0.0,4.0,181,0,relay_rich_standardized,relay_rich_standardized,180,0.15,0.22,12,0.9166666666666666,1.0,0.5,0.6888888888888889,0.5891515600001562,1.0,78.27034406222441,1,0
223479524,relay_rich,scout_belief,crowd_vector,degraded,degraded,full_delivery,1,57,44,1,57,11,10,2,1,0.08333333333333333,0.08333333333333333,65.7790707869092,0.10057961894022814,0.07308785642989911,0,0.0,0.0,0.6398467432950191,0.05407195335352283,0.2438064827941992,0.0,0.6398467432950191,0.05407195335352283,0.0,0.0027771729987700975,0.0,0.0,5.413793103448276,181,0,relay_rich_standardized,relay_rich_standardized,180,0.15,0.22,12,0.8333333333333334,0.9166666666666666,0.5,0.6833333333333333,0.5428199139080538,1.0,74.03281212804609,0,1
717927702,relay_rich,scout_belief,crowd_vector,degraded,degraded,full_delivery,1,55,44,1,55,12,11,2,1,0.0,0.0,64.10401194207247,0.09539287491379833,0.07122667993563608,0,0.0,0.0,0.6884920634920634,0.045265842846180016,0.21560211058751785,0.0,0.6884920634920634,0.045265842846180016,0.0,0.002666272615080274,0.0,0.0,4.0,181,0,relay_rich_standardized,relay_rich_standardized,180,0.15,0.22,12,0.9166666666666666,1.0,0.5,0.6944444444444444,0.5663960231190985,1.0,78.04065543477849,1,0
1559723335,relay_rich,scout_belief,crowd_vector,degraded,degraded,full_delivery,1,55,44,1,55,11,10,2,1,0.08333333333333333,0.08333333333333333,80.72364045261395,0.1269239629758081,0.08969293383623772,11,0.0,0.0,0.6686507936507936,0.05068883944466564,0.23112445297828427,0.0,0.6686507936507936,0.05068883944466564,0.0,0.0034355127983441446,0.0,0.0,4.0,181,0,relay_rich_standardized,relay_rich_standardized,180,0.15,0.22,12,0.8333333333333334,0.9166666666666666,0.5,0.6944444444444444,0.42307289556450867,0.44999999999999996,67.03413164901424,0,1
3994233722,relay_rich,scout_belief,crowd_vector,degraded,degraded,full_delivery,1,57,44,1,57,12,11,2,1,0.0,0.0,77.6755895019735,0.111602858479847,0.08630621055774834,9,0.0,0.0,0.6570881226053639,0.05208987238999136,0.23953240904243908,0.0,0.6570881226053639,0.05208987238999136,0.0,0.0032078365822644055,0.0,0.0,4.0,181,0,relay_rich_standardized,relay_rich_standardized,180,0.15,0.22,12,0.9166666666666666,1.0,0.5,0.6833333333333333,0.49271427963705916,0.55,72.33133324825216,1,0
887177512,relay_rich,scout_belief,crowd_vector,degraded,degraded,full_delivery,1,55,44,1,55,10,9,2,1,0.16666666666666666,0.16666666666666666,52.92018583984334,0.0889414888064594,0.058800206488714826,7,0.0,0.0,0.6428571428571429,0.05341801151260617,0.24155325881880055,0.0,0.6428571428571429,0.05341801151260617,0.0,0.003833670880456085,0.0,0.0,5.214285714285714,181,0,relay_rich_standardized,relay_rich_standardized,180,0.15,0.22,12,0.75,0.8333333333333334,0.5,0.6944444444444444,0.5957205054251846,0.65,67.9511981870637,0,1
1658040596,relay_rich,scout_belief,crowd_vector,degraded,degraded,full_delivery,1,58,44,1,58,12,12,2,2,0.0,0.0,64.48217856570841,0.09107652339789324,0.07164686507300934,0,0.0,0.0,0.6421845574387948,0.051477301500936316,0.23570535272073032,0.0,0.6421845574387948,0.051477301500936316,0.0,0.0034781310131455773,0.0,0.0,4.0,181,0,relay_rich_standardized,relay_rich_standardized,180,0.15,0.22,12,1.0,1.0,1.0,0.6777777777777778,0.586015802736849,1.0,89.04866568276033,1,0
2940746417,relay_rich,scout_belief,crowd_vector,degraded,degraded,full_delivery,1,58,44,1,58,11,11,2,2,0.08333333333333333,0.08333333333333333,66.9191796618021,0.10108637411148354,0.074354644068669,0,0.0,0.0,0.6327683615819208,0.05257649122113933,0.24518478221450127,0.0,0.6327683615819208,0.05257649122113933,0.0,0.0030255526354620436,0.0,0.0,5.52542372881356,181,0,relay_rich_standardized,relay_rich_standardized,180,0.15,0.22,12,0.9166666666666666,0.9166666666666666,1.0,0.6777777777777778,0.5405164813114385,1.0,84.91167518280459,0,1
873294988,relay_rich,scout_belief,crowd_vector,degraded,degraded,full_delivery,1,54,44,1,54,12,11,2,1,0.0,0.0,62.457086348790796,0.0946319490133194,0.06939676260976756,0,0.0,0.0,0.6424242424242425,0.058624176200492414,0.24854426365594204,0.0,0.6424242424242425,0.058624176200492414,0.0,0.0032270276659841705,0.0,0.0,4.0,181,0,relay_rich_standardized,relay_rich_standardized,180,0.15,0.22,12,0.9166666666666666,1.0,0.5,0.7,0.5698547772121846,1.0,78.17796688097057,1,0
3014947189,relay_rich,scout_belief,crowd_vector,degraded,degraded,full_delivery,1,55,44,1,55,12,11,2,1,0.0,0.0,67.28426056046418,0.10012538773878597,0.07476028951162686,7,0.0,0.0,0.6527777777777778,0.051170409552749575,0.22898520153995755,0.0,0.6527777777777778,0.051170409552749575,0.0,0.002623351647191068,0.0,0.0,4.0,181,0,relay_rich_standardized,relay_rich_standardized,180,0.15,0.22,12,0.9166666666666666,1.0,0.5,0.6944444444444444,0.5448846011873365,0.65,74.23949552773381,1,0
1776428339,relay_rich,scout_belief,crowd_vector,degraded,degraded,full_delivery,1,55,44,1,55,11,10,2,1,0.08333333333333333,0.08333333333333333,55.78543173317919,0.08911410819996675,0.061983813036865766,0,0.0,0.0,0.6587301587301587,0.049565555341474554,0.2337146294106843,0.0,0.6587301587301587,0.049565555341474554,0.0,0.002769259082902558,0.0,0.0,5.607142857142857,181,0,relay_rich_standardized,relay_rich_standardized,180,0.15,0.22,12,0.8333333333333334,0.9166666666666666,0.5,0.6944444444444444,0.594935871818333,1.0,74.94021331656778,0,1
1571700708,relay_rich,scout_belief,crowd_vector,degraded,degraded,full_delivery,1,60,45,1,60,11,11,2,1,0.08333333333333333,0.08333333333333333,91.92742185899459,0.13113754901425762,0.10214157984332732,11,0.0,0.0,0.6666666666666666,0.044799066837971684,0.2239822955190088,0.0,0.6666666666666666,0.044799066837971684,0.0,0.0028205987498305194,0.0,0.0,4.0,181,0,relay_rich_standardized,relay_rich_standardized,180,0.15,0.22,12,0.9166666666666666,0.9166666666666666,0.5,0.6666666666666667,0.40392023175337444,0.44999999999999996,68.32154991121389,0,1
2842434084,relay_rich,scout_belief,crowd_vector,degraded,degraded,full_delivery,1,57,45,1,57,12,11,2,1,0.0,0.0,96.35911905449159,0.13844701013576377,0.10706568783832399,10,0.0,0.0,0.6168582375478927,0.05204256598786414,0.2524665762411469,0.0,0.6168582375478927,0.05204256598786414,0.0,0.003462068222815058,0.0,0.0,4.0,181,0,relay_rich_standardized,relay_rich_standardized,180,0.15,0.22,12,0.9166666666666666,1.0,0.5,0.6833333333333333,0.370695408473801,0.5,70.12306905196655,1,1
1192715309,relay_rich,scout_belief,crowd_vector,degraded,degraded,full_delivery,1,54,44,1,54,11,11,2,1,0.08333333333333333,0.08333333333333333,60.789512973576045,0.09352232765165545,0.06754390330397338,0,0.0,0.0,0.6929292929292926,0.04688602536015915,0.2176863942387875,0.0,0.6929292929292926,0.04688602536015915,0.0,0.0031933628249970285,0.0,0.0,4.0,181,0,relay_rich_standardized,relay_rich_standardized,180,0.15,0.22,12,0.9166666666666666,0.9166666666666666,0.5,0.7,0.5748985106742934,1.0,76.7485791494401,0,1
1509753559,relay_rich,scout_belief,crowd_vector,degraded,degraded,full_delivery,1,56,45,1,56,12,12,2,2,0.0,0.0,96.09926252156961,0.14049599783855207,0.10677695835729957,11,0.0,0.0,0.631578947368421,0.055310200611800996,0.2519846818395234,0.0,0.631578947368421,0.055310200611800996,0.0,0.003562787572935556,0.0,0.0,4.0,181,0,relay_rich_standardized,relay_rich_standardized,180,0.15,0.22,12,1.0,1.0,1.0,0.6888888888888889,0.3613818280065815,0.44999999999999996,80.58156781431437,0,1
2887098021,relay_rich,scout_belief,crowd_vector,degraded,degraded,full_delivery,1,55,45,1,55,11,10,2,1,0.08333333333333333,0.08333333333333333,75.12915464397743,0.11702360536445082,0.08347683849330825,9,0.0,0.0,0.628968253968254,0.05181562151967406,0.2439974857245957,0.0,0.628968253968254,0.05181562151967406,0.0,0.00388458497315816,0.0,0.0,5.035714285714286,181,0,relay_rich_standardized,relay_rich_standardized,180,0.15,0.22,12,0.8333333333333334,0.9166666666666666,0.5,0.6944444444444444,0.46807452107067815,0.55,68.66415440610061,0,1
2420596976,relay_rich,scout_belief,crowd_vector,degraded,degraded,full_delivery,1,55,45,1,55,11,11,2,2,0.08333333333333333,0.08333333333333333,72.33737384539847,0.11391712416598185,0.08037485982822053,8,0.0,0.0,0.6904761904761905,0.05012663289798456,0.21735145229795214,0.0,0.6904761904761905,0.05012663289798456,0.0,0.002840226544745554,0.0,0.0,4.0,181,0,relay_rich_standardized,relay_rich_standardized,180,0.15,0.22,12,0.9166666666666666,0.9166666666666666,1.0,0.6944444444444444,0.482194890154628,0.6,80.3618395732759,0,1
3004782164,relay_rich,scout_belief,crowd_vector,degraded,degraded,full_delivery,1,56,44,1,56,11,11,2,2,0.08333333333333333,0.08333333333333333,75.9691004951153,0.11705562479986949,0.08441011166123923,7,0.0,0.0,0.6647173489278753,0.04919639496538592,0.23048500824902407,0.0,0.6647173489278753,0.04919639496538592,0.0,0.002763741326429641,0.0,0.0,4.0,181,0,relay_rich_standardized,relay_rich_standardized,180,0.15,0.22,12,0.9166666666666666,0.9166666666666666,1.0,0.6888888888888889,0.4679289781824114,0.65,80.57322791677596,0,1
1218200802,relay_rich,scout_belief,crowd_vector,degraded,degraded,full_delivery,1,54,44,1,54,12,11,2,1,0.0,0.0,62.94500297473913,0.09537121662839262,0.0699388921941546,6,0.0,0.0,0.6787878787878786,0.04766782029601342,0.22063746167716328,0.0,0.6787878787878786,0.04766782029601342,0.0,0.0022594863454818755,0.0,0.0,4.0,181,0,relay_rich_standardized,relay_rich_standardized,180,0.15,0.22,12,0.9166666666666666,1.0,0.5,0.7,0.5664944698709427,0.7,75.13092257819318,1,0
4264021391,relay_rich,scout_belief,crowd_vector,degraded,degraded,full_delivery,1,57,44,1,57,11,11,2,2,0.08333333333333333,0.08333333333333333,83.3124567375622,0.12453282023551898,0.09256939637506911,7,0.0,0.0,0.6570881226053639,0.05093928072586249,0.23347658948499075,0.0,0.6570881226053639,0.05093928072586249,0.0,0.003258482045808368,0.0,0.0,4.896551724137931,181,0,relay_rich_standardized,relay_rich_standardized,180,0.15,0.22,12,0.9166666666666666,0.9166666666666666,1.0,0.6833333333333333,0.4339417262021864,0.65,80.00851750016393,0,1
2652683328,relay_rich,scout_belief,crowd_vector,degraded,degraded,full_delivery,1,56,44,1,56,11,10,2,1,0.08333333333333333,0.08333333333333333,67.15148168927846,0.10362882976740502,0.07461275743253162,8,0.0,0.0,0.631578947368421,0.054167752843172275,0.2464489303338205,0.0,0.631578947368421,0.054167752843172275,0.0,0.0035532648027802555,0.0,0.0,5.228070175438597,181,0,relay_rich_standardized,relay_rich_standardized,180,0.15,0.22,12,0.8333333333333334,0.9166666666666666,0.5,0.6888888888888889,0.5289598646936136,0.6,69.92766032793283,0,1
2102286373,relay_rich,scout_belief,crowd_vector,degraded,degraded,full_delivery,1,54,45,1,54,11,10,2,1,0.08333333333333333,0.08333333333333333,61.07125324749627,0.10044614020969782,0.06785694805277363,0,0.0,0.0,0.63030303030303,0.053813503500562715,0.24504930085946552,0.0,0.63030303030303,0.053813503500562715,0.0,0.002918247858252063,0.0,0.0,5.8545454545454545,181,0,relay_rich_standardized,relay_rich_standardized,180,0.15,0.22,12,0.8333333333333334,0.9166666666666666,0.5,0.7,0.5434266354104644,1.0,74.3079728957465,0,1
3549049681,relay_rich,scout_belief,crowd_vector,degraded,degraded,full_delivery,1,54,43,1,54,12,11,2,1,0.0,0.0,62.57818604655252,0.09481543340386744,0.0695313178295028,0,0.0,0.0,0.6606060606060604,0.056677121624838914,0.2430435583305361,0.0,0.6606060606060604,0.056677121624838914,0.0,0.0028521689540234804,0.0,0.0,4.0,181,0,relay_rich_standardized,relay_rich_standardized,180,0.15,0.22,12,0.9166666666666666,1.0,0.5,0.7,0.569020757255148,1.0,78.16629060157206,1,0
3484496112,relay_rich,scout_belief,crowd_vector,degraded,degraded,full_delivery,1,54,44,1,54,11,10,2,1,0.08333333333333333,0.08333333333333333,59.693804995921276,0.09581670143807589,0.06632644999546808,7,0.0,0.0,0.6464646464646465,0.05843950841197623,0.25176157108237307,0.0,0.6464646464646465,0.05843950841197623,0.0,0.003141391118329842,0.0,0.0,4.0,181,0,relay_rich_standardized,relay_rich_standardized,180,0.15,0.22,12,0.8333333333333334,0.9166666666666666,0.5,0.7,0.5644695389178369,0.65,71.1025735448497,0,1
906373218,relay_rich,scout_belief,crowd_vector,degraded,degraded,full_delivery,1,58,44,1,58,12,11,2,1,0.0,0.0,82.19214600911407,0.11609060170778823,0.09132460667679342,0,0.0,0.0,0.6421845574387947,0.051832353471767255,0.2465949054504538,0.0,0.6421845574387947,0.051832353471767255,0.0,0.003358194358131124,0.0,0.0,4.0,181,0,relay_rich_standardized,relay_rich_standardized,180,0.15,0.22,12,0.9166666666666666,1.0,0.5,0.6777777777777778,0.4723154467827808,1.0,76.45686069940336,1,0
1386118849,relay_rich,scout_belief,crowd_vector,degraded,degraded,full_delivery,1,56,44,1,56,12,11,2,1,0.0,0.0,61.513725846026745,0.08993234772810928,0.06834858427336304,0,0.0,0.0,0.6354775828460039,0.05122610771063351,0.23807606204204054,0.0,0.6354775828460039,0.05122610771063351,0.0,0.003302417927739644,0.0,0.0,4.0,181,0,relay_rich_standardized,relay_rich_standardized,180,0.15,0.22,12,0.9166666666666666,1.0,0.5,0.6888888888888889,0.591216601235867,1.0,78.29925463952435,1,0
3135733532,relay_rich,delayed,autonomous,severe,severe,full_delivery,1,55,45,1,55,11,11,2,1,0.08333333333333333,0.08333333333333333,69.88546221698056,0.10493312645192275,0.07765051357442285,8,0.0,0.0,0.0,0.0,0.0,0.0,0.0,0.0,0.0,0.000191456168945889,0.0,0.0,8.0,181,0,relay_rich_standardized,relay_rich_standardized,180,0.15,0.22,12,0.9166666666666666,0.9166666666666666,0.5,0.6944444444444444,0.5230312434003511,0.6,71.93354851871602,0,1
3213108742,relay_rich,delayed,autonomous,severe,severe,full_delivery,1,56,45,1,56,10,10,2,1,0.16666666666666666,0.16666666666666666,79.32768218999688,0.12279826964395801,0.08814186909999654,8,0.0,0.0,0.0,0.0,0.0,0.0,0.0,0.0,0.0,0.0005318419238538921,0.0,0.0,8.0,181,0,relay_rich_standardized,relay_rich_standardized,180,0.15,0.22,12,0.8333333333333334,0.8333333333333334,0.5,0.6888888888888889,0.44182604707291817,0.6,67.2077868812431,0,1
3570336452,relay_rich,delayed,autonomous,severe,severe,full_delivery,1,56,46,1,56,10,9,2,1,0.16666666666666666,0.16666666666666666,62.526872336780094,0.1031796573214193,0.06947430259642233,8,0.0,0.0,0.0,0.0,0.0,0.0,0.0,0.0,0.0,0.0008025685608095194,0.0,0.0,8.0,181,0,relay_rich_standardized,relay_rich_standardized,180,0.15,0.22,12,0.75,0.8333333333333334,0.5,0.6888888888888889,0.5310015576299123,0.6,66.456244029041,0,1
1136917070,relay_rich,delayed,autonomous,severe,severe,full_delivery,1,55,45,1,55,12,11,2,1,0.0,0.0,82.32946219090614,0.12251408064122937,0.09147718021211794,9,0.0,0.0,0.0,0.0,0.0,0.0,0.0,0.0,0.0,0.0004832644849159968,0.0,0.0,8.0,181,0,relay_rich_standardized,relay_rich_standardized,180,0.15,0.22,12,0.9166666666666666,1.0,0.5,0.6944444444444444,0.4431178152671392,0.55,71.81476052485107,1,0
1534634854,relay_rich,delayed,autonomous,severe,severe,full_delivery,1,58,45,1,58,11,12,2,2,0.08333333333333333,0.08333333333333333,103.60098165370722,0.1510218391453458,0.11511220183745247,13,0.0,0.0,0.0,0.0,0.0,0.0,0.0,0.0,0.0,0.0019583312963809426,0.0,0.0,8.0,181,0,relay_rich_standardized,relay_rich_standardized,180,0.15,0.22,12,1.0,0.9166666666666666,1.0,0.6777777777777778,0.3135370947938827,0.35,77.2339637715588,0,1
2752255017,relay_rich,delayed,autonomous,severe,severe,full_delivery,1,54,46,1,54,11,10,2,1,0.08333333333333333,0.08333333333333333,82.34358066717238,0.132385177921499,0.0914928674079693,10,0.0,0.0,0.0,0.0,0.0,0.0,0.0,0.0,0.0,0.0003203257770413954,0.0,0.0,8.0,181,0,relay_rich_standardized,relay_rich_standardized,180,0.15,0.22,12,0.8333333333333334,0.9166666666666666,0.5,0.7,0.3982491912659136,0.5,67.27548867772279,0,1
1428752419,relay_rich,delayed,autonomous,severe,severe,full_delivery,1,55,45,1,55,10,9,2,1,0.16666666666666666,0.16666666666666666,66.25910018482331,0.11268554453201243,0.07362122242758146,9,0.0,0.0,0.0,0.0,0.0,0.0,0.0,0.0,0.0,0.0023058329007652704,0.0,0.0,13.857142857142858,181,0,relay_rich_standardized,relay_rich_standardized,180,0.15,0.22,12,0.75,0.8333333333333334,0.5,0.6944444444444444,0.4877929793999435,0.55,65.44021282271032,0,1
3567955609,relay_rich,delayed,autonomous,severe,severe,full_delivery,0,180,46,0,180,8,10,2,2,0.3333333333333333,0.3333333333333333,69.25229317907156,0.04366474979764915,0.07584019838176509,8,0.0,0.0,0.0,0.0,0.0,0.0,0.0,0.0,0.0,0.00023988720995632868,0.0,0.0,14.244444444444444,181,1,relay_rich_standardized,relay_rich_standardized,180,0.15,0.22,12,0.8333333333333334,0.6666666666666666,1.0,0.0,0.8015238645561402,0.6,67.22133410378596,0,1
3635949508,relay_rich,delayed,autonomous,severe,severe,full_delivery,1,56,46,1,56,11,10,2,1,0.08333333333333333,0.08333333333333333,82.74057153332565,0.12729318697434716,0.09193396837036183,10,0.0,0.0,0.0,0.0,0.0,0.0,0.0,0.0,0.0,0.00030332548193772835,0.0,0.0,8.0,181,0,relay_rich_standardized,relay_rich_standardized,180,0.15,0.22,12,0.8333333333333334,0.9166666666666666,0.5,0.6888888888888889,0.42139460466205836,0.5,67.42174668749105,0,1
2802393010,relay_rich,delayed,autonomous,severe,severe,full_delivery,1,57,45,1,57,10,9,2,1,0.16666666666666666,0.16666666666666666,104.22928000700071,0.1603527384723088,0.11581031111888967,14,0.0,0.0,0.0,0.0,0.0,0.0,0.0,0.0,0.0,0.0017569444622875798,0.0,0.0,9.655172413793103,181,0,relay_rich_standardized,relay_rich_standardized,180,0.15,0.22,12,0.75,0.8333333333333334,0.5,0.6833333333333333,0.27112391603496,0.30000000000000004,59.72906815782279,0,1
2338519983,relay_rich,delayed,autonomous,severe,severe,full_delivery,1,56,46,1,56,10,9,2,1,0.16666666666666666,0.16666666666666666,72.79469254130065,0.11554713101793754,0.08088299171255628,9,0.0,0.0,0.0,0.0,0.0,0.0,0.0,0.0,0.0,0.0005412562289249147,0.0,0.0,8.842105263157896,181,0,relay_rich_standardized,relay_rich_standardized,180,0.15,0.22,12,0.75,0.8333333333333334,0.5,0.6888888888888889,0.47478576810028394,0.55,65.16922297562621,0,1
3419946730,relay_rich,delayed,autonomous,severe,severe,full_delivery,1,55,44,1,55,10,10,2,1,0.16666666666666666,0.16666666666666666,72.54209392245231,0.1144197065022907,0.08060232658050256,9,0.0,0.0,0.0,0.0,0.0,0.0,0.0,0.0,0.0,0.0005900530464814454,0.0,0.0,8.0,181,0,relay_rich_standardized,relay_rich_standardized,180,0.15,0.22,12,0.8333333333333334,0.8333333333333334,0.5,0.6944444444444444,0.4799104249895877,0.55,67.32985706096535,0,1
4149396934,relay_rich,delayed,autonomous,severe,severe,full_delivery,1,56,45,1,56,11,10,2,1,0.08333333333333333,0.08333333333333333,102.83972192810421,0.15700720905054077,0.11426635769789356,14,0.0,0.0,0.0,0.0,0.0,0.0,0.0,0.0,0.0,0.002099315858292317,0.0,0.0,9.964912280701755,181,0,relay_rich_standardized,relay_rich_standardized,180,0.15,0.22,12,0.8333333333333334,0.9166666666666666,0.5,0.6888888888888889,0.2863308679520874,0.30000000000000004,63.53085437355146,0,1
2081652438,relay_rich,delayed,autonomous,severe,severe,full_delivery,1,52,44,1,52,12,11,2,1,0.0,0.0,69.11922943194477,0.10867803369802638,0.07679914381327198,8,0.0,0.0,0.0,0.0,0.0,0.0,0.0,0.0,0.0,0.0005255034028864401,0.0,0.0,8.0,181,0,relay_rich_standardized,relay_rich_standardized,180,0.15,0.22,12,0.9166666666666666,1.0,0.5,0.7111111111111111,0.5060089377362438,0.6,73.46190290608519,1,0
3655566819,relay_rich,delayed,autonomous,severe,severe,full_delivery,1,55,46,1,55,11,10,2,1,0.08333333333333333,0.08333333333333333,81.57890798801775,0.1278666269404667,0.0906432310977975,11,0.0,0.0,0.0,0.0,0.0,0.0,0.0,0.0,0.0,0.0006006254009376448,0.0,0.0,10.357142857142858,181,0,relay_rich_standardized,relay_rich_standardized,180,0.15,0.22,12,0.8333333333333334,0.9166666666666666,0.5,0.6944444444444444,0.4187880593615151,0.44999999999999996,66.97414394217233,0,1
3851135917,relay_rich,delayed,autonomous,severe,severe,full_delivery,1,56,44,1,56,11,12,2,2,0.08333333333333333,0.08333333333333333,68.3578850762772,0.1015718946155679,0.075953205640308,8,0.0,0.0,0.0,0.0,0.0,0.0,0.0,0.0,0.0,0.0004236346215201135,0.0,0.0,8.701754385964913,181,0,relay_rich_standardized,relay_rich_standardized,180,0.15,0.22,12,1.0,0.9166666666666666,1.0,0.6888888888888889,0.5383095699292368,0.6,83.05855620123153,0,1
1328733722,relay_rich,delayed,autonomous,severe,severe,full_delivery,1,54,45,1,54,10,9,2,1,0.16666666666666666,0.16666666666666666,56.404032094013516,0.09860844771680685,0.06267114677112613,8,0.0,0.0,0.0,0.0,0.0,0.0,0.0,0.0,0.0,0.0019164830681214996,0.0,0.0,10.981818181818182,181,0,relay_rich_standardized,relay_rich_standardized,180,0.15,0.22,12,0.75,0.8333333333333334,0.5,0.7,0.5517797831054234,0.6,66.92491696347594,0,1
3096741331,relay_rich,delayed,autonomous,severe,severe,full_delivery,1,57,45,1,57,10,9,2,1,0.16666666666666666,0.16666666666666666,88.95191067620439,0.1427799529313072,0.09883545630689376,11,0.0,0.0,0.0,0.0,0.0,0.0,0.0,0.0,0.0,0.004014932917733635,0.0,0.0,12.89655172413793,181,0,relay_rich_standardized,relay_rich_standardized,180,0.15,0.22,12,0.75,0.8333333333333334,0.5,0.6833333333333333,0.3510002139486036,0.44999999999999996,62.3473363286138,0,1
1851991685,relay_rich,delayed,autonomous,severe,severe,full_delivery,1,56,43,1,56,11,11,2,1,0.08333333333333333,0.08333333333333333,70.68677217032334,0.10661654927650578,0.07854085796702592,8,0.0,0.0,0.0,0.0,0.0,0.0,0.0,0.0,0.0,0.00012164524253751529,0.0,0.0,8.0,181,0,relay_rich_standardized,relay_rich_standardized,180,0.15,0.22,12,0.9166666666666666,0.9166666666666666,0.5,0.6888888888888889,0.5153793214704283,0.6,71.73753272280821,0,1
3687105337,relay_rich,delayed,autonomous,severe,severe,full_delivery,1,54,44,1,54,11,10,2,1,0.08333333333333333,0.08333333333333333,69.36097796430094,0.11370652125295237,0.07706775329366772,8,0.0,0.0,0.0,0.0,0.0,0.0,0.0,0.0,0.0,0.0003076843860693773,0.0,0.0,11.563636363636364,181,0,relay_rich_standardized,relay_rich_standardized,180,0.15,0.22,12,0.8333333333333334,0.9166666666666666,0.5,0.7,0.4831521761229438,0.6,69.46413046572121,0,1
2971733920,relay_rich,delayed,autonomous,severe,severe,full_delivery,1,53,44,1,53,12,11,2,1,0.0,0.0,69.66400955904541,0.10750618759111946,0.07740445506560602,8,0.0,0.0,0.0,0.0,0.0,0.0,0.0,0.0,0.0,0.0005224822322878024,0.0,0.0,8.0,181,0,relay_rich_standardized,relay_rich_standardized,180,0.15,0.22,12,0.9166666666666666,1.0,0.5,0.7055555555555555,0.5113355109494571,0.6,73.44758604218129,1,0
3531355076,relay_rich,delayed,autonomous,severe,severe,full_delivery,1,55,46,1,55,10,9,2,1,0.16666666666666666,0.16666666666666666,92.0478127459492,0.15601324194228677,0.10227534749549912,15,0.0,0.0,0.0,0.0,0.0,0.0,0.0,0.0,0.0,0.003103380493741292,0.0,0.0,10.285714285714286,181,0,relay_rich_standardized,relay_rich_standardized,180,0.15,0.22,12,0.75,0.8333333333333334,0.5,0.6944444444444444,0.2908489002623329,0.25,59.68299571478377,0,1
2215872989,relay_rich,delayed,autonomous,severe,severe,full_delivery,1,52,45,1,52,12,11,2,1,0.0,0.0,74.35350124143913,0.11690802081987285,0.08261500137937682,9,0.0,0.0,0.0,0.0,0.0,0.0,0.0,0.0,0.0,0.00015347953097421304,0.0,0.0,8.0,181,0,relay_rich_standardized,relay_rich_standardized,180,0.15,0.22,12,0.9166666666666666,1.0,0.5,0.7111111111111111,0.46859990536421436,0.55,72.43817645287677,1,0
2903421281,relay_rich,delayed,autonomous,severe,severe,full_delivery,1,55,46,1,55,12,11,2,1,0.0,0.0,109.67510391310704,0.163206999870695,0.12186122657011893,14,0.0,0.0,0.0,0.0,0.0,0.0,0.0,0.0,0.0,0.0019992408037077607,0.0,0.0,8.0,181,0,relay_rich_standardized,relay_rich_standardized,180,0.15,0.22,12,0.9166666666666666,1.0,0.5,0.6944444444444444,0.25815000058774995,0.30000000000000004,66.7252111193396,0,1
260037682,relay_rich,delayed,autonomous,severe,severe,full_delivery,1,56,46,1,56,10,10,2,1,0.16666666666666666,0.16666666666666666,107.87862459983832,0.16470019022876078,0.1198651384442648,14,0.0,0.0,0.0,0.0,0.0,0.0,0.0,0.0,0.0,0.002907239704262908,0.0,0.0,9.894736842105264,181,0,relay_rich_standardized,relay_rich_standardized,180,0.15,0.22,12,0.8333333333333334,0.8333333333333334,0.5,0.6888888888888889,0.251362771687451,0.30000000000000004,61.541301025846536,0,1
82517673,relay_rich,delayed,autonomous,severe,severe,full_delivery,1,57,46,1,57,9,10,2,2,0.25,0.25,98.56713408235225,0.16265203643952517,0.10951903786928029,15,0.0,0.0,0.0,0.0,0.0,0.0,0.0,0.0,0.0,0.003744433807966134,0.0,0.0,11.10344827586207,181,0,relay_rich_standardized,relay_rich_standardized,180,0.15,0.22,12,0.8333333333333334,0.75,1.0,0.6833333333333333,0.2606725616385219,0.25,68.58274919627266,0,1
733333803,relay_rich,delayed,autonomous,severe,severe,full_delivery,1,56,45,1,56,11,11,2,2,0.08333333333333333,0.08333333333333333,91.81215576776637,0.1430095884233121,0.1020135064086293,12,0.0,0.0,0.0,0.0,0.0,0.0,0.0,0.0,0.0,0.000670658464510295,0.0,0.0,10.87719298245614,181,0,relay_rich_standardized,relay_rich_standardized,180,0.15,0.22,12,0.9166666666666666,0.9166666666666666,1.0,0.6888888888888889,0.34995641625767226,0.4,76.42161204982963,0,1
3240360188,relay_rich,delayed,autonomous,severe,severe,full_delivery,1,55,45,1,55,9,9,2,1,0.25,0.25,80.15069996773832,0.13053859929599074,0.08905633329748702,10,0.0,0.0,0.0,0.0,0.0,0.0,0.0,0.0,0.0,0.00040306305989368,0.0,0.0,8.5,181,0,relay_rich_standardized,relay_rich_standardized,180,0.15,0.22,12,0.75,0.75,0.5,0.6944444444444444,0.40664273047276933,0.5,62.3041093377299,0,1
212127209,relay_rich,delayed,autonomous,severe,severe,full_delivery,1,56,44,1,56,12,11,2,1,0.0,0.0,70.18080475619067,0.10260351572542495,0.07797867195132296,7,0.0,0.0,0.0,0.0,0.0,0.0,0.0,0.0,0.0,0.00012679150184845324,0.0,0.0,8.0,181,0,relay_rich_standardized,relay_rich_standardized,180,0.15,0.22,12,0.9166666666666666,1.0,0.5,0.6888888888888889,0.5336203830662503,0.65,73.99290758514971,1,0
480576223,relay_rich,delayed,autonomous,severe,severe,full_delivery,1,55,45,1,55,11,10,2,1,0.08333333333333333,0.08333333333333333,72.32681449905142,0.11025429039489547,0.08036312722116824,8,0.0,0.0,0.0,0.0,0.0,0.0,0.0,0.0,0.0,0.000299599093505387,0.0,0.0,9.071428571428571,181,0,relay_rich_standardized,relay_rich_standardized,180,0.15,0.22,12,0.8333333333333334,0.9166666666666666,0.5,0.6944444444444444,0.49884413456865695,0.6,69.59492899507231,0,1
1871323751,relay_rich,delayed,autonomous,severe,severe,full_delivery,1,56,45,1,56,11,10,2,1,0.08333333333333333,0.08333333333333333,70.75518271781614,0.11090154031005664,0.07861686968646238,9,0.0,0.0,0.0,0.0,0.0,0.0,0.0,0.0,0.0,0.0013618642964370045,0.0,0.0,11.157894736842104,181,0,relay_rich_standardized,relay_rich_standardized,180,0.15,0.22,12,0.8333333333333334,0.9166666666666666,0.5,0.6888888888888889,0.49590208949974257,0.55,68.96485147521864,0,1
3381460268,relay_rich,delayed,autonomous,severe,severe,full_delivery,1,57,46,1,57,10,10,2,1,0.16666666666666666,0.16666666666666666,91.57457704496794,0.13853945090010278,0.10174953004996437,11,0.0,0.0,0.0,0.0,0.0,0.0,0.0,0.0,0.0,0.0004216418817811066,0.0,0.0,10.0,181,0,relay_rich_standardized,relay_rich_standardized,180,0.15,0.22,12,0.8333333333333334,0.8333333333333334,0.5,0.6833333333333333,0.370275223181351,0.44999999999999996,64.61718645787226,0,1
3952336474,relay_rich,delayed,crowd_vector,severe,severe,full_delivery,1,56,45,1,56,10,9,2,1,0.16666666666666666,0.16666666666666666,87.07290272799408,0.1377735802658134,0.0967476696977712,11,0.0,0.0,0.5692007797270955,0.07355197461087981,0.30559139857224354,0.0,0.5692007797270955,0.07355197461087981,0.0,0.0016724224585538008,0.0,0.0,9.052631578947368,181,0,relay_rich_standardized,relay_rich_standardized,180,0.15,0.22,12,0.75,0.8333333333333334,0.5,0.6888888888888889,0.37375645333721175,0.44999999999999996,62.754812568943194,0,1
2405818469,relay_rich,delayed,crowd_vector,severe,severe,full_delivery,1,55,45,1,55,10,10,2,1,0.16666666666666666,0.16666666666666666,59.11231155526158,0.09690542877911734,0.06568034617251287,0,0.0,0.0,0.5694444444444444,0.08047053365842192,0.308797346114937,0.0,0.5694444444444444,0.08047053365842192,0.0,0.0017389349363310174,0.0,0.0,11.142857142857142,181,0,relay_rich_standardized,relay_rich_standardized,180,0.15,0.22,12,0.8333333333333334,0.8333333333333334,0.5,0.6944444444444444,0.5595207782767393,1.0,72.94440200698546,0,1
2353047586,relay_rich,delayed,crowd_vector,severe,severe,full_delivery,1,53,44,1,53,11,10,2,1,0.08333333333333333,0.08333333333333333,62.56734579522769,0.0993132472940122,0.06951927310580854,6,0.0,0.0,0.5452674897119342,0.08756344425701122,0.3209220469078345,0.0,0.5452674897119342,0.08756344425701122,0.0,0.000816341004178071,0.0,0.0,9.25925925925926,181,0,relay_rich_standardized,relay_rich_standardized,180,0.15,0.22,12,0.8333333333333334,0.9166666666666666,0.5,0.7055555555555555,0.548576148663581,0.7,71.46895497017903,0,1
2056475755,relay_rich,delayed,crowd_vector,severe,severe,full_delivery,1,55,44,1,55,12,11,2,1,0.0,0.0,81.4748673771504,0.12124236216837858,0.09052763041905601,9,0.006493506493506494,0.09090909090909091,0.5456349206349206,0.0869922703922011,0.31850738137657497,0.0,0.5456349206349206,0.0869922703922011,0.0,0.0002525978498973313,0.0,0.0,8.0,181,0,relay_rich_standardized,relay_rich_standardized,180,0.15,0.22,12,0.9166666666666666,1.0,0.5,0.6944444444444444,0.44889835378009735,0.55,71.89568806403247,1,0
4269706036,relay_rich,delayed,crowd_vector,severe,severe,full_delivery,1,56,43,1,56,12,11,2,1,0.0,0.0,66.22248196652848,0.09681649410311181,0.07358053551836498,0,0.0,0.0,0.5282651072124757,0.08594209350909741,0.3271050709553939,0.0,0.5282651072124757,0.08594209350909741,0.0,0.0007588747574041355,0.0,0.0,8.0,181,0,relay_rich_standardized,relay_rich_standardized,180,0.15,0.22,12,0.9166666666666666,1.0,0.5,0.6888888888888889,0.5599250268040372,1.0,77.86117259747874,1,0
1428018324,relay_rich,delayed,crowd_vector,severe,severe,full_delivery,1,56,44,1,56,10,9,2,1,0.16666666666666666,0.16666666666666666,56.711491100037065,0.09221380666672693,0.06301276788893007,0,0.0,0.0,0.5867446393762181,0.07662081811382843,0.2936596505815413,0.0,0.5867446393762181,0.07662081811382843,0.0,0.0012599042243408463,0.0,0.0,10.31578947368421,181,0,relay_rich_standardized,relay_rich_standardized,180,0.15,0.22,12,0.75,0.8333333333333334,0.5,0.6888888888888889,0.5808463333330594,1.0,71.15407088888506,0,1
128052095,relay_rich,delayed,crowd_vector,severe,severe,full_delivery,1,55,44,1,55,10,11,2,2,0.16666666666666666,0.16666666666666666,72.40809046381129,0.11928845216443376,0.08045343384867921,9,0.0,0.0,0.5357142857142857,0.09015135578296561,0.3320195983123592,0.0,0.5357142857142857,0.09015135578296561,0.0,0.0005911770850806484,0.0,0.0,11.214285714285714,181,0,relay_rich_standardized,relay_rich_standardized,180,0.15,0.22,12,0.9166666666666666,0.8333333333333334,1.0,0.6944444444444444,0.4577797628889374,0.55,78.02002779155622,0,1
1282830968,relay_rich,delayed,crowd_vector,severe,severe,full_delivery,1,57,46,1,57,9,9,2,2,0.25,0.25,53.76653892489484,0.09416206466706627,0.05974059880543871,8,0.0,0.0,0.5651340996168582,0.08136380466472935,0.31132961343871657,0.0,0.5651340996168582,0.08136380466472935,0.0,0.0011646562302087742,0.0,0.0,9.655172413793103,181,0,relay_rich_standardized,relay_rich_standardized,180,0.15,0.22,12,0.75,0.75,1.0,0.6833333333333333,0.5719906151496987,0.6,74.44120194542911,0,1
3345241441,relay_rich,delayed,crowd_vector,severe,severe,full_delivery,1,56,44,1,56,12,11,2,1,0.0,0.0,78.06846965816916,0.11413518955872685,0.08674274406463241,8,0.0,0.0,0.5146198830409358,0.09534653667761095,0.33829897492760297,0.0,0.5146198830409358,0.09534653667761095,0.0,0.0004082304785680152,0.0,0.0,8.0,181,0,relay_rich_standardized,relay_rich_standardized,180,0.15,0.22,12,0.9166666666666666,1.0,0.5,0.6888888888888889,0.48120368382396883,0.6,72.75907379575779,1,0
2425354111,relay_rich,delayed,crowd_vector,severe,severe,full_delivery,1,57,44,1,57,11,10,2,1,0.08333333333333333,0.08333333333333333,68.36075714244349,0.10468722380159799,0.07595639682493721,0,0.0,0.0,0.5804597701149427,0.07501673607558747,0.29722889188816476,0.0,0.5804597701149427,0.07501673607558747,0.0,0.00017169713143927302,0.0,0.0,8.0,181,0,relay_rich_standardized,relay_rich_standardized,180,0.15,0.22,12,0.8333333333333334,0.9166666666666666,0.5,0.6833333333333333,0.5241489827200092,1.0,73.77141909141346,0,1
1992188773,relay_rich,delayed,crowd_vector,severe,severe,full_delivery,1,57,44,1,57,10,10,2,1,0.16666666666666666,0.16666666666666666,73.16161002225175,0.11378166410925622,0.08129067780250195,7,0.0,0.0,0.5804597701149427,0.0779610331468601,0.29053513554997223,0.0,0.5804597701149427,0.0779610331468601,0.0,0.0003474845848977341,0.0,0.0,8.0,181,0,relay_rich_standardized,relay_rich_standardized,180,0.15,0.22,12,0.8333333333333334,0.8333333333333334,0.5,0.6833333333333333,0.48281061768519895,0.65,68.19268198092614,0,1
3987540604,relay_rich,delayed,crowd_vector,severe,severe,full_delivery,1,54,45,1,54,12,11,2,1,0.0,0.0,60.27365900175543,0.09132372576023551,0.0669707322241727,0,0.0,0.0,0.5474747474747474,0.08004751323066546,0.30899966864684736,0.0,0.5474747474747474,0.08004751323066546,0.0,0.0007987345187020718,0.0,0.0,8.0,181,0,relay_rich_standardized,relay_rich_standardized,180,0.15,0.22,12,0.9166666666666666,1.0,0.5,0.7,0.5848921556352931,1.0,78.38849017889409,1,0
1608712185,relay_rich,delayed,crowd_vector,severe,severe,full_delivery,1,56,45,1,56,11,10,2,1,0.08333333333333333,0.08333333333333333,87.6784100896091,0.13699751576501423,0.09742045565512122,0,0.0,0.0,0.5516569200779727,0.08113595348775074,0.31424012431613235,0.0,0.5516569200779727,0.08113595348775074,0.0,0.0034451453434410557,0.0,0.0,11.017543859649123,181,0,relay_rich_standardized,relay_rich_standardized,180,0.15,0.22,12,0.8333333333333334,0.9166666666666666,0.5,0.6888888888888889,0.37728401924993527,1.0,71.80419849172132,0,1
1600543002,relay_rich,delayed,crowd_vector,severe,severe,full_delivery,1,54,44,1,54,11,10,2,1,0.08333333333333333,0.08333333333333333,73.89006905776017,0.11975700009361454,0.08210007673084463,0,0.0,0.0,0.5131313131313131,0.09179898247983154,0.33701514536842975,0.0,0.5131313131313131,0.09179898247983154,0.0,0.001443783697700089,0.0,0.0,11.054545454545455,181,0,relay_rich_standardized,relay_rich_standardized,180,0.15,0.22,12,0.8333333333333334,0.9166666666666666,0.5,0.7,0.4556499995744794,1.0,73.0790999940427,0,1
1794245951,relay_rich,delayed,crowd_vector,severe,severe,full_delivery,1,56,44,1,56,10,12,2,2,0.16666666666666666,0.16666666666666666,70.25752327994853,0.10470569788367888,0.07806391475549837,0,0.0,0.0,0.5516569200779726,0.08542358262288102,0.3221566054903126,0.0,0.5516569200779726,0.08542358262288102,0.0,0.00010034638104472432,0.0,0.0,8.350877192982455,181,0,relay_rich_standardized,relay_rich_standardized,180,0.15,0.22,12,1.0,0.8333333333333334,1.0,0.6888888888888889,0.5240650096196415,1.0,85.35913235689719,0,1
180346932,relay_rich,delayed,crowd_vector,severe,severe,full_delivery,1,56,44,1,56,11,10,2,1,0.08333333333333333,0.08333333333333333,61.22565431850992,0.0962667520731288,0.06802850479834435,0,0.0,0.0,0.5555555555555556,0.07371788490035106,0.29912660306975974,0.0,0.5555555555555556,0.07371788490035106,0.0,0.0014463842169497856,0.0,0.0,11.298245614035087,181,0,relay_rich_standardized,relay_rich_standardized,180,0.15,0.22,12,0.8333333333333334,0.9166666666666666,0.5,0.6888888888888889,0.5624238542130509,1.0,74.39615618120494,0,1
122620408,relay_rich,delayed,crowd_vector,severe,severe,full_delivery,1,51,44,1,51,12,11,2,1,0.0,0.0,61.96211843479172,0.09929826672242263,0.0688467982608797,6,0.0,0.0,0.5363247863247863,0.0842787517024021,0.32014768153368883,0.0,0.5363247863247863,0.0842787517024021,0.0,0.0009379362272755172,0.0,0.0,8.0,181,0,relay_rich_standardized,relay_rich_standardized,180,0.15,0.22,12,0.9166666666666666,1.0,0.5,0.7166666666666667,0.5486442421708062,0.7,75.14768605705794,1,0
1684234245,relay_rich,delayed,crowd_vector,severe,severe,full_delivery,1,56,43,1,56,11,11,2,1,0.08333333333333333,0.08333333333333333,63.52378182206013,0.09397009145275168,0.07058197980228903,0,0.0,0.0,0.5458089668615985,0.08264968191030635,0.31750517440155196,0.0,0.5458089668615985,0.08264968191030635,0.0,0.000699604222582771,0.0,0.0,8.491228070175438,181,0,relay_rich_standardized,relay_rich_standardized,180,0.15,0.22,12,0.9166666666666666,0.9166666666666666,0.5,0.6888888888888889,0.5728632206693105,1.0,76.54230731159255,0,1
3191052872,relay_rich,delayed,crowd_vector,severe,severe,full_delivery,1,58,46,1,58,11,11,2,1,0.08333333333333333,0.08333333333333333,96.36019936353158,0.13687528318683462,0.10706688818170175,0,0.0,0.0,0.544256120527307,0.0870893833872969,0.3244625169808341,0.0,0.544256120527307,0.0870893833872969,0.0,0.0017168119810355676,0.0,0.0,8.0,181,0,relay_rich_standardized,relay_rich_standardized,180,0.15,0.22,12,0.9166666666666666,0.9166666666666666,0.5,0.6777777777777778,0.37783962187802445,1.0,73.63419915073678,0,1
3379879990,relay_rich,delayed,crowd_vector,severe,severe,full_delivery,1,57,44,1,57,10,10,2,2,0.16666666666666666,0.16666666666666666,57.393847450441,0.09242165450956683,0.06377094161160111,6,0.0,0.0,0.5344827586206896,0.08358664231298928,0.3135981654857203,0.0,0.5344827586206896,0.08358664231298928,0.0,0.0005687909970734959,0.0,0.0,13.03448275862069,181,0,relay_rich_standardized,relay_rich_standardized,180,0.15,0.22,12,0.8333333333333334,0.8333333333333334,1.0,0.6833333333333333,0.5799015704110599,0.7,79.05195531908817,0,1
2563269435,relay_rich,delayed,crowd_vector,severe,severe,full_delivery,1,58,45,1,58,12,11,2,1,0.0,0.0,89.18489741509181,0.12596736923035567,0.09909433046121312,0,0.0,0.0,0.5442561205273069,0.08106594389383273,0.3176701769842482,0.0,0.5442561205273069,0.08106594389383273,0.0,0.0013099995783857794,0.0,0.0,8.0,181,0,relay_rich_standardized,relay_rich_standardized,180,0.15,0.22,12,0.9166666666666666,1.0,0.5,0.6777777777777778,0.42742104895292876,1.0,75.82833912978543,1,0
1656193885,relay_rich,delayed,crowd_vector,severe,severe,full_delivery,1,52,44,1,52,11,10,2,1,0.08333333333333333,0.08333333333333333,60.61880580599638,0.10205186162625653,0.06735422867332931,8,0.0,0.0,0.5911949685534592,0.07602745540757305,0.28910391849632255,0.0,0.5911949685534592,0.07602745540757305,0.0,0.0008577065767301005,0.0,0.0,8.0,181,0,relay_rich_standardized,relay_rich_standardized,180,0.15,0.22,12,0.8333333333333334,0.9166666666666666,0.5,0.7111111111111111,0.536127901698834,0.6,70.38356840156146,0,1
761622008,relay_rich,delayed,crowd_vector,severe,severe,full_delivery,1,58,45,1,58,10,9,2,1,0.16666666666666666,0.16666666666666666,81.43264931505135,0.12723851455476773,0.09048072146116817,0,0.0,0.0,0.5612052730696799,0.07075727476849747,0.2936896546398338,0.0,0.5612052730696799,0.07075727476849747,0.0,0.0030734983344322723,0.0,0.0,12.474576271186441,181,0,relay_rich_standardized,relay_rich_standardized,180,0.15,0.22,12,0.75,0.8333333333333334,0.5,0.6777777777777778,0.4216431156601467,1.0,68.7474480636865,0,1
2452260998,relay_rich,delayed,crowd_vector,severe,severe,full_delivery,1,57,45,1,57,11,11,2,2,0.08333333333333333,0.08333333333333333,93.98731420356698,0.14685517844307341,0.10443034911507443,12,0.0,0.0,0.553639846743295,0.07343961952442479,0.3136572696238085,0.0,0.553639846743295,0.07343961952442479,0.0,0.0038694927956080187,0.0,0.0,11.793103448275861,181,0,relay_rich_standardized,relay_rich_standardized,180,0.15,0.22,12,0.9166666666666666,0.9166666666666666,1.0,0.6833333333333333,0.3324764616223935,0.4,76.08800379604683,0,1
2472762119,relay_rich,delayed,crowd_vector,severe,severe,full_delivery,1,57,45,1,57,10,10,2,1,0.16666666666666666,0.16666666666666666,90.01413748377993,0.13999088255642292,0.10001570831531104,12,0.006666666666666667,0.1,0.5459770114942529,0.0789489796557896,0.3158775539982131,0.0,0.5459770114942529,0.0789489796557896,0.0,0.0007102379521606526,0.0,0.0,8.0,181,0,relay_rich_standardized,relay_rich_standardized,180,0.15,0.22,12,0.8333333333333334,0.8333333333333334,0.5,0.6833333333333333,0.363677806561714,0.4,64.02482262519734,0,1
2453869957,relay_rich,delayed,crowd_vector,severe,severe,full_delivery,1,56,44,1,56,12,12,2,2,0.0,0.0,68.84316492984658,0.10064790194422014,0.07649240547760731,6,0.0,0.0,0.5380116959064328,0.08409527173694376,0.3295038295829785,0.0,0.5380116959064328,0.08409527173694376,0.0,0.0006865682877312387,0.0,0.0,8.0,181,0,relay_rich_standardized,relay_rich_standardized,180,0.15,0.22,12,1.0,1.0,1.0,0.6888888888888889,0.5425095366171812,0.7,85.61735573486276,1,0
1932740125,relay_rich,delayed,crowd_vector,severe,severe,full_delivery,1,58,46,1,58,11,10,2,1,0.08333333333333333,0.08333333333333333,95.07406564894168,0.14559581263237623,0.10563785072104631,12,0.0,0.0,0.5480225988700566,0.08195149620322789,0.3073240857617637,0.0,0.5480225988700566,0.08195149620322789,0.0,0.0016960532689107705,0.0,0.0,8.0,181,0,relay_rich_standardized,relay_rich_standardized,180,0.15,0.22,12,0.8333333333333334,0.9166666666666666,0.5,0.6777777777777778,0.3382008516710172,0.4,65.0792563678387,0,1
827424083,relay_rich,delayed,crowd_vector,severe,severe,full_delivery,1,54,44,1,54,11,11,2,1,0.08333333333333333,0.08333333333333333,63.18053019345776,0.09871957842727776,0.07020058910384196,0,0.0,0.0,0.5777777777777778,0.0812674447895895,0.3053022165035676,0.0,0.5777777777777778,0.0812674447895895,0.0,0.0008669451921496315,0.0,0.0,8.0,181,0,relay_rich_standardized,relay_rich_standardized,180,0.15,0.22,12,0.9166666666666666,0.9166666666666666,0.5,0.7,0.5512746435123739,1.0,76.41784500917322,0,1
1406943397,relay_rich,delayed,crowd_vector,severe,severe,full_delivery,1,53,44,1,53,11,10,2,1,0.08333333333333333,0.08333333333333333,70.89416637203725,0.11434542963231814,0.07877129596893027,8,0.0,0.0,0.5493827160493827,0.09946562882737595,0.33882874660422474,0.0,0.5493827160493827,0.09946562882737595,0.0,0.0011414037735186667,0.0,0.0,10.0,181,0,relay_rich_standardized,relay_rich_standardized,180,0.15,0.22,12,0.8333333333333334,0.9166666666666666,0.5,0.7055555555555555,0.4802480471258266,0.6,69.51236154865046,0,1
3545972290,relay_rich,delayed,crowd_vector,severe,severe,full_delivery,1,55,44,1,55,11,10,2,1,0.08333333333333333,0.08333333333333333,63.69316795756646,0.0969454611226278,0.07077018661951828,0,0.0,0.0,0.5734126984126985,0.08003020539437987,0.30305572000496667,0.0,0.5734126984126985,0.08003020539437987,0.0,0.0007546653368279717,0.0,0.0,9.0,181,0,relay_rich_standardized,relay_rich_standardized,180,0.15,0.22,12,0.8333333333333334,0.9166666666666666,0.5,0.6944444444444444,0.5593388130789646,1.0,74.44185449421661,0,1
4287479046,relay_rich,delayed,crowd_vector,severe,severe,full_delivery,1,57,45,1,57,11,11,2,2,0.08333333333333333,0.08333333333333333,67.40649725222389,0.10532265195659982,0.07489610805802654,8,0.0,0.0,0.5402298850574713,0.08603887650811375,0.3173143731037598,0.0,0.5402298850574713,0.08603887650811375,0.0,0.00019323234761074628,0.0,0.0,8.0,181,0,relay_rich_standardized,relay_rich_standardized,180,0.15,0.22,12,0.9166666666666666,0.9166666666666666,1.0,0.6833333333333333,0.5212606729245464,0.6,80.73098275427697,0,1
3837389865,relay_rich,delayed,crowd_vector,severe,severe,full_delivery,1,54,44,1,54,12,11,2,1,0.0,0.0,64.90773653123406,0.09834505535035465,0.07211970725692674,0,0.0,0.0,0.5353535353535354,0.07972470107121962,0.31487131513307065,0.0,0.5353535353535354,0.07972470107121962,0.0,0.00025804600607402995,0.0,0.0,8.0,181,0,relay_rich_standardized,relay_rich_standardized,180,0.15,0.22,12,0.9166666666666666,1.0,0.5,0.7,0.5529770211347516,1.0,77.9416782958865,1,0
3098169875,relay_rich,scout_belief,autonomous,severe,severe,full_delivery,1,57,45,1,57,11,10,2,1,0.08333333333333333,0.08333333333333333,64.9564518613157,0.09510461473106252,0.07217383540146188,0,0.0,0.0,0.0,0.0,0.0,0.0,0.0,0.0,0.0,0.0028775215921968606,0.0,0.0,8.827586206896552,181,0,relay_rich_standardized,relay_rich_standardized,180,0.15,0.22,12,0.8333333333333334,0.9166666666666666,0.5,0.6833333333333333,0.5677062966769886,1.0,74.38122148681117,0,1
3244120159,relay_rich,scout_belief,autonomous,severe,severe,full_delivery,1,55,45,1,55,12,11,2,1,0.0,0.0,67.49833904616507,0.10044395691393612,0.07499815449573898,8,0.0,0.0,0.0,0.0,0.0,0.0,0.0,0.0,0.0,0.0021248976836252737,0.0,0.0,8.0,181,0,relay_rich_standardized,relay_rich_standardized,180,0.15,0.22,12,0.9166666666666666,1.0,0.5,0.6944444444444444,0.5434365594821086,0.6,73.71922294386061,1,0
1836484857,relay_rich,scout_belief,autonomous,severe,severe,full_delivery,1,56,46,1,56,9,9,2,1,0.25,0.25,50.72743671096614,0.09156577023640097,0.056363818567740157,6,0.0,0.0,0.0,0.0,0.0,0.0,0.0,0.0,0.0,0.0028996698317266894,0.0,0.0,11.719298245614034,181,0,relay_rich_standardized,relay_rich_standardized,180,0.15,0.22,12,0.75,0.75,0.5,0.6888888888888889,0.5837919534709046,0.7,66.69530957081489,0,1
2237059836,relay_rich,scout_belief,autonomous,severe,severe,full_delivery,1,56,44,1,56,11,11,2,2,0.08333333333333333,0.08333333333333333,66.01252185743336,0.10346790259785793,0.07334724650825929,8,0.0,0.0,0.0,0.0,0.0,0.0,0.0,0.0,0.0,0.002402616142457522,0.0,0.0,11.157894736842104,181,0,relay_rich_standardized,relay_rich_standardized,180,0.15,0.22,12,0.9166666666666666,0.9166666666666666,1.0,0.6888888888888889,0.5296913518279185,0.6,80.93790114781308,0,1
162816605,relay_rich,scout_belief,autonomous,severe,severe,full_delivery,1,55,45,1,55,12,11,2,1,0.0,0.0,64.21205723659655,0.0955536566020782,0.07134673026288506,0,0.0,0.0,0.0,0.0,0.0,0.0,0.0,0.0,0.0,0.002871777986755917,0.0,0.0,8.0,181,0,relay_rich_standardized,relay_rich_standardized,180,0.15,0.22,12,0.9166666666666666,1.0,0.5,0.6944444444444444,0.5656651972632809,1.0,78.03042387279704,1,0
2452064624,relay_rich,scout_belief,autonomous,severe,severe,full_delivery,1,55,45,1,55,11,10,2,1,0.08333333333333333,0.08333333333333333,65.51259123933224,0.09956320857041373,0.07279176804370249,7,0.0,0.0,0.0,0.0,0.0,0.0,0.0,0.0,0.0,0.002281268512903101,0.0,0.0,8.928571428571429,181,0,relay_rich_standardized,relay_rich_standardized,180,0.15,0.22,12,0.8333333333333334,0.9166666666666666,0.5,0.6944444444444444,0.547439961043574,0.65,70.77527056572114,0,1
3073143390,relay_rich,scout_belief,autonomous,severe,severe,full_delivery,1,59,47,1,59,12,12,2,2,0.0,0.0,102.54768099488916,0.14242733471512384,0.11394186777209907,13,0.0,0.0,0.0,0.0,0.0,0.0,0.0,0.0,0.0,0.002858360901758479,0.0,0.0,8.0,181,0,relay_rich_standardized,relay_rich_standardized,180,0.15,0.22,12,1.0,1.0,1.0,0.6722222222222223,0.35260302402216437,0.35,79.19199789186585,0,1
3353634944,relay_rich,scout_belief,autonomous,severe,severe,full_delivery,1,56,44,1,56,12,11,2,1,0.0,0.0,68.52997926478857,0.10019002816489557,0.07614442140532063,8,0.0,0.0,0.0,0.0,0.0,0.0,0.0,0.0,0.0,0.0024763990456338927,0.0,0.0,8.0,181,0,relay_rich_standardized,relay_rich_standardized,180,0.15,0.22,12,0.9166666666666666,1.0,0.5,0.6888888888888889,0.5445907810686565,0.6,73.64649315718341,1,0
3584066919,relay_rich,scout_belief,autonomous,severe,severe,full_delivery,1,55,45,1,55,11,10,2,1,0.08333333333333333,0.08333333333333333,65.60503149333074,0.10650167450216029,0.07289447943703416,8,0.0,0.0,0.0,0.0,0.0,0.0,0.0,0.0,0.0,0.002623771940079095,0.0,0.0,11.928571428571429,181,0,relay_rich_standardized,relay_rich_standardized,180,0.15,0.22,12,0.8333333333333334,0.9166666666666666,0.5,0.6944444444444444,0.515901479535635,0.6,69.83373182461001,0,1
728629714,relay_rich,scout_belief,autonomous,severe,severe,full_delivery,1,56,46,1,56,11,10,2,1,0.08333333333333333,0.08333333333333333,91.40648306351109,0.14062535855924782,0.10156275895945677,12,0.0,0.0,0.0,0.0,0.0,0.0,0.0,0.0,0.0,0.0029052589942383197,0.0,0.0,10.31578947368421,181,0,relay_rich_standardized,relay_rich_standardized,180,0.15,0.22,12,0.8333333333333334,0.9166666666666666,0.5,0.6888888888888889,0.36079382473069177,0.4,65.57333576845193,0,1
2427842954,relay_rich,scout_belief,autonomous,severe,severe,full_delivery,1,57,46,1,57,10,9,2,1,0.16666666666666666,0.16666666666666666,55.62364612863365,0.09255182384132055,0.061804051254037394,0,0.0,0.0,0.0,0.0,0.0,0.0,0.0,0.0,0.0,0.0035661912397472115,0.0,0.0,11.03448275862069,181,0,relay_rich_standardized,relay_rich_standardized,180,0.15,0.22,12,0.75,0.8333333333333334,0.5,0.6833333333333333,0.5793098916303612,1.0,71.0436718161584,0,1
1179351206,relay_rich,scout_belief,autonomous,severe,severe,full_delivery,1,56,45,1,56,12,11,2,1,0.0,0.0,76.61933752242678,0.11201657532518534,0.08513259724714087,9,0.0,0.0,0.0,0.0,0.0,0.0,0.0,0.0,0.0,0.0025123794882572032,0.0,0.0,8.0,181,0,relay_rich_standardized,relay_rich_standardized,180,0.15,0.22,12,0.9166666666666666,1.0,0.5,0.6888888888888889,0.49083374852188477,0.55,72.39389470152861,1,0
3312560452,relay_rich,scout_belief,autonomous,severe,severe,full_delivery,1,54,47,1,54,10,9,2,1,0.16666666666666666,0.16666666666666666,82.85763594348933,0.14115440535517773,0.09206403993721037,11,0.0,0.0,0.0,0.0,0.0,0.0,0.0,0.0,0.0,0.002359442229006239,0.0,0.0,13.163636363636364,181,0,relay_rich_standardized,relay_rich_standardized,180,0.15,0.22,12,0.75,0.8333333333333334,0.5,0.7,0.3583890665673739,0.44999999999999996,62.71744693194324,0,1
1218426668,relay_rich,scout_belief,autonomous,severe,severe,full_delivery,1,56,46,1,56,10,9,2,1,0.16666666666666666,0.16666666666666666,102.02979473461046,0.1569689149763238,0.11336643859401163,12,0.0,0.0,0.0,0.0,0.0,0.0,0.0,0.0,0.0,0.0024180674625099464,0.0,0.0,9.192982456140351,181,0,relay_rich_standardized,relay_rich_standardized,180,0.15,0.22,12,0.75,0.8333333333333334,0.5,0.6888888888888889,0.28650493192580095,0.4,61.033291269183444,0,1
2908563013,relay_rich,scout_belief,autonomous,severe,severe,full_delivery,1,56,46,1,56,10,10,2,1,0.16666666666666666,0.16666666666666666,88.45456627203971,0.13995975675955652,0.09828285141337746,12,0.0,0.0,0.0,0.0,0.0,0.0,0.0,0.0,0.0,0.0029151380882258596,0.0,0.0,10.035087719298245,181,0,relay_rich_standardized,relay_rich_standardized,180,0.15,0.22,12,0.8333333333333334,0.8333333333333334,0.5,0.6888888888888889,0.3638192874565612,0.4,64.11569224661409,0,1
123434025,relay_rich,scout_belief,autonomous,severe,severe,full_delivery,1,59,46,1,59,9,9,2,2,0.25,0.25,85.81181124834379,0.14090609400384857,0.09534645694260421,14,0.0,0.0,0.0,0.0,0.0,0.0,0.0,0.0,0.0,0.004861753311136659,0.0,0.0,13.266666666666667,181,0,relay_rich_standardized,relay_rich_standardized,180,0.15,0.22,12,0.75,0.75,1.0,0.6722222222222223,0.3595177545279611,0.30000000000000004,68.28880411894701,0,1
129810753,relay_rich,scout_belief,autonomous,severe,severe,full_delivery,1,58,46,1,58,9,9,2,2,0.25,0.25,93.36911934838356,0.15181970625753424,0.1037434659426484,12,0.0,0.0,0.0,0.0,0.0,0.0,0.0,0.0,0.0,0.0034825114267193337,0.0,0.0,11.525423728813559,181,0,relay_rich_standardized,relay_rich_standardized,180,0.15,0.22,12,0.75,0.75,1.0,0.6777777777777778,0.30991042610211705,0.4,68.68319040987409,0,1
2378745105,relay_rich,scout_belief,autonomous,severe,severe,full_delivery,1,55,44,1,55,11,11,2,1,0.08333333333333333,0.08333333333333333,62.60476528081285,0.09471220163511777,0.06956085031201428,0,0.0,0.0,0.0,0.0,0.0,0.0,0.0,0.0,0.0,0.002912888833198922,0.0,0.0,8.0,181,0,relay_rich_standardized,relay_rich_standardized,180,0.15,0.22,12,0.9166666666666666,0.9166666666666666,0.5,0.6944444444444444,0.5694899925676464,1.0,76.58397100705815,0,1
3354836680,relay_rich,scout_belief,autonomous,severe,severe,full_delivery,1,55,45,1,55,11,10,2,1,0.08333333333333333,0.08333333333333333,68.07378551066125,0.10537737695148801,0.07563753945629029,7,0.0,0.0,0.0,0.0,0.0,0.0,0.0,0.0,0.0,0.002086496651611512,0.0,0.0,8.0,181,0,relay_rich_standardized,relay_rich_standardized,180,0.15,0.22,12,0.8333333333333334,0.9166666666666666,0.5,0.6944444444444444,0.5210119229477818,0.65,70.40527803238005,0,1
1672513519,relay_rich,scout_belief,autonomous,severe,severe,full_delivery,1,56,44,1,56,11,10,2,1,0.08333333333333333,0.08333333333333333,64.73033719175793,0.09777996554646212,0.07192259687973103,0,0.0,0.0,0.0,0.0,0.0,0.0,0.0,0.0,0.0,0.003326206224393922,0.0,0.0,9.473684210526315,181,0,relay_rich_standardized,relay_rich_standardized,180,0.15,0.22,12,0.8333333333333334,0.9166666666666666,0.5,0.6888888888888889,0.5555456111524448,1.0,74.29986077835645,0,1
3450439584,relay_rich,scout_belief,autonomous,severe,severe,full_delivery,1,57,44,1,57,11,11,2,2,0.08333333333333333,0.08333333333333333,67.98672957600363,0.1028543563933489,0.07554081064000402,0,0.0,0.0,0.0,0.0,0.0,0.0,0.0,0.0,0.0,0.002972120427663708,0.0,0.0,10.344827586206897,181,0,relay_rich_standardized,relay_rich_standardized,180,0.15,0.22,12,0.9166666666666666,0.9166666666666666,1.0,0.6833333333333333,0.5324801982120504,1.0,84.88805610830202,0,1
3411791815,relay_rich,scout_belief,autonomous,severe,severe,full_delivery,1,56,46,1,56,11,10,2,1,0.08333333333333333,0.08333333333333333,101.84974031023656,0.156451213994219,0.11316637812248506,13,0.0,0.0,0.0,0.0,0.0,0.0,0.0,0.0,0.0,0.0032360718186924555,0.0,0.0,10.24561403508772,181,0,relay_rich_standardized,relay_rich_standardized,180,0.15,0.22,12,0.8333333333333334,0.9166666666666666,0.5,0.6888888888888889,0.2888581182080955,0.35,64.06623587713557,0,1
3152228904,relay_rich,scout_belief,autonomous,severe,severe,full_delivery,1,57,45,1,57,11,10,2,1,0.08333333333333333,0.08333333333333333,99.76793427656894,0.14912994660174728,0.11085326030729882,12,0.0,0.0,0.0,0.0,0.0,0.0,0.0,0.0,0.0,0.004478750935901042,0.0,0.0,8.0,181,0,relay_rich_standardized,relay_rich_standardized,180,0.15,0.22,12,0.8333333333333334,0.9166666666666666,0.5,0.6833333333333333,0.3221366063556942,0.4,64.94324582231306,0,1
422617243,relay_rich,scout_belief,autonomous,severe,severe,full_delivery,1,57,46,1,57,12,11,2,1,0.0,0.0,103.45646240515094,0.14864434253613643,0.11495162489461216,13,0.0,0.0,0.0,0.0,0.0,0.0,0.0,0.0,0.0,0.002835952358330174,0.0,0.0,8.0,181,0,relay_rich_standardized,relay_rich_standardized,180,0.15,0.22,12,0.9166666666666666,1.0,0.5,0.6833333333333333,0.3243438975630163,0.35,67.97414789921555,0,1
3962565853,relay_rich,scout_belief,autonomous,severe,severe,full_delivery,1,55,44,1,55,11,11,2,1,0.08333333333333333,0.08333333333333333,67.61840664839629,0.10107385149237114,0.07513156294266254,7,0.0,0.0,0.0,0.0,0.0,0.0,0.0,0.0,0.0,0.0027646085603445707,0.0,0.0,8.0,181,0,relay_rich_standardized,relay_rich_standardized,180,0.15,0.22,12,0.9166666666666666,0.9166666666666666,0.5,0.6944444444444444,0.5405734023074039,0.65,72.67913874341477,0,1
2731553821,relay_rich,scout_belief,autonomous,severe,severe,full_delivery,1,56,44,1,56,10,9,2,1,0.16666666666666666,0.16666666666666666,58.62604239533105,0.09517214674566729,0.06514004710592339,0,0.0,0.0,0.0,0.0,0.0,0.0,0.0,0.0,0.0,0.002558480732915258,0.0,0.0,12.631578947368421,181,0,relay_rich_standardized,relay_rich_standardized,180,0.15,0.22,12,0.75,0.8333333333333334,0.5,0.6888888888888889,0.5673993329742396,1.0,70.96581288386157,0,1
1967063134,relay_rich,scout_belief,autonomous,severe,severe,full_delivery,1,56,46,1,56,12,11,2,1,0.0,0.0,108.98419012169285,0.15933361128902462,0.12109354457965872,14,0.0,0.0,0.0,0.0,0.0,0.0,0.0,0.0,0.0,0.0023585904572057943,0.0,0.0,8.0,181,0,relay_rich_standardized,relay_rich_standardized,180,0.15,0.22,12,0.9166666666666666,1.0,0.5,0.6888888888888889,0.2757563123226153,0.30000000000000004,66.88281059473884,0,1
2384872011,relay_rich,scout_belief,autonomous,severe,severe,full_delivery,1,58,45,1,58,10,10,2,2,0.16666666666666666,0.16666666666666666,77.88120275436347,0.1194496974760176,0.08653466972707052,9,0.0,0.0,0.0,0.0,0.0,0.0,0.0,0.0,0.0,0.002529820653982207,0.0,0.0,9.898305084745763,181,0,relay_rich_standardized,relay_rich_standardized,180,0.15,0.22,12,0.8333333333333334,0.8333333333333334,1.0,0.6777777777777778,0.4570468296544655,0.55,75.74310005960697,0,1
3185455434,relay_rich,scout_belief,autonomous,severe,severe,full_delivery,1,58,45,1,58,11,11,2,1,0.08333333333333333,0.08333333333333333,89.47679337178722,0.12837416552623704,0.0994186593019858,9,0.0,0.0,0.0,0.0,0.0,0.0,0.0,0.0,0.0,0.0030011411624826165,0.0,0.0,8.677966101694915,181,0,relay_rich_standardized,relay_rich_standardized,180,0.15,0.22,12,0.9166666666666666,0.9166666666666666,0.5,0.6777777777777778,0.4164810657898317,0.55,69.67517936550209,0,1
1307974179,relay_rich,scout_belief,autonomous,severe,severe,full_delivery,1,57,45,1,57,12,11,2,1,0.0,0.0,66.27518263071778,0.09522296354988187,0.07363909181190864,7,0.0,0.0,0.0,0.0,0.0,0.0,0.0,0.0,0.0,0.0021149682360781987,0.0,0.0,8.0,181,0,relay_rich_standardized,relay_rich_standardized,180,0.15,0.22,12,0.9166666666666666,1.0,0.5,0.6833333333333333,0.5671683475005369,0.65,74.37369019834084,1,0
3989404377,relay_rich,scout_belief,autonomous,severe,severe,full_delivery,1,55,46,1,55,10,9,2,1,0.16666666666666666,0.16666666666666666,68.34456814202676,0.11240882918096506,0.0759384090466964,9,0.0,0.0,0.0,0.0,0.0,0.0,0.0,0.0,0.0,0.0028847834784423727,0.0,0.0,10.285714285714286,181,0,relay_rich_standardized,relay_rich_standardized,180,0.15,0.22,12,0.75,0.8333333333333334,0.5,0.6944444444444444,0.4890507764501588,0.55,65.45782198141333,0,1
806166960,relay_rich,scout_belief,autonomous,severe,severe,full_delivery,1,56,44,1,56,11,12,2,2,0.08333333333333333,0.08333333333333333,65.93255754578679,0.09855389767681134,0.07325839727309644,7,0.0,0.0,0.0,0.0,0.0,0.0,0.0,0.0,0.0,0.0027680659575411715,0.0,0.0,8.0,181,0,relay_rich_standardized,relay_rich_standardized,180,0.15,0.22,12,1.0,0.9166666666666666,1.0,0.6888888888888889,0.5520277378326757,0.65,83.75061055187967,0,1
789283367,relay_rich,scout_belief,crowd_vector,severe,severe,full_delivery,1,55,44,1,55,12,11,2,1,0.0,0.0,61.338735787285465,0.09127788063584147,0.06815415087476162,0,0.0,0.0,0.5654761904761905,0.08589178490071725,0.31241820538894355,0.0,0.5654761904761905,0.08589178490071725,0.0,0.003604486487097333,0.0,0.0,8.0,181,0,relay_rich_standardized,relay_rich_standardized,180,0.15,0.22,12,0.9166666666666666,1.0,0.5,0.6944444444444444,0.585100542564357,1.0,78.3025187070121,1,0
635920666,relay_rich,scout_belief,crowd_vector,severe,severe,full_delivery,1,57,45,1,57,12,12,2,2,0.0,0.0,98.49129346628887,0.14151047911823114,0.10943477051809875,10,0.0,0.0,0.5306513409961686,0.09202720308483302,0.3344901422216769,0.0,0.5306513409961686,0.09202720308483302,0.0,0.003977276905013562,0.0,0.0,8.0,181,0,relay_rich_standardized,relay_rich_standardized,180,0.15,0.22,12,1.0,1.0,1.0,0.6833333333333333,0.3567705494625857,0.5,80.92812102580955,1,1
1213111130,relay_rich,scout_belief,crowd_vector,severe,severe,full_delivery,1,56,45,1,56,11,10,2,1,0.08333333333333333,0.08333333333333333,94.50032588168845,0.14104526250998276,0.10500036209076495,10,0.0,0.0,0.5906432748538011,0.07647375819401615,0.28602562466776976,0.0,0.5906432748538011,0.07647375819401615,0.0,0.0034603344425780166,0.0,0.0,8.912280701754385,181,0,relay_rich_standardized,relay_rich_standardized,180,0.15,0.22,12,0.8333333333333334,0.9166666666666666,0.5,0.6888888888888889,0.35888517040916934,0.5,66.5466146079506,0,1
2344089850,relay_rich,scout_belief,crowd_vector,severe,severe,full_delivery,1,57,45,1,57,11,11,2,1,0.08333333333333333,0.08333333333333333,99.3913078608586,0.14300907605878935,0.11043478651206512,11,0.0,0.0,0.5881226053639846,0.08051247349084642,0.3010078978596805,0.0,0.5881226053639846,0.08051247349084642,0.0,0.004650849956232641,0.0,0.0,8.0,181,0,relay_rich_standardized,relay_rich_standardized,180,0.15,0.22,12,0.9166666666666666,0.9166666666666666,0.5,0.6833333333333333,0.3499587451873212,0.44999999999999996,67.83275576595584,0,1
3992036545,relay_rich,scout_belief,crowd_vector,severe,severe,full_delivery,1,56,45,1,56,11,10,2,1,0.08333333333333333,0.08333333333333333,61.47394121359157,0.09696205238736841,0.06830437912621286,7,0.0,0.0,0.5419103313840157,0.08703394409475211,0.31999361414901456,0.0,0.5419103313840157,0.08703394409475211,0.0,0.0034041523672642053,0.0,0.0,8.0,181,0,relay_rich_standardized,relay_rich_standardized,180,0.15,0.22,12,0.8333333333333334,0.9166666666666666,0.5,0.6888888888888889,0.5592633982392345,0.65,70.85190979757152,0,1
3697380595,relay_rich,scout_belief,crowd_vector,severe,severe,full_delivery,1,54,44,1,54,11,11,2,1,0.08333333333333333,0.08333333333333333,67.75584834011518,0.10537456973579344,0.0752842759334613,0,0.0,0.0,0.597979797979798,0.07216998103266084,0.2844092270125476,0.0,0.597979797979798,0.07216998103266084,0.0,0.002775625341705874,0.0,0.0,8.0,181,0,relay_rich_standardized,relay_rich_standardized,180,0.15,0.22,12,0.9166666666666666,0.9166666666666666,0.5,0.7,0.5210246830191207,1.0,75.99434556226768,0,1
2539587172,relay_rich,scout_belief,crowd_vector,severe,severe,full_delivery,1,57,46,1,57,11,11,2,2,0.08333333333333333,0.08333333333333333,96.38357789720027,0.1440711179330348,0.10709286433022253,12,0.0,0.0,0.5842911877394636,0.07762491627796744,0.298703508936556,0.0,0.5842911877394636,0.07762491627796744,0.0,0.004355989748389975,0.0,0.0,8.0,181,0,relay_rich_standardized,relay_rich_standardized,180,0.15,0.22,12,0.9166666666666666,0.9166666666666666,1.0,0.6833333333333333,0.34513128212256916,0.4,76.2651712830493,0,1
4080023782,relay_rich,scout_belief,crowd_vector,severe,severe,full_delivery,1,55,45,1,55,10,10,2,1,0.16666666666666666,0.16666666666666666,88.65568807673459,0.1385245126198978,0.09850632008526065,9,0.0071428571428571435,0.1,0.5515873015873015,0.09092038684696638,0.325763324846944,0.0,0.5515873015873015,0.09092038684696638,0.0,0.004128468462770328,0.0,0.0,8.0,181,0,relay_rich_standardized,relay_rich_standardized,180,0.15,0.22,12,0.8333333333333334,0.8333333333333334,0.5,0.6944444444444444,0.37034312445501005,0.55,65.79591485348125,0,1
181420965,relay_rich,scout_belief,crowd_vector,severe,severe,full_delivery,1,58,45,1,58,10,10,2,1,0.16666666666666666,0.16666666666666666,83.14642779398588,0.12811468073033264,0.09238491977109542,10,0.0,0.0,0.559322033898305,0.08341880686338247,0.3208551423326164,0.0,0.559322033898305,0.08341880686338247,0.0,0.004359395973814938,0.0,0.0,8.0,181,0,relay_rich_standardized,relay_rich_standardized,180,0.15,0.22,12,0.8333333333333334,0.8333333333333334,0.5,0.6777777777777778,0.4176605421348517,0.5,65.69169203433238,0,1
3258667808,relay_rich,scout_belief,crowd_vector,severe,severe,full_delivery,1,55,45,1,55,12,11,2,1,0.0,0.0,60.623626914682944,0.090213730527802,0.06735958546075883,0,0.0,0.0,0.5654761904761905,0.08157357881117822,0.3117287560065587,0.0,0.5654761904761905,0.08157357881117822,0.0,0.002765886841235415,0.0,0.0,8.0,181,0,relay_rich_standardized,relay_rich_standardized,180,0.15,0.22,12,0.9166666666666666,1.0,0.5,0.6944444444444444,0.5899375885099909,1.0,78.37023735025097,1,0
3636909740,relay_rich,scout_belief,crowd_vector,severe,severe,full_delivery,1,57,44,1,57,11,11,2,1,0.08333333333333333,0.08333333333333333,64.53975281020044,0.09463306863665753,0.07171083645577826,0,0.0,0.0,0.5402298850574713,0.08309789841313373,0.3180392621908577,0.0,0.5402298850574713,0.08309789841313373,0.0,0.0029371594319441926,0.0,0.0,8.0,181,0,relay_rich_standardized,relay_rich_standardized,180,0.15,0.22,12,0.9166666666666666,0.9166666666666666,0.5,0.6833333333333333,0.5698496880151931,1.0,76.41122896554603,0,1
2763225739,relay_rich,scout_belief,crowd_vector,severe,severe,full_delivery,1,56,44,1,56,12,11,2,1,0.0,0.0,69.66227923893997,0.10184543748383038,0.07740253248771108,7,0.0,0.0,0.5653021442495126,0.08075999642075325,0.30652677507817283,0.0,0.5653021442495126,0.08075999642075325,0.0,0.0032536496403535024,0.0,0.0,8.0,181,0,relay_rich_standardized,relay_rich_standardized,180,0.15,0.22,12,0.9166666666666666,1.0,0.5,0.6888888888888889,0.5370661932553165,0.65,74.04114892779666,1,0
206395434,relay_rich,scout_belief,crowd_vector,severe,severe,full_delivery,1,54,44,1,54,12,11,2,1,0.0,0.0,68.33507380006098,0.103537990606153,0.07592785977784554,7,0.0,0.0,0.5474747474747474,0.08362741604441495,0.3070642949578769,0.0,0.5474747474747474,0.08362741604441495,0.0,0.0029463556909827718,0.0,0.0,8.0,181,0,relay_rich_standardized,relay_rich_standardized,180,0.15,0.22,12,0.9166666666666666,1.0,0.5,0.7,0.5293727699720319,0.65,74.11121877960842,1,0
2777441429,relay_rich,scout_belief,crowd_vector,severe,severe,full_delivery,1,55,45,1,55,11,10,2,1,0.08333333333333333,0.08333333333333333,81.64678365897039,0.12797301513945203,0.09071864850996711,9,0.0,0.0,0.5555555555555555,0.08086950160450987,0.31899193519225183,0.0,0.5555555555555555,0.08086950160450987,0.0,0.0037492981309748988,0.0,0.0,10.357142857142858,181,0,relay_rich_standardized,relay_rich_standardized,180,0.15,0.22,12,0.8333333333333334,0.9166666666666666,0.5,0.6944444444444444,0.4183044766388544,0.55,67.96737378405507,0,1
2758658032,relay_rich,scout_belief,crowd_vector,severe,severe,full_delivery,1,57,44,1,57,11,10,2,1,0.08333333333333333,0.08333333333333333,74.28829103039132,0.11204870441989641,0.0825425455893237,8,0.0,0.0,0.5383141762452107,0.08452995203630595,0.3241019835054606,0.0,0.5383141762452107,0.08452995203630595,0.0,0.0031012853455203927,0.0,0.0,8.0,181,0,relay_rich_standardized,relay_rich_standardized,180,0.15,0.22,12,0.8333333333333334,0.9166666666666666,0.5,0.6833333333333333,0.49068770718228905,0.6,69.30296123388537,0,1
1378380446,relay_rich,scout_belief,crowd_vector,severe,severe,full_delivery,1,56,45,1,56,10,10,2,2,0.16666666666666666,0.16666666666666666,95.398412354875,0.15486755252414774,0.10599823594986112,13,0.0,0.0,0.5614035087719298,0.0767662726381601,0.30548992954920673,0.0,0.5614035087719298,0.0767662726381601,0.0,0.0038438980042446347,0.0,0.0,8.0,181,0,relay_rich_standardized,relay_rich_standardized,180,0.15,0.22,12,0.8333333333333334,0.8333333333333334,1.0,0.6888888888888889,0.2960565794356921,0.35,71.66701433432192,0,1
2879216630,relay_rich,scout_belief,crowd_vector,severe,severe,full_delivery,1,57,44,1,57,12,12,2,2,0.0,0.0,62.77680836484454,0.09019656374259273,0.06975200929427171,0,0.0,0.0,0.5498084291187739,0.08039275129192672,0.3096029002875482,0.0,0.5498084291187739,0.08039275129192672,0.0,0.0033736258502871028,0.0,0.0,8.0,181,0,relay_rich_standardized,relay_rich_standardized,180,0.15,0.22,12,1.0,1.0,1.0,0.6833333333333333,0.5900156193518512,1.0,89.19355200425926,1,0
2410093749,relay_rich,scout_belief,crowd_vector,severe,severe,full_delivery,1,55,44,1,55,12,11,2,1,0.0,0.0,77.65445822838883,0.115557229506531,0.08628273136487648,8,0.0,0.0,0.5376984126984127,0.08156494419172157,0.3144708826852508,0.0,0.5376984126984127,0.08156494419172157,0.0,0.002531549576230572,0.0,0.0,8.0,181,0,relay_rich_standardized,relay_rich_standardized,180,0.15,0.22,12,0.9166666666666666,1.0,0.5,0.6944444444444444,0.47473986587940453,0.6,72.75746923342277,1,0
1501169435,relay_rich,scout_belief,crowd_vector,severe,severe,full_delivery,1,55,44,1,55,11,11,2,1,0.08333333333333333,0.08333333333333333,83.4767383971808,0.12803180735763925,0.0927519315524231,9,0.0071428571428571435,0.1,0.5932539682539683,0.07661671211836608,0.2960078483100859,0.0,0.5932539682539683,0.07661671211836608,0.0,0.0033402074886852238,0.0,0.0,8.0,181,0,relay_rich_standardized,relay_rich_standardized,180,0.15,0.22,12,0.9166666666666666,0.9166666666666666,0.5,0.6944444444444444,0.41803723928345793,0.55,69.96363246107951,0,1
80857841,relay_rich,scout_belief,crowd_vector,severe,severe,full_delivery,1,54,45,1,54,11,10,2,1,0.08333333333333333,0.08333333333333333,82.16413342460675,0.13000654022880814,0.09129348158289638,10,0.0,0.0,0.5333333333333333,0.09184398875870302,0.3389656048240715,0.0,0.5333333333333333,0.09184398875870302,0.0,0.0029333952150578367,0.0,0.0,9.963636363636363,181,0,relay_rich_standardized,relay_rich_standardized,180,0.15,0.22,12,0.8333333333333334,0.9166666666666666,0.5,0.7,0.4090611807781448,0.5,67.42685653089403,0,1
1702649436,relay_rich,scout_belief,crowd_vector,severe,severe,full_delivery,1,54,46,1,54,10,9,2,1,0.16666666666666666,0.16666666666666666,84.0037159144365,0.14189816877438596,0.09333746212715166,11,0.0,0.0,0.5838383838383839,0.0742851589786408,0.28439550356987775,0.0,0.5838383838383839,0.0742851589786408,0.0,0.004928599476920429,0.0,0.0,12.8,181,0,relay_rich_standardized,relay_rich_standardized,180,0.15,0.22,12,0.75,0.8333333333333334,0.5,0.7,0.3550083237527911,0.44999999999999996,62.670116532539076,0,1
455118211,relay_rich,scout_belief,crowd_vector,severe,severe,full_delivery,1,55,44,1,55,11,10,2,1,0.08333333333333333,0.08333333333333333,58.52083925162989,0.09423645612178726,0.06502315472403321,0,0.0,0.0,0.5496031746031746,0.07734132417447828,0.3079150300479658,0.0,0.5496031746031746,0.07734132417447828,0.0,0.0029062108879407736,0.0,0.0,11.571428571428571,181,0,relay_rich_standardized,relay_rich_standardized,180,0.15,0.22,12,0.8333333333333334,0.9166666666666666,0.5,0.6944444444444444,0.5716524721736943,1.0,74.61424572154283,0,1
4028142910,relay_rich,scout_belief,crowd_vector,severe,severe,full_delivery,1,56,45,1,56,11,10,2,1,0.08333333333333333,0.08333333333333333,78.5098272909333,0.12115714088106991,0.08723314143437033,9,0.0,0.0,0.5477582846003899,0.08136353931637871,0.31816532535308745,0.0,0.5477582846003899,0.08136353931637871,0.0,0.0032914442470184445,0.0,0.0,8.0,181,0,relay_rich_standardized,relay_rich_standardized,180,0.15,0.22,12,0.8333333333333334,0.9166666666666666,0.5,0.6888888888888889,0.4492857232678641,0.55,68.31222234797232,0,1
4217212107,relay_rich,scout_belief,crowd_vector,severe,severe,full_delivery,1,55,44,1,55,12,11,2,1,0.0,0.0,74.28558819865859,0.11054403005752766,0.08253954244295399,9,0.0,0.0,0.5575396825396826,0.0798802865253657,0.3162567833466942,0.0,0.5575396825396826,0.0798802865253657,0.0,0.0031258797158667585,0.0,0.0,8.0,181,0,relay_rich_standardized,relay_rich_standardized,180,0.15,0.22,12,0.9166666666666666,1.0,0.5,0.6944444444444444,0.49752713610214694,0.55,72.57649101654117,1,0
3028941422,relay_rich,scout_belief,crowd_vector,severe,severe,full_delivery,1,56,45,1,56,11,10,2,1,0.08333333333333333,0.08333333333333333,56.645948046991116,0.09005715110809398,0.06293994227443457,0,0.0,0.0,0.5555555555555557,0.08516735122409735,0.3192568243394444,0.0,0.5555555555555557,0.08516735122409735,0.0,0.003253753989956746,0.0,0.0,11.789473684210526,181,0,relay_rich_standardized,relay_rich_standardized,180,0.15,0.22,12,0.8333333333333334,0.9166666666666666,0.5,0.6888888888888889,0.5906493131450274,1.0,74.79131260625262,0,1
908375116,relay_rich,scout_belief,crowd_vector,severe,severe,full_delivery,1,55,45,1,55,11,10,2,1,0.08333333333333333,0.08333333333333333,87.882441465799,0.13520375610122923,0.09764715718422112,11,0.0,0.0,0.5496031746031746,0.09207696022850409,0.33256360327131873,0.0,0.5496031746031746,0.09207696022850409,0.0,0.003658505832240965,0.0,0.0,8.0,181,0,relay_rich_standardized,relay_rich_standardized,180,0.15,0.22,12,0.8333333333333334,0.9166666666666666,0.5,0.6944444444444444,0.38543747226713987,0.44999999999999996,66.50723572285108,0,1
4125143040,relay_rich,scout_belief,crowd_vector,severe,severe,full_delivery,1,58,44,1,58,12,11,2,1,0.0,0.0,60.76916861118021,0.08583215905533928,0.0675212984568669,0,0.0,0.0,0.576271186440678,0.08154665147859506,0.3010376510187604,0.0,0.576271186440678,0.08154665147859506,0.0,0.003553133020888937,0.0,0.0,8.0,181,0,relay_rich_standardized,relay_rich_standardized,180,0.15,0.22,12,0.9166666666666666,1.0,0.5,0.6777777777777778,0.6098538224757306,1.0,78.38239795910465,1,0
1825192913,relay_rich,scout_belief,crowd_vector,severe,severe,full_delivery,1,56,45,1,56,11,11,2,2,0.08333333333333333,0.08333333333333333,74.14015211092256,0.11476803732340952,0.08237794678991395,9,0.0,0.0,0.5360623781676414,0.09033167463893613,0.3356833698714799,0.0,0.5360623781676414,0.09033167463893613,0.0,0.003308956710625166,0.0,0.0,8.0,181,0,relay_rich_standardized,relay_rich_standardized,180,0.15,0.22,12,0.9166666666666666,0.9166666666666666,1.0,0.6888888888888889,0.47832710307541126,0.55,79.71880166527798,0,1
2953431400,relay_rich,scout_belief,crowd_vector,severe,severe,full_delivery,1,58,45,1,58,10,9,2,1,0.16666666666666666,0.16666666666666666,94.03767786731333,0.1424813301019899,0.10448630874145926,0,0.0,0.0,0.5461393596986818,0.09037227327478509,0.3170005281276793,0.0,0.5461393596986818,0.09037227327478509,0.0,0.005086689371448009,0.008333333333333333,0.0,9.288135593220339,181,0,relay_rich_standardized,relay_rich_standardized,180,0.15,0.22,12,0.75,0.8333333333333334,0.5,0.6777777777777778,0.3523575904455004,1.0,67.77745071068145,0,1
1285577683,relay_rich,scout_belief,crowd_vector,severe,severe,full_delivery,1,56,44,1,56,12,12,2,2,0.0,0.0,68.8384452178687,0.10064100178050979,0.07648716135318744,0,0.0,0.0,0.571150097465887,0.07712478707042693,0.29899652353977385,0.0,0.571150097465887,0.07712478707042693,0.0,0.0033160292354263207,0.0,0.0,8.0,181,0,relay_rich_standardized,relay_rich_standardized,180,0.15,0.22,12,1.0,1.0,1.0,0.6888888888888889,0.5425409009976827,1.0,88.61779483618977,1,0
1409841688,relay_rich,scout_belief,crowd_vector,severe,severe,full_delivery,1,55,44,1,55,12,12,2,2,0.0,0.0,77.1890715662113,0.11486468983067158,0.0857656350735681,7,0.0,0.0,0.5952380952380951,0.06816349835664423,0.29058509577093783,0.0,0.5952380952380951,0.06816349835664423,0.0,0.0028620242305332374,0.0,0.0,8.0,181,0,relay_rich_standardized,relay_rich_standardized,180,0.15,0.22,12,1.0,1.0,1.0,0.6944444444444444,0.47788777349694733,0.65,84.30153994006837,1,0
4174867437,relay_rich,scout_belief,crowd_vector,severe,severe,full_delivery,1,57,45,1,57,10,12,2,2,0.16666666666666666,0.16666666666666666,81.51836085676648,0.11900490636024304,0.0905759565075183,10,0.0,0.0,0.5536398467432949,0.08090048769660567,0.31181225702558063,0.0,0.5536398467432949,0.08090048769660567,0.0,0.0027258141294550764,0.0,0.0,8.551724137931034,181,0,relay_rich_standardized,relay_rich_standardized,180,0.15,0.22,12,1.0,0.8333333333333334,1.0,0.6833333333333333,0.4590686074534407,0.5,79.36029383768151,0,1
2004984437,relay_rich_scout_matched,delayed,autonomous,degraded,degraded,full_delivery,1,58,53,1,58,11,10,2,1,0.08333333333333333,0.08333333333333333,109.52744767115894,0.16298727332017698,0.12169716407906549,12,0.0,0.0,0.0,0.0,0.0,0.0,0.0,0.0,0.0,0.0002585607740927419,0.0,0.0,4.0,181,0,relay_rich_scout_matched,relay_rich_scout_matched,180,0.15,0.22,12,0.8333333333333334,0.9166666666666666,0.5,0.6777777777777778,0.2591487576355591,0.4,63.972527051342276,0,1
382121276,relay_rich_scout_matched,delayed,autonomous,degraded,degraded,full_delivery,1,55,51,1,55,12,11,2,1,0.0,0.0,74.83081012100077,0.11135537220387019,0.08314534457888974,0,0.0,0.0,0.0,0.0,0.0,0.0,0.0,0.0,0.0,3.382576073545926e-05,0.0,0.0,4.0,181,0,relay_rich_scout_matched,relay_rich_scout_matched,180,0.15,0.22,12,0.9166666666666666,1.0,0.5,0.6944444444444444,0.49383921725513547,1.0,77.02486015268299,1,0
1644322517,relay_rich_scout_matched,delayed,autonomous,degraded,degraded,full_delivery,1,54,51,1,54,11,10,2,1,0.08333333333333333,0.08333333333333333,69.11477423278848,0.10953213032137635,0.07679419359198719,0,0.0,0.0,0.0,0.0,0.0,0.0,0.0,0.0,0.0,4.963180927048243e-05,0.0,0.0,5.0181818181818185,181,0,relay_rich_scout_matched,relay_rich_scout_matched,180,0.15,0.22,12,0.8333333333333334,0.9166666666666666,0.5,0.7,0.5021266803573803,1.0,73.72977352500331,0,1
1880078458,relay_rich_scout_matched,delayed,autonomous,degraded,degraded,full_delivery,1,56,53,1,56,11,10,2,1,0.08333333333333333,0.08333333333333333,112.08688225708211,0.16704453391517454,0.1245409802856468,13,0.0,0.0,0.0,0.0,0.0,0.0,0.0,0.0,0.0,0.00012148255446196378,0.0,0.0,4.421052631578948,181,0,relay_rich_scout_matched,relay_rich_scout_matched,180,0.15,0.22,12,0.8333333333333334,0.9166666666666666,0.5,0.6888888888888889,0.24070666402193386,0.35,63.3921155185293,0,1
469901803,relay_rich_scout_matched,delayed,autonomous,degraded,degraded,full_delivery,1,57,51,1,57,11,11,2,2,0.08333333333333333,0.08333333333333333,85.22492816408445,0.12405375278614912,0.0946943646267605,10,0.0,0.0,0.0,0.0,0.0,0.0,0.0,0.0,0.0,0.00016170340696741468,0.0,0.0,4.275862068965517,181,0,relay_rich_scout_matched,relay_rich_scout_matched,180,0.15,0.22,12,0.9166666666666666,0.9166666666666666,1.0,0.6833333333333333,0.436119305517504,0.5,78.53900361057839,0,1
3544115036,relay_rich_scout_matched,delayed,autonomous,degraded,degraded,full_delivery,1,55,52,1,55,11,10,2,1,0.08333333333333333,0.08333333333333333,84.49672890827277,0.1320261389191762,0.0938852543425253,10,0.0,0.0,0.0,0.0,0.0,0.0,0.0,0.0,0.0,0.00014583374633667283,0.0,0.0,4.0,181,0,relay_rich_scout_matched,relay_rich_scout_matched,180,0.15,0.22,12,0.8333333333333334,0.9166666666666666,0.5,0.6944444444444444,0.39988118673101725,0.5,67.20944772534536,0,1
1583218482,relay_rich_scout_matched,delayed,autonomous,degraded,degraded,full_delivery,1,56,51,1,56,12,11,2,1,0.0,0.0,81.37397664829064,0.11896780211738398,0.09041552960921181,9,0.0,0.0,0.0,0.0,0.0,0.0,0.0,0.0,0.0,0.00017661211229788736,0.0,0.0,4.0,181,0,relay_rich_scout_matched,relay_rich_scout_matched,180,0.15,0.22,12,0.9166666666666666,1.0,0.5,0.6888888888888889,0.4592372631028001,0.55,71.95154390566142,1,0
2189384923,relay_rich_scout_matched,delayed,autonomous,degraded,degraded,full_delivery,1,58,54,1,58,11,11,2,2,0.08333333333333333,0.08333333333333333,96.28475588053477,0.14413885610858498,0.10698306208948308,0,0.0,0.0,0.0,0.0,0.0,0.0,0.0,0.0,0.0,0.0004343156787569384,0.0,0.0,4.0,181,0,relay_rich_scout_matched,relay_rich_scout_matched,180,0.15,0.22,12,0.9166666666666666,0.9166666666666666,1.0,0.6777777777777778,0.34482338132461376,1.0,82.17197178298903,0,1
1594287414,relay_rich_scout_matched,delayed,autonomous,degraded,degraded,full_delivery,1,57,52,1,57,11,10,2,1,0.08333333333333333,0.08333333333333333,88.45070683663707,0.13524572910800775,0.09827856315181896,0,0.0,0.0,0.0,0.0,0.0,0.0,0.0,0.0,0.0,0.0003138065620724221,0.0,0.0,4.0,181,0,relay_rich_scout_matched,relay_rich_scout_matched,180,0.15,0.22,12,0.8333333333333334,0.9166666666666666,0.5,0.6833333333333333,0.38524668587269206,1.0,71.82678693555103,0,1
343935173,relay_rich_scout_matched,delayed,autonomous,degraded,degraded,full_delivery,1,55,52,1,55,11,11,2,1,0.08333333333333333,0.08333333333333333,78.84794783165887,0.11928585148511175,0.0876088309240654,0,0.0,0.0,0.0,0.0,0.0,0.0,0.0,0.0,0.0,9.243280772913622e-05,0.0,0.0,4.0,181,0,relay_rich_scout_matched,relay_rich_scout_matched,180,0.15,0.22,12,0.9166666666666666,0.9166666666666666,0.5,0.6944444444444444,0.4577915841585829,1.0,75.02019328933126,0,1
3378268830,relay_rich_scout_matched,delayed,autonomous,degraded,degraded,full_delivery,1,54,52,1,54,11,10,2,1,0.08333333333333333,0.08333333333333333,64.95918365449569,0.10579671604966724,0.07217687072721743,0,0.0,0.0,0.0,0.0,0.0,0.0,0.0,0.0,0.0,5.998639554484759e-05,0.0,0.0,4.0,181,0,relay_rich_scout_matched,relay_rich_scout_matched,180,0.15,0.22,12,0.8333333333333334,0.9166666666666666,0.5,0.7,0.5191058361378762,1.0,73.96748170593025,0,1
947765792,relay_rich_scout_matched,delayed,autonomous,degraded,degraded,full_delivery,1,56,52,1,56,11,10,2,1,0.08333333333333333,0.08333333333333333,66.5267107217242,0.10543060336247892,0.07391856746858244,0,0.0,0.0,0.0,0.0,0.0,0.0,0.0,0.0,0.0,4.5302013332778174e-05,0.0,0.0,4.0,181,0,relay_rich_scout_matched,relay_rich_scout_matched,180,0.15,0.22,12,0.8333333333333334,0.9166666666666666,0.5,0.6888888888888889,0.5207699847160049,1.0,73.8130020082463,0,1
3220176896,relay_rich_scout_matched,delayed,autonomous,degraded,degraded,full_delivery,1,56,51,1,56,12,11,2,1,0.0,0.0,77.40371007158795,0.11316331881811104,0.0860041223017644,8,0.0,0.0,0.0,0.0,0.0,0.0,0.0,0.0,0.0,0.00019375346538162087,0.0,0.0,4.0,181,0,relay_rich_scout_matched,relay_rich_scout_matched,180,0.15,0.22,12,0.9166666666666666,1.0,0.5,0.6888888888888889,0.4856212780994953,0.6,72.82092011561517,1,0
3147094687,relay_rich_scout_matched,delayed,autonomous,degraded,degraded,full_delivery,1,54,52,1,54,10,9,2,1,0.16666666666666666,0.16666666666666666,73.94817636191131,0.12024093717383953,0.08216464040212368,9,0.0,0.0,0.0,0.0,0.0,0.0,0.0,0.0,0.0,0.00020748654297736874,0.0,0.0,5.0181818181818185,181,0,relay_rich_scout_matched,relay_rich_scout_matched,180,0.15,0.22,12,0.75,0.8333333333333334,0.5,0.7,0.4534502855734567,0.55,65.0483039980284,0,1
1936258665,relay_rich_scout_matched,delayed,autonomous,degraded,degraded,full_delivery,1,58,52,1,58,12,11,2,1,0.0,0.0,97.26252187560122,0.13737644332712037,0.10806946875066803,0,0.0,0.0,0.0,0.0,0.0,0.0,0.0,0.0,0.0,0.00038929696352024376,0.0,0.0,4.0,181,0,relay_rich_scout_matched,relay_rich_scout_matched,180,0.15,0.22,12,0.9166666666666666,1.0,0.5,0.6777777777777778,0.37556162124036196,1.0,75.1023071418095,1,0
1639783366,relay_rich_scout_matched,delayed,autonomous,degraded,degraded,full_delivery,1,57,53,1,57,11,11,2,1,0.08333333333333333,0.08333333333333333,92.7049589635851,0.1333884301634318,0.103005509959539,11,0.0,0.0,0.0,0.0,0.0,0.0,0.0,0.0,0.0,0.00013590637032352855,0.0,0.0,4.0,181,0,relay_rich_scout_matched,relay_rich_scout_matched,180,0.15,0.22,12,0.9166666666666666,0.9166666666666666,0.5,0.6833333333333333,0.39368895380258273,0.44999999999999996,68.44497868656948,0,1
1735856709,relay_rich_scout_matched,delayed,autonomous,degraded,degraded,full_delivery,1,55,51,1,55,11,10,2,1,0.08333333333333333,0.08333333333333333,72.49669754844793,0.11507412309277448,0.08055188616494215,9,0.0,0.0,0.0,0.0,0.0,0.0,0.0,0.0,0.0,0.00021145045954310153,0.0,0.0,5.464285714285714,181,0,relay_rich_scout_matched,relay_rich_scout_matched,180,0.15,0.22,12,0.8333333333333334,0.9166666666666666,0.5,0.6944444444444444,0.47693580412375236,0.55,68.78821236884365,0,1
324976541,relay_rich_scout_matched,delayed,autonomous,degraded,degraded,full_delivery,1,54,54,1,54,10,9,2,1,0.16666666666666666,0.16666666666666666,73.9591597925456,0.12729631633828847,0.08217684421393956,10,0.0,0.0,0.0,0.0,0.0,0.0,0.0,0.0,0.0,0.00016556994255241563,0.0,0.0,4.0,181,0,relay_rich_scout_matched,relay_rich_scout_matched,180,0.15,0.22,12,0.75,0.8333333333333334,0.5,0.7,0.42138038028050695,0.5,64.0993253239271,0,1
2494619956,relay_rich_scout_matched,delayed,autonomous,degraded,degraded,full_delivery,1,56,51,1,56,12,11,2,1,0.0,0.0,88.31660494226274,0.12911784348284028,0.09812956104695861,9,0.0,0.0,0.0,0.0,0.0,0.0,0.0,0.0,0.0,0.00015090399169888637,0.0,0.0,4.0,181,0,relay_rich_scout_matched,relay_rich_scout_matched,180,0.15,0.22,12,0.9166666666666666,1.0,0.5,0.6888888888888889,0.41310071144163507,0.55,71.30563218240512,1,0
1060455154,relay_rich_scout_matched,delayed,autonomous,degraded,degraded,full_delivery,1,55,54,1,55,11,10,2,1,0.08333333333333333,0.08333333333333333,97.61201481827837,0.1497116791691386,0.10845779424253152,11,0.0,0.0,0.0,0.0,0.0,0.0,0.0,0.0,0.0,0.00018175306709160483,0.0,0.0,4.678571428571429,181,0,relay_rich_scout_matched,relay_rich_scout_matched,180,0.15,0.22,12,0.8333333333333334,0.9166666666666666,0.5,0.6944444444444444,0.31949236741300635,0.44999999999999996,65.5840042548932,0,1
3678456327,relay_rich_scout_matched,delayed,autonomous,degraded,degraded,full_delivery,1,57,52,1,57,11,11,2,2,0.08333333333333333,0.08333333333333333,70.02121608766011,0.1087285964094101,0.07780135120851123,8,0.0,0.0,0.0,0.0,0.0,0.0,0.0,0.0,0.0,0.0001866664201480396,0.0,0.0,5.758620689655173,181,0,relay_rich_scout_matched,relay_rich_scout_matched,180,0.15,0.22,12,0.9166666666666666,0.9166666666666666,1.0,0.6833333333333333,0.5057791072299541,0.6,80.51424083455268,0,1
3071939466,relay_rich_scout_matched,delayed,autonomous,degraded,degraded,full_delivery,1,55,53,1,55,11,10,2,1,0.08333333333333333,0.08333333333333333,68.49502787475308,0.10854996493621724,0.07610558652750342,0,0.0,0.0,0.0,0.0,0.0,0.0,0.0,0.0,0.0,7.63544403588847e-05,0.0,0.0,4.0,181,0,relay_rich_scout_matched,relay_rich_scout_matched,180,0.15,0.22,12,0.8333333333333334,0.9166666666666666,0.5,0.6944444444444444,0.5065910684717398,1.0,73.70338606971546,0,1
4221989294,relay_rich_scout_matched,delayed,autonomous,degraded,degraded,full_delivery,1,58,51,1,58,12,11,2,1,0.0,0.0,116.80463930384968,0.1649783041014826,0.12978293255983298,13,0.0,0.0,0.0,0.0,0.0,0.0,0.0,0.0,0.0,0.00019863975850092244,0.0,0.0,4.0,181,0,relay_rich_scout_matched,relay_rich_scout_matched,180,0.15,0.22,12,0.9166666666666666,1.0,0.5,0.6777777777777778,0.25009861772053366,0.35,66.84582509253191,0,1
2711362103,relay_rich_scout_matched,delayed,autonomous,degraded,degraded,full_delivery,1,55,51,1,55,12,11,2,1,0.0,0.0,95.54375828320937,0.14217821173096631,0.10615973142578819,10,0.0,0.0,0.0,0.0,0.0,0.0,0.0,0.0,0.0,0.00011132352686562185,0.0,0.0,4.0,181,0,relay_rich_scout_matched,relay_rich_scout_matched,180,0.15,0.22,12,0.9166666666666666,1.0,0.5,0.6944444444444444,0.3537354012228804,0.5,70.06340672823144,1,1
2674538814,relay_rich_scout_matched,delayed,autonomous,degraded,degraded,full_delivery,1,56,52,1,56,12,11,2,1,0.0,0.0,78.97681737300324,0.11546318329386439,0.08775201930333694,9,0.0,0.0,0.0,0.0,0.0,0.0,0.0,0.0,0.0,0.00011092811818154279,0.0,0.0,4.0,181,0,relay_rich_scout_matched,relay_rich_scout_matched,180,0.15,0.22,12,0.9166666666666666,1.0,0.5,0.6888888888888889,0.4751673486642528,0.55,72.17456510352177,1,0
2592123025,relay_rich_scout_matched,delayed,autonomous,degraded,degraded,full_delivery,1,56,52,1,56,12,11,2,1,0.0,0.0,106.74324522656167,0.15605737606222467,0.11860360580729075,12,0.0,0.0,0.0,0.0,0.0,0.0,0.0,0.0,0.0,7.644693991081653e-05,0.0,0.0,4.0,181,0,relay_rich_scout_matched,relay_rich_scout_matched,180,0.15,0.22,12,0.9166666666666666,1.0,0.5,0.6888888888888889,0.2906482906262515,0.4,68.09129829098974,0,1
5253357,relay_rich_scout_matched,delayed,autonomous,degraded,degraded,full_delivery,1,55,53,1,55,10,9,2,1,0.16666666666666666,0.16666666666666666,103.34075024630687,0.16534520039409098,0.11482305582922986,12,0.0,0.0,0.0,0.0,0.0,0.0,0.0,0.0,0.0,0.00012689157219849422,0.0,0.0,4.892857142857143,181,0,relay_rich_scout_matched,relay_rich_scout_matched,180,0.15,0.22,12,0.75,0.8333333333333334,0.5,0.6944444444444444,0.2484309072995865,0.4,60.58914381330533,0,1
2260662007,relay_rich_scout_matched,delayed,autonomous,degraded,degraded,full_delivery,1,55,52,1,55,12,11,2,1,0.0,0.0,92.25541247811574,0.13728483999719604,0.10250601386457305,10,0.0,0.0,0.0,0.0,0.0,0.0,0.0,0.0,0.0,0.0001324100012705951,0.0,0.0,4.0,181,0,relay_rich_scout_matched,relay_rich_scout_matched,180,0.15,0.22,12,0.9166666666666666,1.0,0.5,0.6944444444444444,0.3759780000127453,0.5,70.37480311128954,1,1
1373699385,relay_rich_scout_matched,delayed,autonomous,degraded,degraded,full_delivery,1,54,50,1,54,11,11,2,1,0.08333333333333333,0.08333333333333333,78.49546899478115,0.11947559968764254,0.08721718777197905,9,0.0,0.0,0.0,0.0,0.0,0.0,0.0,0.0,0.0,0.00020769022824404117,0.0,0.0,4.0,181,0,relay_rich_scout_matched,relay_rich_scout_matched,180,0.15,0.22,12,0.9166666666666666,0.9166666666666666,0.5,0.7,0.45692909232889756,0.55,70.59700729260456,0,1
1855198753,relay_rich_scout_matched,delayed,autonomous,degraded,degraded,full_delivery,1,56,52,1,56,11,11,2,1,0.08333333333333333,0.08333333333333333,73.83373046573942,0.1108614571557649,0.08203747829526602,0,0.0,0.0,0.0,0.0,0.0,0.0,0.0,0.0,0.0,3.471581653075774e-05,0.0,0.0,4.0,181,0,relay_rich_scout_matched,relay_rich_scout_matched,180,0.15,0.22,12,0.9166666666666666,0.9166666666666666,0.5,0.6888888888888889,0.49608428565561413,1.0,75.4674022214008,0,1
3794639824,relay_rich_scout_matched,delayed,autonomous,degraded,degraded,full_delivery,1,57,50,1,57,12,12,2,2,0.0,0.0,76.61283120574213,0.1100759069048019,0.08512536800638014,0,0.0,0.0,0.0,0.0,0.0,0.0,0.0,0.0,0.0,0.00020462537332451515,0.0,0.0,4.0,181,0,relay_rich_scout_matched,relay_rich_scout_matched,180,0.15,0.22,12,1.0,1.0,1.0,0.6833333333333333,0.49965496861453684,1.0,87.92850289393685,1,0
2422809523,relay_rich_scout_matched,delayed,autonomous,degraded,degraded,full_delivery,1,55,52,1,55,12,11,2,1,0.0,0.0,106.43501464183139,0.15838543845510622,0.11826112737981265,12,0.0,0.0,0.0,0.0,0.0,0.0,0.0,0.0,0.0,8.660228576690792e-05,0.0,0.0,4.0,181,0,relay_rich_scout_matched,relay_rich_scout_matched,180,0.15,0.22,12,0.9166666666666666,1.0,0.5,0.6944444444444444,0.2800661888404262,0.4,68.03203775487707,0,1
3697232394,relay_rich_scout_matched,delayed,crowd_vector,degraded,degraded,full_delivery,1,53,50,1,53,12,9,2,1,0.0,0.0,66.70490750671881,0.10293967207826978,0.07411656389635424,0,0.0,0.0,0.6378600823045266,0.05096456734724347,0.23983321800126003,0.0,0.6378600823045266,0.05096456734724347,0.0,0.0002210454924744845,0.0,0.0,4.0,181,0,relay_rich_scout_matched,relay_rich_scout_matched,180,0.15,0.22,12,0.75,1.0,0.5,0.7055555555555555,0.5320923996442283,1.0,73.73818248390808,1,0
3273588131,relay_rich_scout_matched,delayed,crowd_vector,degraded,degraded,full_delivery,1,56,52,1,56,10,11,2,2,0.16666666666666666,0.16666666666666666,82.26934471412068,0.12371330032198598,0.09141038301568964,0,0.0,0.0,0.604288499025341,0.0533787328782645,0.26106236152858925,0.0,0.604288499025341,0.0533787328782645,0.0,0.0002293269799346119,0.0,0.0,4.245614035087719,181,0,relay_rich_scout_matched,relay_rich_scout_matched,180,0.15,0.22,12,0.9166666666666666,0.8333333333333334,1.0,0.6888888888888889,0.4376668167182456,1.0,82.14955765627765,0,1
2965078113,relay_rich_scout_matched,delayed,crowd_vector,degraded,degraded,full_delivery,1,55,51,1,55,11,11,2,2,0.08333333333333333,0.08333333333333333,59.03297131236805,0.09238336668602198,0.06559219034707561,0,0.0,0.0,0.6646825396825398,0.050963556669056276,0.2325469365500173,0.0,0.6646825396825398,0.050963556669056276,0.0,0.00017102516951731227,0.0,0.0,4.0,181,0,relay_rich_scout_matched,relay_rich_scout_matched,180,0.15,0.22,12,0.9166666666666666,0.9166666666666666,1.0,0.6944444444444444,0.5800756059726273,1.0,85.73216959472789,0,1
1464659533,relay_rich_scout_matched,delayed,crowd_vector,degraded,degraded,full_delivery,1,57,51,1,57,12,11,2,1,0.0,0.0,69.68570129299984,0.10012313404166644,0.07742855699222204,0,0.0,0.0,0.6532567049808429,0.04749163676477048,0.2299879514622944,0.0,0.6532567049808429,0.04749163676477048,0.0,3.857017683342455e-05,0.0,0.0,4.0,181,0,relay_rich_scout_matched,relay_rich_scout_matched,180,0.15,0.22,12,0.9166666666666666,1.0,0.5,0.6833333333333333,0.5448948452651525,1.0,77.56186116704546,1,0
3944339287,relay_rich_scout_matched,delayed,crowd_vector,degraded,degraded,full_delivery,1,56,52,1,56,12,11,2,1,0.0,0.0,66.43655000707497,0.097129459074671,0.07381838889674996,0,0.0,0.0,0.6510721247563354,0.04879652589392494,0.23367231288397913,0.0,0.6510721247563354,0.04879652589392494,0.0,0.0002144742879842216,0.0,0.0,4.0,181,0,relay_rich_scout_matched,relay_rich_scout_matched,180,0.15,0.22,12,0.9166666666666666,1.0,0.5,0.6888888888888889,0.5585024587514954,1.0,77.84125664474315,1,0
3277543142,relay_rich_scout_matched,delayed,crowd_vector,degraded,degraded,full_delivery,1,55,53,1,55,10,9,2,1,0.16666666666666666,0.16666666666666666,59.95734144305445,0.10249118195393923,0.0666192682700605,0,0.0,0.0,0.621031746031746,0.057547880043796774,0.24681652056848288,0.0,0.621031746031746,0.057547880043796774,0.0,0.0001153306036194575,0.0,0.0,4.0,181,0,relay_rich_scout_matched,relay_rich_scout_matched,180,0.15,0.22,12,0.75,0.8333333333333334,0.5,0.6944444444444444,0.534130991118458,1.0,70.58894498676952,0,1
1581408378,relay_rich_scout_matched,delayed,crowd_vector,degraded,degraded,full_delivery,1,55,52,1,55,12,11,2,1,0.0,0.0,74.57431449097666,0.11097368227823907,0.08286034943441851,0,0.0,0.0,0.6448412698412699,0.05167236160181464,0.23659173065122804,0.0,0.6448412698412699,0.05167236160181464,0.0,6.881854308756349e-05,0.0,0.0,4.0,181,0,relay_rich_scout_matched,relay_rich_scout_matched,180,0.15,0.22,12,0.9166666666666666,1.0,0.5,0.6944444444444444,0.4955741714625497,1.0,77.0491495115868,1,0
150389875,relay_rich_scout_matched,delayed,crowd_vector,degraded,degraded,full_delivery,1,55,53,1,55,11,10,2,1,0.08333333333333333,0.08333333333333333,75.8193392702126,0.11682486790479599,0.08424371030023621,0,0.0,0.0,0.6369047619047619,0.05342607810042662,0.24889209421660627,0.0,0.6369047619047619,0.05342607810042662,0.0,0.0002312308532728359,0.0,0.0,4.785714285714286,181,0,relay_rich_scout_matched,relay_rich_scout_matched,180,0.15,0.22,12,0.8333333333333334,0.9166666666666666,0.5,0.6944444444444444,0.46897787316001827,1.0,73.17680133535137,0,1
3817480300,relay_rich_scout_matched,delayed,crowd_vector,degraded,degraded,full_delivery,1,56,52,1,56,12,11,2,1,0.0,0.0,61.67643244300726,0.09017022286989365,0.06852936938111917,0,0.0,0.0,0.6198830409356726,0.055383654683865274,0.25458058071498074,0.0,0.6198830409356726,0.055383654683865274,0.0,0.0001745538445032089,0.0,0.0,4.0,181,0,relay_rich_scout_matched,relay_rich_scout_matched,180,0.15,0.22,12,0.9166666666666666,1.0,0.5,0.6888888888888889,0.5901353505913924,1.0,78.28411713050171,1,0
1703977998,relay_rich_scout_matched,delayed,crowd_vector,degraded,degraded,full_delivery,1,55,51,1,55,12,11,2,1,0.0,0.0,65.31277454941169,0.09719162879376739,0.07256974949934632,0,0.0,0.0,0.6507936507936508,0.053384057427812416,0.24138103559503973,0.0,0.6507936507936508,0.053384057427812416,0.0,0.000215951755391243,0.0,0.0,4.0,181,0,relay_rich_scout_matched,relay_rich_scout_matched,180,0.15,0.22,12,0.9166666666666666,1.0,0.5,0.6944444444444444,0.5582198691192392,1.0,77.92618927878046,1,0
541327255,relay_rich_scout_matched,delayed,crowd_vector,degraded,degraded,full_delivery,1,54,52,1,54,12,10,2,1,0.0,0.0,94.49143540429604,0.14316884152166068,0.10499048378255116,0,0.0,0.0,0.6767676767676766,0.045191574898692244,0.21777139104478133,0.0,0.6767676767676766,0.045191574898692244,0.0,0.0004633444686105876,0.0,0.0,4.0,181,0,relay_rich_scout_matched,relay_rich_scout_matched,180,0.15,0.22,12,0.8333333333333334,1.0,0.5,0.7,0.34923253853790603,1.0,73.08925553953068,1,0
998606408,relay_rich_scout_matched,delayed,crowd_vector,degraded,degraded,full_delivery,1,55,51,1,55,12,11,2,1,0.0,0.0,64.00665084248624,0.09524799232512833,0.07111850093609581,0,0.0,0.0,0.6626984126984127,0.04777334103968973,0.22374632003575148,0.0,0.6626984126984127,0.04777334103968973,0.0,0.0001946040731595854,0.0,0.0,4.0,181,0,relay_rich_scout_matched,relay_rich_scout_matched,180,0.15,0.22,12,0.9166666666666666,1.0,0.5,0.6944444444444444,0.5670545803403257,1.0,78.04987523587566,1,0
1573810169,relay_rich_scout_matched,delayed,crowd_vector,degraded,degraded,full_delivery,1,57,49,1,57,10,9,2,1,0.16666666666666666,0.16666666666666666,59.300945063591165,0.09427813205658372,0.06588993895954574,0,0.0,0.0,0.653256704980843,0.049188348136585916,0.23048714654293165,0.0,0.653256704980843,0.049188348136585916,0.0,0.0001824917596416477,0.0,0.0,6.241379310344827,181,0,relay_rich_scout_matched,relay_rich_scout_matched,180,0.15,0.22,12,0.75,0.8333333333333334,0.5,0.6833333333333333,0.5714630361064377,1.0,70.93381583882346,0,1
3583483041,relay_rich_scout_matched,delayed,crowd_vector,degraded,degraded,full_delivery,1,58,50,1,58,10,11,2,2,0.16666666666666666,0.16666666666666666,62.09498413332958,0.0940833092929236,0.06899442681481065,0,0.0,0.0,0.5932203389830508,0.05822592734302079,0.2578310843493179,0.0,0.5932203389830508,0.05822592734302079,0.0,0.00011470512227011255,0.0,0.0,4.0,181,0,relay_rich_scout_matched,relay_rich_scout_matched,180,0.15,0.22,12,0.9166666666666666,0.8333333333333334,1.0,0.6777777777777778,0.5723485941230746,1.0,83.85732476216748,0,1
1808656123,relay_rich_scout_matched,delayed,crowd_vector,degraded,degraded,full_delivery,1,56,49,1,56,11,10,2,1,0.08333333333333333,0.08333333333333333,59.70341926014551,0.09101130984778279,0.06633713251127278,0,0.0,0.0,0.6198830409356723,0.05663651172805602,0.25139363708436346,0.0,0.6198830409356723,0.05663651172805602,0.0,0.00027142314157724306,0.0,0.0,4.947368421052632,181,0,relay_rich_scout_matched,relay_rich_scout_matched,180,0.15,0.22,12,0.8333333333333334,0.9166666666666666,0.5,0.6888888888888889,0.5863122279646237,1.0,74.73059341372695,0,1
3428540780,relay_rich_scout_matched,delayed,crowd_vector,degraded,degraded,full_delivery,1,56,51,1,56,12,11,2,1,0.0,0.0,62.641213458435985,0.09158072143046196,0.06960134828715109,0,0.0,0.0,0.5964912280701754,0.0601102848910958,0.2653040847229795,0.0,0.5964912280701754,0.0601102848910958,0.0,0.00017257707135956763,0.0,0.0,4.0,181,0,relay_rich_scout_matched,relay_rich_scout_matched,180,0.15,0.22,12,0.9166666666666666,1.0,0.5,0.6888888888888889,0.5837239934979002,1.0,78.19435813119281,1,0
3386671588,relay_rich_scout_matched,delayed,crowd_vector,degraded,degraded,full_delivery,1,56,53,1,56,12,11,2,1,0.0,0.0,99.18085366289925,0.14500124804517434,0.1102009485143325,0,0.0,0.0,0.6549707602339182,0.05268749824799294,0.2414920752636084,0.0,0.6549707602339182,0.05268749824799294,0.0,0.00030630866814781646,0.0,0.0,4.0,181,0,relay_rich_scout_matched,relay_rich_scout_matched,180,0.15,0.22,12,0.9166666666666666,1.0,0.5,0.6888888888888889,0.34090341797648027,1.0,74.79487007389294,1,0
3143774756,relay_rich_scout_matched,delayed,crowd_vector,degraded,degraded,full_delivery,1,56,53,1,56,11,10,2,1,0.08333333333333333,0.08333333333333333,82.29448164655916,0.12919070902128596,0.0914383129406213,0,0.0,0.0,0.631578947368421,0.053953249219679526,0.24646977763620437,0.0,0.631578947368421,0.053953249219679526,0.0,0.0003006335797100488,0.0,0.0,4.0,181,0,relay_rich_scout_matched,relay_rich_scout_matched,180,0.15,0.22,12,0.8333333333333334,0.9166666666666666,0.5,0.6888888888888889,0.4127695044487002,1.0,72.30099528450403,0,1
2590877509,relay_rich_scout_matched,delayed,crowd_vector,degraded,degraded,full_delivery,1,55,53,1,55,12,11,2,1,0.0,0.0,96.6974164164328,0.14389496490540596,0.10744157379603644,0,0.0,0.0,0.634920634920635,0.05573808331038077,0.2475055076537131,0.0,0.634920634920635,0.05573808331038077,0.0,0.0004330002809901766,0.0,0.0,4.0,181,0,relay_rich_scout_matched,relay_rich_scout_matched,180,0.15,0.22,12,0.9166666666666666,1.0,0.5,0.6944444444444444,0.34593197770270023,1.0,74.9541587989489,1,0
2518190537,relay_rich_scout_matched,delayed,crowd_vector,degraded,degraded,full_delivery,1,56,53,1,56,10,10,2,1,0.16666666666666666,0.16666666666666666,71.69225451066,0.11097872215272447,0.0796580605674,0,0.0,0.0,0.6413255360623782,0.050728923998766405,0.24375304755500668,0.0,0.6413255360623782,0.050728923998766405,0.0,0.00025821016115236265,0.0,0.0,4.947368421052632,181,0,relay_rich_scout_matched,relay_rich_scout_matched,180,0.15,0.22,12,0.8333333333333334,0.8333333333333334,0.5,0.6888888888888889,0.49555126294216145,1.0,71.95993990341249,0,1
3601758512,relay_rich_scout_matched,delayed,crowd_vector,degraded,degraded,full_delivery,1,54,51,1,54,12,11,2,1,0.0,0.0,68.49215666441324,0.10377599494608067,0.07610239629379249,0,0.0,0.0,0.6202020202020201,0.056759254174388915,0.2547265623403452,0.0,0.6202020202020201,0.056759254174388915,0.0,0.00021941885695590465,0.0,0.0,4.0,181,0,relay_rich_scout_matched,relay_rich_scout_matched,180,0.15,0.22,12,0.9166666666666666,1.0,0.5,0.7,0.5282909320632697,1.0,77.59607304888576,1,0
1551816936,relay_rich_scout_matched,delayed,crowd_vector,degraded,degraded,full_delivery,1,55,53,1,55,10,9,2,1,0.16666666666666666,0.16666666666666666,67.82212937220598,0.11795152934296692,0.07535792152467331,0,0.0,0.0,0.6746031746031746,0.046057558344103224,0.21803212816091824,0.0,0.6746031746031746,0.046057558344103224,0.0,0.00020761042897867656,0.0,0.0,5.428571428571429,181,0,relay_rich_scout_matched,relay_rich_scout_matched,180,0.15,0.22,12,0.75,0.8333333333333334,0.5,0.6944444444444444,0.4638566848046959,1.0,69.60510469837685,0,1
4136925906,relay_rich_scout_matched,delayed,crowd_vector,degraded,degraded,full_delivery,1,55,52,1,55,12,12,2,2,0.0,0.0,65.88627438868123,0.09804505117363278,0.07320697154297914,0,0.0,0.0,0.6408730158730158,0.056768485182928555,0.23478413057392375,0.0,0.6408730158730158,0.056768485182928555,0.0,0.000185239133052049,0.0,0.0,4.0,181,0,relay_rich_scout_matched,relay_rich_scout_matched,180,0.15,0.22,12,1.0,1.0,1.0,0.6944444444444444,0.5543406764834873,1.0,88.87188058187992,1,0
2099973278,relay_rich_scout_matched,delayed,crowd_vector,degraded,degraded,full_delivery,1,56,53,1,56,12,11,2,1,0.0,0.0,98.51024999007556,0.14402083331882393,0.10945583332230618,0,0.0,0.0,0.6237816764132554,0.054530446863691746,0.2599239171143315,0.0,0.6237816764132554,0.054530446863691746,0.0,0.00015342362060000972,0.0,0.0,4.0,181,0,relay_rich_scout_matched,relay_rich_scout_matched,180,0.15,0.22,12,0.9166666666666666,1.0,0.5,0.6888888888888889,0.3453598485508004,1.0,74.85726010193342,1,0
2172105876,relay_rich_scout_matched,delayed,crowd_vector,degraded,degraded,full_delivery,1,57,51,1,57,12,11,2,1,0.0,0.0,96.64514399514478,0.1388579655102655,0.10738349332793864,0,0.0,0.0,0.6302681992337165,0.05342701242886176,0.24778275211309916,0.0,0.6302681992337165,0.05342701242886176,0.0,0.0004558610584428741,0.0,0.0,4.0,181,0,relay_rich_scout_matched,relay_rich_scout_matched,180,0.15,0.22,12,0.9166666666666666,1.0,0.5,0.6833333333333333,0.3688274294987932,1.0,75.09691734631643,1,0
908435486,relay_rich_scout_matched,delayed,crowd_vector,degraded,degraded,full_delivery,1,55,54,1,55,11,11,2,2,0.08333333333333333,0.08333333333333333,100.71353372491156,0.15099480318577443,0.11190392636101285,0,0.0,0.0,0.6607142857142857,0.04688280529061121,0.22930568748913613,0.0,0.6607142857142857,0.04688280529061121,0.0,0.0003725584766816896,0.0,0.0,4.0,181,0,relay_rich_scout_matched,relay_rich_scout_matched,180,0.15,0.22,12,0.9166666666666666,0.9166666666666666,1.0,0.6944444444444444,0.31365998551920715,1.0,82.00235090838001,0,1
1154812340,relay_rich_scout_matched,delayed,crowd_vector,degraded,degraded,full_delivery,1,56,52,1,56,12,11,2,1,0.0,0.0,92.27493210625755,0.13490487150037653,0.10252770234028617,0,0.0,0.0,0.6705653021442495,0.044184995852429486,0.22749770792017715,0.0,0.6705653021442495,0.044184995852429486,0.0,0.0003831001133379098,0.0,0.0,4.0,181,0,relay_rich_scout_matched,relay_rich_scout_matched,180,0.15,0.22,12,0.9166666666666666,1.0,0.5,0.6888888888888889,0.3867960386346522,1.0,75.43736676310735,1,0
4120124686,relay_rich_scout_matched,delayed,crowd_vector,degraded,degraded,full_delivery,1,56,53,1,56,11,10,2,1,0.08333333333333333,0.08333333333333333,74.22263286444338,0.11597286385069279,0.08246959207160376,0,0.0,0.0,0.6393762183235867,0.05958700006014382,0.2608133979903751,0.0,0.6393762183235867,0.05958700006014382,0.0,0.00012368654011178377,0.0,0.0,4.0,181,0,relay_rich_scout_matched,relay_rich_scout_matched,180,0.15,0.22,12,0.8333333333333334,0.9166666666666666,0.5,0.6888888888888889,0.4728506188604873,1.0,73.14213088626906,0,1
3371005924,relay_rich_scout_matched,delayed,crowd_vector,degraded,degraded,full_delivery,1,56,51,1,56,12,11,2,1,0.0,0.0,64.05618139053325,0.09364938799785563,0.07117353487837028,0,0.0,0.0,0.6471734892787525,0.0527459914127328,0.24401729789829377,0.0,0.6471734892787525,0.0527459914127328,0.0,0.0001980462284658466,0.0,0.0,4.0,181,0,relay_rich_scout_matched,relay_rich_scout_matched,180,0.15,0.22,12,0.9166666666666666,1.0,0.5,0.6888888888888889,0.5743209636461107,1.0,78.06271571326778,1,0
2916921691,relay_rich_scout_matched,delayed,crowd_vector,degraded,degraded,full_delivery,1,57,51,1,57,12,11,2,1,0.0,0.0,63.844116795233674,0.09173005286671505,0.07093790755025964,0,0.0,0.0,0.6149425287356322,0.059059279018653515,0.25109411526536796,0.0,0.6149425287356322,0.059059279018653515,0.0,9.77385215293973e-05,0.0,0.0,4.0,181,0,relay_rich_scout_matched,relay_rich_scout_matched,180,0.15,0.22,12,0.9166666666666666,1.0,0.5,0.6833333333333333,0.5830452142422042,1.0,78.09596633272419,1,0
2221168206,relay_rich_scout_matched,delayed,crowd_vector,degraded,degraded,full_delivery,1,52,51,1,52,12,9,2,1,0.0,0.0,69.26700520133016,0.10891038553668266,0.07696333911258907,0,0.0,0.0,0.6373165618448637,0.04726585207013449,0.23542836371808692,0.0,0.6373165618448637,0.04726585207013449,0.0,0.00020892356641207443,0.0,0.0,4.0,181,0,relay_rich_scout_matched,relay_rich_scout_matched,180,0.15,0.22,12,0.75,1.0,0.5,0.7111111111111111,0.5049527930150788,1.0,73.44711687998888,1,0
2068077347,relay_rich_scout_matched,delayed,crowd_vector,degraded,degraded,full_delivery,1,56,52,1,56,10,11,2,2,0.16666666666666666,0.16666666666666666,77.03938045105657,0.11981241127691536,0.08559931161228508,0,0.0,0.0,0.6354775828460039,0.05431736290604652,0.254400481234275,0.0,0.6354775828460039,0.05431736290604652,0.0,0.00022108846159372907,0.0,0.0,4.7368421052631575,181,0,relay_rich_scout_matched,relay_rich_scout_matched,180,0.15,0.22,12,0.9166666666666666,0.8333333333333334,1.0,0.6888888888888889,0.45539813055947564,1.0,82.39779605005488,0,1
108405130,relay_rich_scout_matched,scout_belief,autonomous,degraded,degraded,full_delivery,1,58,53,1,58,12,12,2,2,0.0,0.0,95.39706301762567,0.13474161443167468,0.10599673668625074,0,0.0,0.0,0.0,0.0,0.0,0.0,0.0,0.0,0.0,0.0023255376236907366,0.0,0.0,4.0,181,0,relay_rich_scout_matched,relay_rich_scout_matched,180,0.15,0.22,12,1.0,1.0,1.0,0.6777777777777778,0.3875381162196606,1.0,86.26997807151969,1,0
1367200644,relay_rich_scout_matched,scout_belief,autonomous,degraded,degraded,full_delivery,1,55,52,1,55,12,11,2,1,0.0,0.0,94.9392187775905,0.14127859937141443,0.10548802086398944,0,0.0,0.0,0.0,0.0,0.0,0.0,0.0,0.0,0.0,0.0026077397705855983,0.0,0.0,4.0,181,0,relay_rich_scout_matched,relay_rich_scout_matched,180,0.15,0.22,12,0.9166666666666666,1.0,0.5,0.6944444444444444,0.3578245483117526,1.0,75.12065478747564,1,0
318379472,relay_rich_scout_matched,scout_belief,autonomous,degraded,degraded,full_delivery,1,54,51,1,54,12,10,2,1,0.0,0.0,69.1305977811427,0.10474332997142832,0.07681177531238077,0,0.0,0.0,0.0,0.0,0.0,0.0,0.0,0.0,0.0,0.002649064568870024,0.0,0.0,4.0,181,0,relay_rich_scout_matched,relay_rich_scout_matched,180,0.15,0.22,12,0.8333333333333334,1.0,0.5,0.7,0.5238939546753258,1.0,75.53451536545457,1,0
3950667457,relay_rich_scout_matched,scout_belief,autonomous,degraded,degraded,full_delivery,1,56,51,1,56,12,11,2,1,0.0,0.0,69.99068345774916,0.10232556061074438,0.07776742606416573,0,0.0,0.0,0.0,0.0,0.0,0.0,0.0,0.0,0.0,0.00257736776817436,0.0,0.0,4.0,181,0,relay_rich_scout_matched,relay_rich_scout_matched,180,0.15,0.22,12,0.9166666666666666,1.0,0.5,0.6888888888888889,0.5348838154057074,1.0,77.51059563790213,1,0
448685766,relay_rich_scout_matched,scout_belief,autonomous,degraded,degraded,full_delivery,1,52,51,1,52,12,9,2,1,0.0,0.0,86.733242736984,0.1363730231713585,0.09637026970776,0,0.0,0.0,0.0,0.0,0.0,0.0,0.0,0.0,0.0,0.003019848891969652,0.0,0.0,4.0,181,0,relay_rich_scout_matched,relay_rich_scout_matched,180,0.15,0.22,12,0.75,1.0,0.5,0.7111111111111111,0.38012262194837054,1.0,71.69949448505497,1,0
2199295437,relay_rich_scout_matched,scout_belief,autonomous,degraded,degraded,full_delivery,1,59,53,1,59,11,11,2,1,0.08333333333333333,0.08333333333333333,112.1081236266265,0.16153908303548487,0.12456458180736277,12,0.0,0.0,0.0,0.0,0.0,0.0,0.0,0.0,0.0,0.0027560491996229956,0.0,0.0,4.0,181,0,relay_rich_scout_matched,relay_rich_scout_matched,180,0.15,0.22,12,0.9166666666666666,0.9166666666666666,0.5,0.6722222222222223,0.2657314407477961,0.4,65.9757957260247,0,1
1457687070,relay_rich_scout_matched,scout_belief,autonomous,degraded,degraded,full_delivery,1,57,51,1,57,12,12,2,2,0.0,0.0,71.52571109295161,0.10276682628297645,0.07947301232550179,0,0.0,0.0,0.0,0.0,0.0,0.0,0.0,0.0,0.0,0.003169498671585559,0.0,0.0,4.0,181,0,relay_rich_scout_matched,relay_rich_scout_matched,180,0.15,0.22,12,1.0,1.0,1.0,0.6833333333333333,0.532878062350107,1.0,88.39362620623483,1,0
1996820942,relay_rich_scout_matched,scout_belief,autonomous,degraded,degraded,full_delivery,1,56,52,1,56,12,11,2,1,0.0,0.0,106.91639677694323,0.15631052160371817,0.11879599641882581,13,0.0,0.0,0.0,0.0,0.0,0.0,0.0,0.0,0.0,0.002062878616780711,0.0,0.0,4.0,181,0,relay_rich_scout_matched,relay_rich_scout_matched,180,0.15,0.22,12,0.9166666666666666,1.0,0.5,0.6888888888888889,0.28949762907400833,0.35,67.57518902925834,0,1
4099106021,relay_rich_scout_matched,scout_belief,autonomous,degraded,degraded,full_delivery,1,55,53,1,55,12,11,2,1,0.0,0.0,66.54973946231725,0.09903235039035305,0.07394415495813028,0,0.0,0.0,0.0,0.0,0.0,0.0,0.0,0.0,0.0,0.0028114329574940537,0.0,0.0,4.0,181,0,relay_rich_scout_matched,relay_rich_scout_matched,180,0.15,0.22,12,0.9166666666666666,1.0,0.5,0.6944444444444444,0.5498529527711224,1.0,77.80905244990682,1,0
1633508964,relay_rich_scout_matched,scout_belief,autonomous,degraded,degraded,full_delivery,1,54,53,1,54,12,10,2,1,0.0,0.0,76.74414436779472,0.11627900661787079,0.0852712715197719,0,0.0,0.0,0.0,0.0,0.0,0.0,0.0,0.0,0.0,0.0027689093002712115,0.0,0.0,4.0,181,0,relay_rich_scout_matched,relay_rich_scout_matched,180,0.15,0.22,12,0.8333333333333334,1.0,0.5,0.7,0.47145906082786004,1.0,74.80042685159005,1,0
2524206166,relay_rich_scout_matched,scout_belief,autonomous,degraded,degraded,full_delivery,1,56,53,1,56,11,10,2,1,0.08333333333333333,0.08333333333333333,65.8100027534671,0.09986343361679378,0.07312222528163012,0,0.0,0.0,0.0,0.0,0.0,0.0,0.0,0.0,0.0,0.0032694687438739206,0.0,0.0,4.0,181,0,relay_rich_scout_matched,relay_rich_scout_matched,180,0.15,0.22,12,0.8333333333333334,0.9166666666666666,0.5,0.6888888888888889,0.5460753017418465,1.0,74.16727644660807,0,1
3533149176,relay_rich_scout_matched,scout_belief,autonomous,degraded,degraded,full_delivery,1,56,50,1,56,12,12,2,2,0.0,0.0,85.75183969070771,0.12536818668232122,0.09527982187856412,0,0.0,0.0,0.0,0.0,0.0,0.0,0.0,0.0,0.0,0.002606751558700887,0.0,0.0,4.0,181,0,relay_rich_scout_matched,relay_rich_scout_matched,180,0.15,0.22,12,1.0,1.0,1.0,0.6888888888888889,0.43014460598944904,1.0,87.0442467060745,1,0
1533765545,relay_rich_scout_matched,scout_belief,autonomous,degraded,degraded,full_delivery,1,55,54,1,55,10,9,2,1,0.16666666666666666,0.16666666666666666,99.6672953406765,0.1620606428303683,0.11074143926741833,12,0.0,0.0,0.0,0.0,0.0,0.0,0.0,0.0,0.0,0.0023459219806227544,0.0,0.0,4.785714285714286,181,0,relay_rich_scout_matched,relay_rich_scout_matched,180,0.15,0.22,12,0.75,0.8333333333333334,0.5,0.6944444444444444,0.2633607144074168,0.4,60.79816111281495,0,1
781747027,relay_rich_scout_matched,scout_belief,autonomous,degraded,degraded,full_delivery,1,54,52,1,54,12,11,2,1,0.0,0.0,103.26295677827933,0.15645902542163534,0.1147366186425326,0,0.0,0.0,0.0,0.0,0.0,0.0,0.0,0.0,0.0,0.002862299616985352,0.0,0.0,4.0,181,0,relay_rich_scout_matched,relay_rich_scout_matched,180,0.15,0.22,12,0.9166666666666666,1.0,0.5,0.7,0.28882261171983936,1.0,74.24351656407774,0,1
2578279581,relay_rich_scout_matched,scout_belief,autonomous,degraded,degraded,full_delivery,1,56,53,1,56,11,10,2,1,0.08333333333333333,0.08333333333333333,85.09278984859552,0.13011129946268427,0.09454754427621724,0,0.0,0.0,0.0,0.0,0.0,0.0,0.0,0.0,0.0,0.0025210449798074084,0.0,0.0,5.017543859649122,181,0,relay_rich_scout_matched,relay_rich_scout_matched,180,0.15,0.22,12,0.8333333333333334,0.9166666666666666,0.5,0.6888888888888889,0.4085850024423443,1.0,72.24241225641505,0,1
2008337197,relay_rich_scout_matched,scout_belief,autonomous,degraded,degraded,full_delivery,1,57,53,1,57,12,11,2,1,0.0,0.0,112.37135541980857,0.16145309686754103,0.12485706157756507,13,0.0,0.0,0.0,0.0,0.0,0.0,0.0,0.0,0.0,0.002840272613086231,0.0,0.0,4.0,181,0,relay_rich_scout_matched,relay_rich_scout_matched,180,0.15,0.22,12,0.9166666666666666,1.0,0.5,0.6833333333333333,0.2661222869657226,0.35,67.15904535085345,0,1
2717581644,relay_rich_scout_matched,scout_belief,autonomous,degraded,degraded,full_delivery,1,56,53,1,56,11,10,2,1,0.08333333333333333,0.08333333333333333,85.22686298501793,0.1315229367052746,0.0946965144277977,8,0.0,0.0,0.0,0.0,0.0,0.0,0.0,0.0,0.0,0.002656013295589773,0.0,0.0,4.0,181,0,relay_rich_scout_matched,relay_rich_scout_matched,180,0.15,0.22,12,0.8333333333333334,0.9166666666666666,0.5,0.6888888888888889,0.4021684695214791,0.6,68.15258079552294,0,1
2315086356,relay_rich_scout_matched,scout_belief,autonomous,degraded,degraded,full_delivery,1,55,52,1,55,12,11,2,1,0.0,0.0,68.89699160240812,0.10252528512263114,0.07655221289156458,0,0.0,0.0,0.0,0.0,0.0,0.0,0.0,0.0,0.0,0.0022182915231290247,0.0,0.0,4.0,181,0,relay_rich_scout_matched,relay_rich_scout_matched,180,0.15,0.22,12,0.9166666666666666,1.0,0.5,0.6944444444444444,0.533975976715313,1.0,77.58677478512548,1,0
749622825,relay_rich_scout_matched,scout_belief,autonomous,degraded,degraded,full_delivery,1,54,53,1,54,12,11,2,1,0.0,0.0,70.72017780516886,0.10715178455328615,0.07857797533907651,0,0.0,0.0,0.0,0.0,0.0,0.0,0.0,0.0,0.0,0.002309174269473328,0.0,0.0,4.0,181,0,relay_rich_scout_matched,relay_rich_scout_matched,180,0.15,0.22,12,0.9166666666666666,1.0,0.5,0.7,0.5129464338486993,1.0,77.38125007388177,1,0
239605638,relay_rich_scout_matched,scout_belief,autonomous,degraded,degraded,full_delivery,1,56,52,1,56,12,11,2,1,0.0,0.0,71.30374968437492,0.10424524807657153,0.07922638853819436,0,0.0,0.0,0.0,0.0,0.0,0.0,0.0,0.0,0.0,0.002694192796863596,0.0,0.0,4.0,181,0,relay_rich_scout_matched,relay_rich_scout_matched,180,0.15,0.22,12,0.9166666666666666,1.0,0.5,0.6888888888888889,0.5261579632883113,1.0,77.38843370825857,1,0
221558285,relay_rich_scout_matched,scout_belief,autonomous,degraded,degraded,full_delivery,1,56,54,1,56,11,10,2,1,0.08333333333333333,0.08333333333333333,105.92395333556415,0.1632110220886967,0.11769328148396016,12,0.0,0.0,0.0,0.0,0.0,0.0,0.0,0.0,0.0,0.0030422868125020287,0.0,0.0,4.0,181,0,relay_rich_scout_matched,relay_rich_scout_matched,180,0.15,0.22,12,0.8333333333333334,0.9166666666666666,0.5,0.6888888888888889,0.2581317177786514,0.4,64.13606627112335,0,1
3235589538,relay_rich_scout_matched,scout_belief,autonomous,degraded,degraded,full_delivery,1,57,51,1,57,12,11,2,1,0.0,0.0,73.89557110754922,0.10617179756831784,0.08210619011949913,0,0.0,0.0,0.0,0.0,0.0,0.0,0.0,0.0,0.0,0.002189695619389667,0.0,0.0,4.0,181,0,relay_rich_scout_matched,relay_rich_scout_matched,180,0.15,0.22,12,0.9166666666666666,1.0,0.5,0.6833333333333333,0.5174009201440098,1.0,77.17694621534946,1,0
3846256199,relay_rich_scout_matched,scout_belief,autonomous,degraded,degraded,full_delivery,1,54,53,1,54,11,9,2,1,0.08333333333333333,0.08333333333333333,68.4037984047773,0.10944607744764369,0.07600422044975257,0,0.0,0.0,0.0,0.0,0.0,0.0,0.0,0.0,0.0,0.0026828335217628316,0.0,0.0,4.0,181,0,relay_rich_scout_matched,relay_rich_scout_matched,180,0.15,0.22,12,0.75,0.9166666666666666,0.5,0.7,0.5025178297834378,1.0,71.73524961696812,0,1
1898721433,relay_rich_scout_matched,scout_belief,autonomous,degraded,degraded,full_delivery,1,54,52,1,54,12,10,2,1,0.0,0.0,78.94107724588963,0.11960769279680247,0.08771230805098848,0,0.0,0.0,0.0,0.0,0.0,0.0,0.0,0.0,0.0,0.0024317756313436286,0.0,0.0,4.0,181,0,relay_rich_scout_matched,relay_rich_scout_matched,180,0.15,0.22,12,0.8333333333333334,1.0,0.5,0.7,0.45632866910544334,1.0,74.58860136747622,1,0
3438783995,relay_rich_scout_matched,scout_belief,autonomous,degraded,degraded,full_delivery,1,56,52,1,56,11,10,2,1,0.08333333333333333,0.08333333333333333,84.45440051195082,0.12933292574571337,0.09383822279105647,0,0.0,0.0,0.0,0.0,0.0,0.0,0.0,0.0,0.0,0.003066794683875447,0.0,0.0,5.052631578947368,181,0,relay_rich_scout_matched,relay_rich_scout_matched,180,0.15,0.22,12,0.8333333333333334,0.9166666666666666,0.5,0.6888888888888889,0.41212306479221195,1.0,72.29194512931319,0,1
2335430263,relay_rich_scout_matched,scout_belief,autonomous,degraded,degraded,full_delivery,1,56,53,1,56,11,11,2,2,0.08333333333333333,0.08333333333333333,82.550560057669,0.12661128843200767,0.09172284450852111,0,0.0,0.0,0.0,0.0,0.0,0.0,0.0,0.0,0.0,0.002600370352638372,0.0,0.0,4.0,181,0,relay_rich_scout_matched,relay_rich_scout_matched,180,0.15,0.22,12,0.9166666666666666,0.9166666666666666,1.0,0.6888888888888889,0.4244941434908742,1.0,83.46514023109447,0,1
2018509552,relay_rich_scout_matched,scout_belief,autonomous,degraded,degraded,full_delivery,1,56,51,1,56,12,11,2,1,0.0,0.0,76.67596383780955,0.11209936233597886,0.08519551537534394,0,0.0,0.0,0.0,0.0,0.0,0.0,0.0,0.0,0.0,0.0025559474407155685,0.0,0.0,4.0,181,0,relay_rich_scout_matched,relay_rich_scout_matched,180,0.15,0.22,12,0.9166666666666666,1.0,0.5,0.6888888888888889,0.4904574439273688,1.0,76.88862643720539,1,0
420497472,relay_rich_scout_matched,scout_belief,autonomous,degraded,degraded,full_delivery,1,59,54,1,59,11,11,2,2,0.08333333333333333,0.08333333333333333,104.86858254045308,0.1522040385202512,0.11652064726717008,9,0.0,0.0,0.0,0.0,0.0,0.0,0.0,0.0,0.0,0.0027157732643163994,0.0,0.0,5.0,181,0,relay_rich_scout_matched,relay_rich_scout_matched,180,0.15,0.22,12,0.9166666666666666,0.9166666666666666,1.0,0.6722222222222223,0.30816346127158556,0.55,77.06984401335775,0,1
488315309,relay_rich_scout_matched,scout_belief,autonomous,degraded,degraded,full_delivery,1,56,52,1,56,11,11,2,1,0.08333333333333333,0.08333333333333333,76.4344579577954,0.11306872478963817,0.08492717550866156,0,0.0,0.0,0.0,0.0,0.0,0.0,0.0,0.0,0.0,0.0030276868222073317,0.0,0.0,4.0,181,0,relay_rich_scout_matched,relay_rich_scout_matched,180,0.15,0.22,12,0.9166666666666666,0.9166666666666666,0.5,0.6888888888888889,0.4860512509561902,1.0,75.32693973560886,0,1
325888534,relay_rich_scout_matched,scout_belief,autonomous,degraded,degraded,full_delivery,1,55,50,1,55,12,11,2,1,0.0,0.0,83.4214527001437,0.12413906651807098,0.09269050300015967,0,0.0,0.0,0.0,0.0,0.0,0.0,0.0,0.0,0.0,0.0025276732701832584,0.0,0.0,4.0,181,0,relay_rich_scout_matched,relay_rich_scout_matched,180,0.15,0.22,12,0.9166666666666666,1.0,0.5,0.6944444444444444,0.43573151582695013,1.0,76.2113523326884,1,0
98857733,relay_rich_scout_matched,scout_belief,autonomous,degraded,degraded,full_delivery,1,56,51,1,56,12,12,2,2,0.0,0.0,91.83077152099699,0.13425551391958623,0.10203419057888555,11,0.0,0.0,0.0,0.0,0.0,0.0,0.0,0.0,0.0,0.0022749878013842125,0.0,0.0,4.0,181,0,relay_rich_scout_matched,relay_rich_scout_matched,180,0.15,0.22,12,1.0,1.0,1.0,0.6888888888888889,0.38974766400188077,0.44999999999999996,80.97868951824856,0,1
3357083842,relay_rich_scout_matched,scout_belief,autonomous,degraded,degraded,full_delivery,1,55,54,1,55,12,11,2,1,0.0,0.0,65.49033237391056,0.09745585174689071,0.07276703597101174,0,0.0,0.0,0.0,0.0,0.0,0.0,0.0,0.0,0.0,0.0034474644557652523,0.0,0.0,4.0,181,0,relay_rich_scout_matched,relay_rich_scout_matched,180,0.15,0.22,12,0.9166666666666666,1.0,0.5,0.6944444444444444,0.5570188556959513,1.0,77.90937509085441,1,0
3906841086,relay_rich_scout_matched,scout_belief,crowd_vector,degraded,degraded,full_delivery,1,57,51,1,57,11,11,2,2,0.08333333333333333,0.08333333333333333,70.65490601715108,0.10467393484022382,0.07850545113016787,0,0.0,0.0,0.6206896551724138,0.055551223320384764,0.2568606320944178,0.0,0.6206896551724138,0.055551223320384764,0.0,0.003914417339528761,0.0,0.0,4.689655172413793,181,0,relay_rich_scout_matched,relay_rich_scout_matched,180,0.15,0.22,12,0.9166666666666666,0.9166666666666666,1.0,0.6833333333333333,0.5242093870898917,1.0,84.77226475259181,0,1
1685150027,relay_rich_scout_matched,scout_belief,crowd_vector,degraded,degraded,full_delivery,1,56,52,1,56,12,11,2,1,0.0,0.0,98.2505545499782,0.14364116162277515,0.10916728283330912,0,0.0,0.0,0.6744639376218322,0.047519989403294625,0.2339594714198735,0.0,0.6744639376218322,0.047519989403294625,0.0,0.005101748073504361,0.0,0.0,4.0,181,0,relay_rich_scout_matched,relay_rich_scout_matched,180,0.15,0.22,12,0.9166666666666666,1.0,0.5,0.6888888888888889,0.3470856289873857,1.0,74.88142102804561,1,0
3509163260,relay_rich_scout_matched,scout_belief,crowd_vector,degraded,degraded,full_delivery,1,55,52,1,55,12,11,2,1,0.0,0.0,75.10052882494918,0.11175673932284104,0.08344503202772131,0,0.0,0.0,0.6428571428571429,0.050955189544746614,0.24160045295876773,0.0,0.6428571428571429,0.050955189544746614,0.0,0.0039577348645225925,0.0,0.0,4.0,181,0,relay_rich_scout_matched,relay_rich_scout_matched,180,0.15,0.22,12,0.9166666666666666,1.0,0.5,0.6944444444444444,0.49201482125981344,1.0,76.9993186087485,1,0
1468516913,relay_rich_scout_matched,scout_belief,crowd_vector,degraded,degraded,full_delivery,1,55,51,1,55,12,11,2,1,0.0,0.0,74.15724040804444,0.11035303632149471,0.08239693378671605,0,0.0,0.0,0.6666666666666666,0.04823952501573568,0.23367820012846457,0.0,0.6666666666666666,0.04823952501573568,0.0,0.002599890917263075,0.0,0.0,4.0,181,0,relay_rich_scout_matched,relay_rich_scout_matched,180,0.15,0.22,12,0.9166666666666666,1.0,0.5,0.6944444444444444,0.49839528944775136,1.0,77.08864516337962,1,0
1191512602,relay_rich_scout_matched,scout_belief,crowd_vector,degraded,degraded,full_delivery,1,56,52,1,56,12,11,2,1,0.0,0.0,73.3751834364627,0.10727365999482852,0.08152798159606968,0,0.0,0.0,0.658869395711501,0.05478212126899697,0.2423706473640676,0.0,0.658869395711501,0.05478212126899697,0.0,0.0035755810322214963,0.0,0.0,4.0,181,0,relay_rich_scout_matched,relay_rich_scout_matched,180,0.15,0.22,12,0.9166666666666666,1.0,0.5,0.6888888888888889,0.5123924545689613,1.0,77.19571658618769,1,0
723824549,relay_rich_scout_matched,scout_belief,crowd_vector,degraded,degraded,full_delivery,1,55,50,1,55,11,11,2,1,0.08333333333333333,0.08333333333333333,65.53508865892455,0.09884628757002195,0.07281676517658284,0,0.0,0.0,0.6607142857142857,0.05112205386366472,0.23173866451133732,0.0,0.6607142857142857,0.05112205386366472,0.0,0.0036070201903289282,0.0,0.0,4.0,181,0,relay_rich_scout_matched,relay_rich_scout_matched,180,0.15,0.22,12,0.9166666666666666,0.9166666666666666,0.5,0.6944444444444444,0.5506986928635366,1.0,76.32089281120061,0,1
798580508,relay_rich_scout_matched,scout_belief,crowd_vector,degraded,degraded,full_delivery,1,55,51,1,55,12,11,2,1,0.0,0.0,62.18120861481101,0.09253156043870686,0.06909023179423446,0,0.0,0.0,0.6468253968253966,0.05454369999368524,0.2445461483330969,0.0,0.6468253968253966,0.05454369999368524,0.0,0.0034635721701495002,0.0,0.0,4.0,181,0,relay_rich_scout_matched,relay_rich_scout_matched,180,0.15,0.22,12,0.9166666666666666,1.0,0.5,0.6944444444444444,0.5794019980058779,1.0,78.22273908319339,1,0
2838393216,relay_rich_scout_matched,scout_belief,crowd_vector,degraded,degraded,full_delivery,1,54,52,1,54,12,11,2,1,0.0,0.0,70.4274533698516,0.10670826268159334,0.07825272596650179,0,0.0,0.0,0.6484848484848484,0.054968915536974076,0.24613114371541533,0.0,0.6484848484848484,0.054968915536974076,0.0,0.002841744411914829,0.0,0.0,4.0,181,0,relay_rich_scout_matched,relay_rich_scout_matched,180,0.15,0.22,12,0.9166666666666666,1.0,0.5,0.7,0.5149624423563939,1.0,77.4094741929895,1,0
1333578777,relay_rich_scout_matched,scout_belief,crowd_vector,degraded,degraded,full_delivery,1,57,51,1,57,11,11,2,1,0.08333333333333333,0.08333333333333333,90.30197421954473,0.13030587910468217,0.10033552691060525,0,0.0,0.0,0.6053639846743294,0.05805102040199719,0.2605365260183471,0.0,0.6053639846743294,0.05805102040199719,0.0,0.0044005198777594436,0.0,0.0,4.068965517241379,181,0,relay_rich_scout_matched,relay_rich_scout_matched,180,0.15,0.22,12,0.9166666666666666,0.9166666666666666,0.5,0.6833333333333333,0.407700549524172,1.0,74.14114102667173,0,1
2726283025,relay_rich_scout_matched,scout_belief,crowd_vector,degraded,degraded,full_delivery,1,55,54,1,55,12,11,2,1,0.0,0.0,80.32217483605541,0.11952704588698722,0.08924686092895046,0,0.0,0.0,0.6865079365079365,0.046191425643945884,0.22000160690222392,0.0,0.6865079365079365,0.046191425643945884,0.0,0.003681111406508541,0.0,0.0,4.0,181,0,relay_rich_scout_matched,relay_rich_scout_matched,180,0.15,0.22,12,0.9166666666666666,1.0,0.5,0.6944444444444444,0.45669524596823996,1.0,76.50484455466646,1,0
548171343,relay_rich_scout_matched,scout_belief,crowd_vector,degraded,degraded,full_delivery,1,56,52,1,56,12,11,2,1,0.0,0.0,68.0978257292341,0.09955822475034226,0.07566425081026011,0,0.0,0.0,0.6569200779727096,0.05019261370710929,0.23520174151835124,0.0,0.6569200779727096,0.05019261370710929,0.0,0.004115655993937176,0.0,0.0,4.0,181,0,relay_rich_scout_matched,relay_rich_scout_matched,180,0.15,0.22,12,0.9166666666666666,1.0,0.5,0.6888888888888889,0.5474626147711715,1.0,77.68669882901862,1,0
2089684839,relay_rich_scout_matched,scout_belief,crowd_vector,degraded,degraded,full_delivery,1,57,51,1,57,12,11,2,1,0.0,0.0,62.950703912132624,0.09044641366685723,0.06994522656903625,0,0.0,0.0,0.6187739463601531,0.05390077339842903,0.24620008983870476,0.0,0.6187739463601531,0.05390077339842903,0.0,0.0038788323913116532,0.0,0.0,4.0,181,0,relay_rich_scout_matched,relay_rich_scout_matched,180,0.15,0.22,12,0.9166666666666666,1.0,0.5,0.6833333333333333,0.5888799378779217,1.0,78.17765246362423,1,0
1788867296,relay_rich_scout_matched,scout_belief,crowd_vector,degraded,degraded,full_delivery,1,56,53,1,56,10,9,2,1,0.16666666666666666,0.16666666666666666,73.71559539817468,0.11947422268747923,0.08190621710908298,9,0.0,0.0,0.6354775828460039,0.05745344662695831,0.2606979900337117,0.0,0.6354775828460039,0.05745344662695831,0.0,0.004072198368679353,0.0,0.0,4.947368421052632,181,0,relay_rich_scout_matched,relay_rich_scout_matched,180,0.15,0.22,12,0.75,0.8333333333333334,0.5,0.6888888888888889,0.456935351420549,0.55,64.91931714210992,0,1
1922885328,relay_rich_scout_matched,scout_belief,crowd_vector,degraded,degraded,full_delivery,1,56,51,1,56,11,10,2,1,0.08333333333333333,0.08333333333333333,86.41114872512665,0.12763832898837024,0.09601238747236295,0,0.0,0.0,0.6491228070175439,0.05140223156502829,0.2394718715741292,0.0,0.6491228070175439,0.05140223156502829,0.0,0.0037026211942460057,0.0,0.0,4.2105263157894735,181,0,relay_rich_scout_matched,relay_rich_scout_matched,180,0.15,0.22,12,0.8333333333333334,0.9166666666666666,0.5,0.6888888888888889,0.4198257773255898,1.0,72.39978310478048,0,1
3094653189,relay_rich_scout_matched,scout_belief,crowd_vector,degraded,degraded,full_delivery,1,55,53,1,55,12,11,2,1,0.0,0.0,64.88112578964814,0.09654929432983354,0.07209013976627571,0,0.0,0.0,0.6587301587301587,0.04904025583330422,0.22999834576244624,0.0,0.6587301587301587,0.04904025583330422,0.0,0.0036708278975807595,0.0,0.0,4.0,181,0,relay_rich_scout_matched,relay_rich_scout_matched,180,0.15,0.22,12,0.9166666666666666,1.0,0.5,0.6944444444444444,0.5611395712280294,1.0,77.96706510830352,1,0
532264878,relay_rich_scout_matched,scout_belief,crowd_vector,degraded,degraded,full_delivery,1,56,54,1,56,11,10,2,1,0.08333333333333333,0.08333333333333333,96.40037498368416,0.1496900232665903,0.10711152775964906,0,0.0,0.0,0.6510721247563352,0.05108233858691824,0.23643006333328254,0.0,0.6510721247563352,0.05108233858691824,0.0,0.006174649956935491,0.0,0.0,4.0,181,0,relay_rich_scout_matched,relay_rich_scout_matched,180,0.15,0.22,12,0.8333333333333334,0.9166666666666666,0.5,0.6888888888888889,0.3195908033336804,1.0,70.99649346889375,0,1
680127417,relay_rich_scout_matched,scout_belief,crowd_vector,degraded,degraded,full_delivery,1,57,51,1,57,12,11,2,1,0.0,0.0,77.78062406277468,0.11175377020513604,0.0864229156253052,0,0.0,0.0,0.6302681992337165,0.0548569120354192,0.25946575812012973,0.0,0.6302681992337165,0.0548569120354192,0.0,0.0037169454961334214,0.0,0.0,4.0,181,0,relay_rich_scout_matched,relay_rich_scout_matched,180,0.15,0.22,12,0.9166666666666666,1.0,0.5,0.6833333333333333,0.4920283172493817,1.0,76.82172977482466,1,0
1873338653,relay_rich_scout_matched,scout_belief,crowd_vector,degraded,degraded,full_delivery,1,55,52,1,55,12,11,2,1,0.0,0.0,76.92856246483929,0.11447702747743942,0.0854761805164881,0,0.0,0.0,0.613095238095238,0.06441260409054732,0.26636961176982493,0.0,0.613095238095238,0.06441260409054732,0.0,0.0030585884432833524,0.0,0.0,4.0,181,0,relay_rich_scout_matched,relay_rich_scout_matched,180,0.15,0.22,12,0.9166666666666666,1.0,0.5,0.6944444444444444,0.4796498751025481,1.0,76.82620936254678,1,0
3587309396,relay_rich_scout_matched,scout_belief,crowd_vector,degraded,degraded,full_delivery,1,56,54,1,56,10,9,2,1,0.16666666666666666,0.16666666666666666,81.33153733160938,0.13443229311009816,0.09036837481289932,10,0.014814814814814814,0.1111111111111111,0.645224171539961,0.04909343771614886,0.2406048726063601,0.0,0.645224171539961,0.04909343771614886,0.0,0.0052902557967196935,0.0,0.0,4.0,181,0,relay_rich_scout_matched,relay_rich_scout_matched,180,0.15,0.22,12,0.75,0.8333333333333334,0.5,0.6888888888888889,0.3889441222268265,0.5,63.467439933397806,0,1
383966898,relay_rich_scout_matched,scout_belief,crowd_vector,degraded,degraded,full_delivery,1,57,53,1,57,12,11,2,1,0.0,0.0,102.48570824054327,0.14724958080537826,0.1138730091561592,0,0.0,0.0,0.6436781609195402,0.05138686248161478,0.24301896661613956,0.0,0.6436781609195402,0.05138686248161478,0.0,0.005937664312746803,0.0,0.0,4.0,181,0,relay_rich_scout_matched,relay_rich_scout_matched,180,0.15,0.22,12,0.9166666666666666,1.0,0.5,0.6833333333333333,0.330683723611917,1.0,74.56290546390017,1,0
3498446440,relay_rich_scout_matched,scout_belief,crowd_vector,degraded,degraded,full_delivery,1,56,53,1,56,11,10,2,1,0.08333333333333333,0.08333333333333333,60.95237704247789,0.09538713152187464,0.06772486338053099,0,0.0,0.0,0.6354775828460039,0.05678887396064926,0.24441138167175902,0.0,0.6354775828460039,0.05678887396064926,0.0,0.004150392617158344,0.0,0.0,4.0,181,0,relay_rich_scout_matched,relay_rich_scout_matched,180,0.15,0.22,12,0.8333333333333334,0.9166666666666666,0.5,0.6888888888888889,0.5664221294460243,1.0,74.45213203446657,0,1
374610469,relay_rich_scout_matched,scout_belief,crowd_vector,degraded,degraded,full_delivery,1,54,51,1,54,11,10,2,1,0.08333333333333333,0.08333333333333333,76.53957753631728,0.1220726914454821,0.08504397504035253,9,0.0,0.0,0.6646464646464646,0.04841035511567229,0.22850412774253023,0.0,0.6646464646464646,0.04841035511567229,0.0,0.0035433246245815415,0.0,0.0,4.0,181,0,relay_rich_scout_matched,relay_rich_scout_matched,180,0.15,0.22,12,0.8333333333333334,0.9166666666666666,0.5,0.7,0.4451241297932631,0.55,68.43173781710568,0,1
583511928,relay_rich_scout_matched,scout_belief,crowd_vector,degraded,degraded,full_delivery,1,54,53,1,54,12,11,2,1,0.0,0.0,81.29624921053127,0.12317613516747163,0.0903291657894792,0,0.0,0.0,0.6484848484848484,0.0496622676551535,0.23117731246495338,0.0,0.6484848484848484,0.0496622676551535,0.0,0.003897077975739538,0.0,0.0,4.0,181,0,relay_rich_scout_matched,relay_rich_scout_matched,180,0.15,0.22,12,0.9166666666666666,1.0,0.5,0.7,0.44010847651149265,1.0,76.36151867116088,1,0
2352530979,relay_rich_scout_matched,scout_belief,crowd_vector,degraded,degraded,full_delivery,1,55,51,1,55,11,11,2,1,0.08333333333333333,0.08333333333333333,100.41123603872589,0.14986751647571028,0.11156804004302877,10,0.0,0.0,0.6329365079365079,0.05062806517714207,0.2534566068552978,0.0,0.6329365079365079,0.05062806517714207,0.0,0.003907671157865742,0.0,0.0,4.0,181,0,relay_rich_scout_matched,relay_rich_scout_matched,180,0.15,0.22,12,0.9166666666666666,0.9166666666666666,0.5,0.6944444444444444,0.3187840160194987,0.5,68.07408733538409,0,1
3526741437,relay_rich_scout_matched,scout_belief,crowd_vector,degraded,degraded,full_delivery,1,56,52,1,56,11,11,2,2,0.08333333333333333,0.08333333333333333,85.6168382009365,0.1309125966375176,0.09512982022326277,0,0.0,0.0,0.6627680311890837,0.04878150896231332,0.23263489010814106,0.0,0.6627680311890837,0.04878150896231332,0.0,0.003253981279399207,0.0,0.0,4.0,181,0,relay_rich_scout_matched,relay_rich_scout_matched,180,0.15,0.22,12,0.9166666666666666,0.9166666666666666,1.0,0.6888888888888889,0.40494274255673823,1.0,83.19142061801655,0,1
2786262754,relay_rich_scout_matched,scout_belief,crowd_vector,degraded,degraded,full_delivery,1,56,55,1,56,11,11,2,1,0.08333333333333333,0.08333333333333333,96.36821733011719,0.14491461252649201,0.10707579703346354,0,0.0,0.0,0.6783625730994152,0.044228241316498336,0.22569436099566814,0.0,0.6783625730994152,0.044228241316498336,0.0,0.0057847778306753415,0.0,0.0,4.0,181,0,relay_rich_scout_matched,relay_rich_scout_matched,180,0.15,0.22,12,0.9166666666666666,0.9166666666666666,0.5,0.6888888888888889,0.34129721578867267,1.0,73.30038324326362,0,1
2092379653,relay_rich_scout_matched,scout_belief,crowd_vector,degraded,degraded,full_delivery,1,54,51,1,54,12,11,2,1,0.0,0.0,63.49058899004756,0.09619786210613267,0.07054509887783063,0,0.0,0.0,0.61010101010101,0.06227004502786762,0.2569637369113955,0.0,0.61010101010101,0.06227004502786762,0.0,0.004077688121817476,0.0,0.0,4.0,181,0,relay_rich_scout_matched,relay_rich_scout_matched,180,0.15,0.22,12,0.9166666666666666,1.0,0.5,0.7,0.5627369904266697,1.0,78.07831786597336,1,0
3048560653,relay_rich_scout_matched,scout_belief,crowd_vector,degraded,degraded,full_delivery,1,57,52,1,57,12,12,2,2,0.0,0.0,103.07977199096106,0.1481031206766682,0.11453307998995674,0,0.0,0.0,0.632183908045977,0.05028659128445443,0.25003717437757544,0.0,0.632183908045977,0.05028659128445443,0.0,0.004956701342683377,0.0,0.0,4.0,181,0,relay_rich_scout_matched,relay_rich_scout_matched,180,0.15,0.22,12,1.0,1.0,1.0,0.6833333333333333,0.32680399692423545,1.0,85.50858929027262,1,0
3192040357,relay_rich_scout_matched,scout_belief,crowd_vector,degraded,degraded,full_delivery,1,53,52,1,53,11,9,2,1,0.08333333333333333,0.08333333333333333,59.48241643515447,0.09783292176834617,0.0660915738168383,0,0.0,0.0,0.6893004115226335,0.044724006207098196,0.20936973863314184,0.0,0.6893004115226335,0.044724006207098196,0.0,0.003409273266326932,0.0,0.0,5.444444444444445,181,0,relay_rich_scout_matched,relay_rich_scout_matched,180,0.15,0.22,12,0.75,0.9166666666666666,0.5,0.7055555555555555,0.555304901052972,1.0,72.56315750363049,0,1
191574989,relay_rich_scout_matched,scout_belief,crowd_vector,degraded,degraded,full_delivery,1,54,52,1,54,11,10,2,1,0.08333333333333333,0.08333333333333333,73.22103709787514,0.11405145965401112,0.08135670788652793,0,0.0,0.0,0.6727272727272727,0.04593745248220082,0.21608726512401064,0.0,0.6727272727272727,0.04593745248220082,0.0,0.0036175665949038207,0.0,0.0,4.618181818181818,181,0,relay_rich_scout_matched,relay_rich_scout_matched,180,0.15,0.22,12,0.8333333333333334,0.9166666666666666,0.5,0.7,0.48158427429994943,1.0,73.44217984019929,0,1
749263731,relay_rich_scout_matched,scout_belief,crowd_vector,degraded,degraded,full_delivery,1,56,51,1,56,11,10,2,1,0.08333333333333333,0.08333333333333333,64.96710450970916,0.09696582762643158,0.07218567167745463,0,0.0,0.0,0.6393762183235867,0.05468797602588286,0.23929976240787001,0.0,0.6393762183235867,0.05468797602588286,0.0,0.0036395394208503253,0.0,0.0,4.456140350877193,181,0,relay_rich_scout_matched,relay_rich_scout_matched,180,0.15,0.22,12,0.8333333333333334,0.9166666666666666,0.5,0.6888888888888889,0.5592462380616747,1.0,74.35166955508568,0,1
1840508712,relay_rich_scout_matched,scout_belief,crowd_vector,degraded,degraded,full_delivery,1,55,52,1,55,12,12,2,2,0.0,0.0,66.060126525275,0.09830375971023064,0.07340014058363889,0,0.0,0.0,0.6408730158730158,0.054712468028805694,0.24812591603484227,0.0,0.6408730158730158,0.054712468028805694,0.0,0.004123257255940855,0.0,0.0,4.0,181,0,relay_rich_scout_matched,relay_rich_scout_matched,180,0.15,0.22,12,1.0,1.0,1.0,0.6944444444444444,0.5531647285898607,1.0,88.85541731136915,1,0
3276235231,relay_rich_scout_matched,delayed,autonomous,severe,severe,full_delivery,1,56,52,1,56,11,10,2,1,0.08333333333333333,0.08333333333333333,83.30707082276768,0.1275759124391542,0.09256341202529743,9,0.0,0.0,0.0,0.0,0.0,0.0,0.0,0.0,0.0,0.0006031099247512648,0.0,0.0,8.0,181,0,relay_rich_scout_matched,relay_rich_scout_matched,180,0.15,0.22,12,0.8333333333333334,0.9166666666666666,0.5,0.6888888888888889,0.4201094889129354,0.55,67.90375506700333,0,1
3590956099,relay_rich_scout_matched,delayed,autonomous,severe,severe,full_delivery,1,56,53,1,56,9,9,2,2,0.25,0.25,60.83475315268712,0.1067276371099774,0.06759417016965236,8,0.0,0.0,0.0,0.0,0.0,0.0,0.0,0.0,0.0,0.002663670482959479,0.0,0.0,12.491228070175438,181,0,relay_rich_scout_matched,relay_rich_scout_matched,180,0.15,0.22,12,0.75,0.75,1.0,0.6888888888888889,0.51487437677283,0.6,73.73046349704184,0,1
907109075,relay_rich_scout_matched,delayed,autonomous,severe,severe,full_delivery,1,55,52,1,55,11,10,2,1,0.08333333333333333,0.08333333333333333,77.92792326555993,0.11988911271624604,0.0865865814061777,9,0.0,0.0,0.0,0.0,0.0,0.0,0.0,0.0,0.0,0.00035535476601720106,0.0,0.0,8.0,181,0,relay_rich_scout_matched,relay_rich_scout_matched,180,0.15,0.22,12,0.8333333333333334,0.9166666666666666,0.5,0.6944444444444444,0.4550494876534271,0.55,68.4818039382591,0,1
1497536664,relay_rich_scout_matched,delayed,autonomous,severe,severe,full_delivery,1,56,51,1,56,11,10,2,1,0.08333333333333333,0.08333333333333333,80.56080633846693,0.12060000948872296,0.08951200704274104,9,0.0,0.0,0.0,0.0,0.0,0.0,0.0,0.0,0.0,0.0007892682056306752,0.0,0.0,9.052631578947368,181,0,relay_rich_scout_matched,relay_rich_scout_matched,180,0.15,0.22,12,0.8333333333333334,0.9166666666666666,0.5,0.6888888888888889,0.4518181386876229,0.55,68.34767616384896,0,1
2755008245,relay_rich_scout_matched,delayed,autonomous,severe,severe,full_delivery,1,60,51,1,60,10,11,2,2,0.16666666666666666,0.16666666666666666,99.24060456009138,0.14036860616703167,0.11026733840010154,0,0.0,0.0,0.0,0.0,0.0,0.0,0.0,0.0,0.0,0.0015859648873143796,0.0,0.0,8.78688524590164,181,0,relay_rich_scout_matched,relay_rich_scout_matched,180,0.15,0.22,12,0.9166666666666666,0.8333333333333334,1.0,0.6666666666666667,0.36196088105894697,1.0,80.73411900149192,0,1
417107158,relay_rich_scout_matched,delayed,autonomous,severe,severe,full_delivery,1,57,53,1,57,11,10,2,1,0.08333333333333333,0.08333333333333333,108.57644675861685,0.16061604550091252,0.12064049639846317,12,0.0,0.0,0.0,0.0,0.0,0.0,0.0,0.0,0.0,0.00047495425093032354,0.0,0.0,9.310344827586206,181,0,relay_rich_scout_matched,relay_rich_scout_matched,180,0.15,0.22,12,0.8333333333333334,0.9166666666666666,0.5,0.6833333333333333,0.2699270659049431,0.4,64.21231225600255,0,1
790596363,relay_rich_scout_matched,delayed,autonomous,severe,severe,full_delivery,1,54,52,1,54,11,10,2,1,0.08333333333333333,0.08333333333333333,76.43218588474846,0.11722727896433813,0.08492465098305385,0,0.0,0.0,0.0,0.0,0.0,0.0,0.0,0.0,0.0,0.00014238156001851186,0.0,0.0,8.0,181,0,relay_rich_scout_matched,relay_rich_scout_matched,180,0.15,0.22,12,0.8333333333333334,0.9166666666666666,0.5,0.7,0.4671487319802813,1.0,73.24008224772392,0,1
463916505,relay_rich_scout_matched,delayed,autonomous,severe,severe,full_delivery,1,55,54,1,55,11,10,2,1,0.08333333333333333,0.08333333333333333,94.12719376457879,0.14458862329428385,0.104585770849532,0,0.0,0.0,0.0,0.0,0.0,0.0,0.0,0.0,0.0,0.0013555545066027905,0.0,0.0,8.0,181,0,relay_rich_scout_matched,relay_rich_scout_matched,180,0.15,0.22,12,0.8333333333333334,0.9166666666666666,0.5,0.6944444444444444,0.3427789850259825,1.0,71.41001690147486,0,1
3126399546,relay_rich_scout_matched,delayed,autonomous,severe,severe,full_delivery,1,55,51,1,55,11,10,2,1,0.08333333333333333,0.08333333333333333,98.40454259534074,0.15719575494463378,0.10933838066148971,12,0.0,0.0,0.0,0.0,0.0,0.0,0.0,0.0,0.0,0.0008247442390154578,0.0,0.0,11.214285714285714,181,0,relay_rich_scout_matched,relay_rich_scout_matched,180,0.15,0.22,12,0.8333333333333334,0.9166666666666666,0.5,0.6944444444444444,0.2854738411607556,0.4,64.60774488736169,0,1
3665252131,relay_rich_scout_matched,delayed,autonomous,severe,severe,full_delivery,1,54,51,1,54,11,10,2,1,0.08333333333333333,0.08333333333333333,78.25284200394357,0.11965266361459262,0.08694760222660397,8,0.0,0.0,0.0,0.0,0.0,0.0,0.0,0.0,0.0,0.0008167288883077516,0.0,0.0,8.363636363636363,181,0,relay_rich_scout_matched,relay_rich_scout_matched,180,0.15,0.22,12,0.8333333333333334,0.9166666666666666,0.5,0.7,0.45612425629730624,0.6,69.08573958816228,0,1
1849165773,relay_rich_scout_matched,delayed,autonomous,severe,severe,full_delivery,1,54,50,1,54,12,11,2,1,0.0,0.0,73.25543308127949,0.11099308042618104,0.0813949256458661,0,0.0,0.0,0.0,0.0,0.0,0.0,0.0,0.0,0.0,0.00018683121566436057,0.0,0.0,8.0,181,0,relay_rich_scout_matched,relay_rich_scout_matched,180,0.15,0.22,12,0.9166666666666666,1.0,0.5,0.7,0.49548599806281346,1.0,77.13680397287938,1,0
2430500603,relay_rich_scout_matched,delayed,autonomous,severe,severe,full_delivery,1,55,52,1,55,11,10,2,1,0.08333333333333333,0.08333333333333333,69.1772320660723,0.11211869054468769,0.07686359118452478,8,0.0,0.0,0.0,0.0,0.0,0.0,0.0,0.0,0.0,0.0007405405382319001,0.0,0.0,8.0,181,0,relay_rich_scout_matched,relay_rich_scout_matched,180,0.15,0.22,12,0.8333333333333334,0.9166666666666666,0.5,0.6944444444444444,0.49036958843323775,0.6,69.47628534917645,0,1
2214218713,relay_rich_scout_matched,delayed,autonomous,severe,severe,full_delivery,1,57,53,1,57,12,11,2,1,0.0,0.0,89.31900873511081,0.1283319091021707,0.09924334303901201,0,0.0,0.0,0.0,0.0,0.0,0.0,0.0,0.0,0.0,0.0007957471878317853,0.0,0.0,8.0,181,0,relay_rich_scout_matched,relay_rich_scout_matched,180,0.15,0.22,12,0.9166666666666666,1.0,0.5,0.6833333333333333,0.4166731404446786,1.0,75.76675729955883,1,0
1053597034,relay_rich_scout_matched,delayed,autonomous,severe,severe,full_delivery,1,58,52,1,58,11,12,2,2,0.08333333333333333,0.08333333333333333,85.80306166383617,0.12136218057119685,0.0953367351820402,9,0.0,0.0,0.0,0.0,0.0,0.0,0.0,0.0,0.0,0.0006457124730616409,0.0,0.0,8.0,181,0,relay_rich_scout_matched,relay_rich_scout_matched,180,0.15,0.22,12,1.0,0.9166666666666666,1.0,0.6777777777777778,0.4483537246763779,0.55,81.12139658991374,0,1
3596284486,relay_rich_scout_matched,delayed,autonomous,severe,severe,full_delivery,1,57,54,1,57,11,10,2,1,0.08333333333333333,0.08333333333333333,109.65909570845461,0.17080856029354302,0.12184343967606068,14,0.0,0.0,0.0,0.0,0.0,0.0,0.0,0.0,0.0,0.0017174928952931416,0.0,0.0,8.0,181,0,relay_rich_scout_matched,relay_rich_scout_matched,180,0.15,0.22,12,0.8333333333333334,0.9166666666666666,0.5,0.6833333333333333,0.22359745321116808,0.30000000000000004,62.563697678289685,0,1
3948651364,relay_rich_scout_matched,delayed,autonomous,severe,severe,full_delivery,1,55,52,1,55,10,9,2,1,0.16666666666666666,0.16666666666666666,72.94555757815708,0.11652644980536274,0.08105061953128564,9,0.0,0.0,0.0,0.0,0.0,0.0,0.0,0.0,0.0,0.0007560147633562873,0.0,0.0,8.714285714285714,181,0,relay_rich_scout_matched,relay_rich_scout_matched,180,0.15,0.22,12,0.75,0.8333333333333334,0.5,0.6944444444444444,0.470334319066533,0.55,65.19579157804257,0,1
260635286,relay_rich_scout_matched,delayed,autonomous,severe,severe,full_delivery,1,55,52,1,55,12,10,2,1,0.0,0.0,91.49162337703478,0.13614824907296844,0.10165735930781643,0,0.0,0.0,0.0,0.0,0.0,0.0,0.0,0.0,0.0,0.0009849650306548278,0.0,0.0,8.0,181,0,relay_rich_scout_matched,relay_rich_scout_matched,180,0.15,0.22,12,0.8333333333333334,1.0,0.5,0.6944444444444444,0.38114432239559803,1.0,73.44713162464949,1,0
2879214101,relay_rich_scout_matched,delayed,autonomous,severe,severe,full_delivery,1,56,51,1,56,12,11,2,1,0.0,0.0,78.71133068460571,0.11507504486053467,0.08745703409400635,8,0.0,0.0,0.0,0.0,0.0,0.0,0.0,0.0,0.0,0.0007885421160035829,0.0,0.0,8.0,181,0,relay_rich_scout_matched,relay_rich_scout_matched,180,0.15,0.22,12,0.9166666666666666,1.0,0.5,0.6888888888888889,0.47693161427029696,0.6,72.69926482200637,1,0
745788227,relay_rich_scout_matched,delayed,autonomous,severe,severe,full_delivery,1,54,53,1,54,10,9,2,1,0.16666666666666666,0.16666666666666666,67.29345170603152,0.11642465693085038,0.07477050189559058,9,0.0,0.0,0.0,0.0,0.0,0.0,0.0,0.0,0.0,0.0008198799641262351,0.0,0.0,8.0,181,0,relay_rich_scout_matched,relay_rich_scout_matched,180,0.15,0.22,12,0.75,0.8333333333333334,0.5,0.7,0.4707970139506801,0.55,65.29115819530954,0,1
428427,relay_rich_scout_matched,delayed,autonomous,severe,severe,full_delivery,1,56,52,1,56,11,10,2,1,0.08333333333333333,0.08333333333333333,78.18271347974812,0.124494766687497,0.08686968164416457,9,0.0,0.0,0.0,0.0,0.0,0.0,0.0,0.0,0.0,0.000535381027468553,0.0,0.0,8.0,181,0,relay_rich_scout_matched,relay_rich_scout_matched,180,0.15,0.22,12,0.8333333333333334,0.9166666666666666,0.5,0.6888888888888889,0.4341146968750137,0.55,68.09982797847243,0,1
210713260,relay_rich_scout_matched,delayed,autonomous,severe,severe,full_delivery,1,56,52,1,56,9,9,2,1,0.25,0.25,59.40569659741832,0.10277802179484138,0.06600632955268702,0,0.0,0.0,0.0,0.0,0.0,0.0,0.0,0.0,0.0,0.0012406192371239282,0.0,0.0,11.157894736842104,181,0,relay_rich_scout_matched,relay_rich_scout_matched,180,0.15,0.22,12,0.75,0.75,0.5,0.6888888888888889,0.5328271736598119,1.0,68.9818026534596,0,1
2152488333,relay_rich_scout_matched,delayed,autonomous,severe,severe,full_delivery,1,55,51,1,55,11,10,2,1,0.08333333333333333,0.08333333333333333,76.42701544666922,0.11579850825252912,0.08491890605185469,8,0.0,0.0,0.0,0.0,0.0,0.0,0.0,0.0,0.0,0.0008082311486903655,0.0,0.0,8.785714285714286,181,0,relay_rich_scout_matched,relay_rich_scout_matched,180,0.15,0.22,12,0.8333333333333334,0.9166666666666666,0.5,0.6944444444444444,0.47364314430668586,0.6,69.24211513140473,0,1
3223595672,relay_rich_scout_matched,delayed,autonomous,severe,severe,full_delivery,1,54,51,1,54,12,10,2,1,0.0,0.0,74.47546010390258,0.11284160621803421,0.08275051122655842,0,0.0,0.0,0.0,0.0,0.0,0.0,0.0,0.0,0.0,0.000273436393963503,0.0,0.0,8.0,181,0,relay_rich_scout_matched,relay_rich_scout_matched,180,0.15,0.22,12,0.8333333333333334,1.0,0.5,0.7,0.4870836080998445,1.0,75.01917051339782,1,0
3072099293,relay_rich_scout_matched,delayed,autonomous,severe,severe,full_delivery,1,54,51,1,54,12,10,2,1,0.0,0.0,96.70087963476088,0.14651648429509223,0.10744542181640097,10,0.0,0.0,0.0,0.0,0.0,0.0,0.0,0.0,0.0,0.000480542310849375,0.0,0.0,8.0,181,0,relay_rich_scout_matched,relay_rich_scout_matched,180,0.15,0.22,12,0.8333333333333334,1.0,0.5,0.7,0.33401598047685355,0.5,67.87622372667596,1,1
2096853916,relay_rich_scout_matched,delayed,autonomous,severe,severe,full_delivery,1,57,51,1,57,12,12,2,2,0.0,0.0,74.01854776983075,0.10634848817504418,0.0822428308553675,0,0.0,0.0,0.0,0.0,0.0,0.0,0.0,0.0,0.0,0.0007134913847092332,0.0,0.0,8.0,181,0,relay_rich_scout_matched,relay_rich_scout_matched,180,0.15,0.22,12,1.0,1.0,1.0,0.6833333333333333,0.5165977810225264,1.0,88.1657022676487,1,0
1217326934,relay_rich_scout_matched,delayed,autonomous,severe,severe,full_delivery,1,58,52,1,58,12,11,2,1,0.0,0.0,110.51399406994582,0.1560932119632003,0.12279332674438424,0,0.0,0.0,0.0,0.0,0.0,0.0,0.0,0.0,0.0,0.0018267704598707234,0.0,0.0,8.0,181,0,relay_rich_scout_matched,relay_rich_scout_matched,180,0.15,0.22,12,0.9166666666666666,1.0,0.5,0.6777777777777778,0.2904854001672713,1.0,73.91124004678623,0,1
1973869399,relay_rich_scout_matched,delayed,autonomous,severe,severe,full_delivery,1,56,52,1,56,11,11,2,1,0.08333333333333333,0.08333333333333333,93.12250292680541,0.1369448572453021,0.10346944769645046,0,0.0,0.0,0.0,0.0,0.0,0.0,0.0,0.0,0.0,0.0010355479599902326,0.0,0.0,8.210526315789474,181,0,relay_rich_scout_matched,relay_rich_scout_matched,180,0.15,0.22,12,0.9166666666666666,0.9166666666666666,0.5,0.6888888888888889,0.3775233761577178,1.0,73.80754948843025,0,1
2723028057,relay_rich_scout_matched,delayed,autonomous,severe,severe,full_delivery,1,58,53,1,58,10,9,2,1,0.16666666666666666,0.16666666666666666,78.14755669811623,0.11840538893653975,0.08683061855346248,0,0.0,0.0,0.0,0.0,0.0,0.0,0.0,0.0,0.0,0.001030327986432162,0.0,0.0,9.423728813559322,181,0,relay_rich_scout_matched,relay_rich_scout_matched,180,0.15,0.22,12,0.75,0.8333333333333334,0.5,0.6777777777777778,0.4617936866520921,1.0,69.30955605757374,0,1
2951220633,relay_rich_scout_matched,delayed,autonomous,severe,severe,full_delivery,1,56,53,1,56,11,10,2,1,0.08333333333333333,0.08333333333333333,78.49658930635673,0.12076398354824111,0.08721843256261859,0,0.0,0.0,0.0,0.0,0.0,0.0,0.0,0.0,0.0,0.0002498269678370376,0.0,0.0,8.0,181,0,relay_rich_scout_matched,relay_rich_scout_matched,180,0.15,0.22,12,0.8333333333333334,0.9166666666666666,0.5,0.6888888888888889,0.45107280205344946,1.0,72.83724145097052,0,1
3081232031,relay_rich_scout_matched,delayed,autonomous,severe,severe,full_delivery,1,55,51,1,55,12,11,2,1,0.0,0.0,68.42555965489646,0.10182374948645306,0.07602839961655163,0,0.0,0.0,0.0,0.0,0.0,0.0,0.0,0.0,0.0,0.0005839331521854415,0.0,0.0,8.0,181,0,relay_rich_scout_matched,relay_rich_scout_matched,180,0.15,0.22,12,0.9166666666666666,1.0,0.5,0.6944444444444444,0.537164775061577,1.0,77.63141796197318,1,0
3140124906,relay_rich_scout_matched,delayed,autonomous,severe,severe,full_delivery,1,56,53,1,56,10,10,2,2,0.16666666666666666,0.16666666666666666,71.46222967161599,0.11452280396092306,0.07940247741290665,8,0.0,0.0,0.0,0.0,0.0,0.0,0.0,0.0,0.0,0.0008592667332161692,0.0,0.0,9.473684210526315,181,0,relay_rich_scout_matched,relay_rich_scout_matched,180,0.15,0.22,12,0.8333333333333334,0.8333333333333334,1.0,0.6888888888888889,0.4794418001776225,0.6,76.73440742470893,0,1
2054147962,relay_rich_scout_matched,delayed,autonomous,severe,severe,full_delivery,1,55,54,1,55,9,9,2,1,0.25,0.25,54.45854731971895,0.09759596293856443,0.06050949702190995,6,0.0,0.0,0.0,0.0,0.0,0.0,0.0,0.0,0.0,0.0004634683648209067,0.0,0.0,8.0,181,0,relay_rich_scout_matched,relay_rich_scout_matched,180,0.15,0.22,12,0.75,0.75,0.5,0.6944444444444444,0.556381986642889,0.7,66.40045892411156,0,1
1894195763,relay_rich_scout_matched,delayed,crowd_vector,severe,severe,full_delivery,1,55,50,1,55,10,10,2,1,0.16666666666666666,0.16666666666666666,62.72837138646012,0.10300225186610856,0.06969819042940013,0,0.0,0.0,0.5436507936507937,0.08336504749830542,0.32097936408414973,0.0,0.5436507936507937,0.08336504749830542,0.0,0.0015842558103914247,0.0,0.0,10.928571428571429,181,0,relay_rich_scout_matched,relay_rich_scout_matched,180,0.15,0.22,12,0.8333333333333334,0.8333333333333334,0.5,0.6944444444444444,0.5318079460631429,1.0,72.55642235599511,0,1
2052535388,relay_rich_scout_matched,delayed,crowd_vector,severe,severe,full_delivery,1,57,52,1,57,12,11,2,1,0.0,0.0,101.49330253521111,0.14582371053909643,0.11277033615023457,0,0.0,0.0,0.5478927203065134,0.08085969218970221,0.3120667094380503,0.0,0.5478927203065134,0.08085969218970221,0.0,0.0017915278518224923,0.0,0.0,8.0,181,0,relay_rich_scout_matched,relay_rich_scout_matched,180,0.15,0.22,12,0.9166666666666666,1.0,0.5,0.6833333333333333,0.3371649520950162,1.0,74.65364266266356,1,0
2413321762,relay_rich_scout_matched,delayed,crowd_vector,severe,severe,full_delivery,1,57,51,1,57,11,12,2,2,0.08333333333333333,0.08333333333333333,93.57339945438596,0.1366035028531182,0.10397044383820662,0,0.0,0.0,0.5804597701149425,0.07261255484681738,0.28674614529324305,0.0,0.5804597701149425,0.07261255484681738,0.0,0.001367972853539427,0.0,0.0,8.0,181,0,relay_rich_scout_matched,relay_rich_scout_matched,180,0.15,0.22,12,1.0,0.9166666666666666,1.0,0.6833333333333333,0.37907498703128095,1.0,84.74038315177125,0,1
2104782047,relay_rich_scout_matched,delayed,crowd_vector,severe,severe,full_delivery,1,55,51,1,55,10,10,2,2,0.16666666666666666,0.16666666666666666,77.93184241564283,0.1277571187141686,0.08659093601738092,0,0.0,0.0,0.5595238095238095,0.08932911226917864,0.3281824925943897,0.0,0.5595238095238095,0.08932911226917864,0.0,0.0006656574347488057,0.0,0.0,12.285714285714286,181,0,relay_rich_scout_matched,relay_rich_scout_matched,180,0.15,0.22,12,0.8333333333333334,0.8333333333333334,1.0,0.6944444444444444,0.4192858240265064,1.0,79.9811126474822,0,1
1309819602,relay_rich_scout_matched,delayed,crowd_vector,severe,severe,full_delivery,1,55,52,1,55,11,11,2,1,0.08333333333333333,0.08333333333333333,64.89209777741502,0.09968064174718129,0.07210233086379446,0,0.0,0.0,0.5416666666666666,0.08358819128398522,0.31876684152304413,0.0,0.5416666666666666,0.08358819128398522,0.0,0.0004811236474790526,0.0,0.0,8.0,181,0,relay_rich_scout_matched,relay_rich_scout_matched,180,0.15,0.22,12,0.9166666666666666,0.9166666666666666,0.5,0.6944444444444444,0.5469061738764487,1.0,76.26779754538138,0,1
1078150507,relay_rich_scout_matched,delayed,crowd_vector,severe,severe,full_delivery,1,56,51,1,56,9,11,2,2,0.25,0.25,59.86238438606013,0.09993720264784663,0.0665137604289557,0,0.0,0.0,0.530214424951267,0.08698030930337468,0.32503736642185066,0.0,0.530214424951267,0.08698030930337468,0.0,0.0018474290956892762,0.0,0.0,11.087719298245615,181,0,relay_rich_scout_matched,relay_rich_scout_matched,180,0.15,0.22,12,0.9166666666666666,0.75,1.0,0.6888888888888889,0.5457399879643335,1.0,82.16258205372287,0,1
1384159337,relay_rich_scout_matched,delayed,crowd_vector,severe,severe,full_delivery,1,55,51,1,55,11,10,2,1,0.08333333333333333,0.08333333333333333,73.19435194180792,0.1134796154136557,0.08132705771311992,0,0.0,0.0,0.5337301587301587,0.08919974600376704,0.3341388752511237,0.0,0.5337301587301587,0.08919974600376704,0.0,0.0006897141275878944,0.0,0.0,8.0,181,0,relay_rich_scout_matched,relay_rich_scout_matched,180,0.15,0.22,12,0.8333333333333334,0.9166666666666666,0.5,0.6944444444444444,0.484183566301565,1.0,73.38968103933303,0,1
641075126,relay_rich_scout_matched,delayed,crowd_vector,severe,severe,full_delivery,1,55,50,1,55,10,9,2,1,0.16666666666666666,0.16666666666666666,69.55876114824146,0.11651383776924867,0.07728751238693496,0,0.0,0.0,0.5376984126984127,0.08213093300058924,0.31603370806178605,0.0,0.5376984126984127,0.08213093300058924,0.0,0.0005568450655404454,0.0,0.0,13.214285714285714,181,0,relay_rich_scout_matched,relay_rich_scout_matched,180,0.15,0.22,12,0.75,0.8333333333333334,0.5,0.6944444444444444,0.47039164650341514,1.0,69.69659416215892,0,1
1166880727,relay_rich_scout_matched,delayed,crowd_vector,severe,severe,full_delivery,1,55,53,1,55,11,10,2,1,0.08333333333333333,0.08333333333333333,99.49819786322284,0.15546593416128568,0.11055355318135872,10,0.0,0.0,0.5813492063492064,0.07835483206577634,0.29640732688136967,0.0,0.5813492063492064,0.07835483206577634,0.0,0.001266394906963378,0.0,0.0,8.0,181,0,relay_rich_scout_matched,relay_rich_scout_matched,180,0.15,0.22,12,0.8333333333333334,0.9166666666666666,0.5,0.6944444444444444,0.2933366629032469,0.5,65.71782439175658,0,1
3558022350,relay_rich_scout_matched,delayed,crowd_vector,severe,severe,full_delivery,1,56,53,1,56,11,11,2,2,0.08333333333333333,0.08333333333333333,96.21933477135977,0.15081400434382408,0.10691037196817751,9,0.0,0.0,0.53411306042885,0.08913623528375134,0.3310855840756094,0.0,0.53411306042885,0.08913623528375134,0.0,0.0011691694546664326,0.0,0.0,8.0,181,0,relay_rich_scout_matched,relay_rich_scout_matched,180,0.15,0.22,12,0.9166666666666666,0.9166666666666666,1.0,0.6888888888888889,0.3144817984371633,0.55,77.42496740034251,0,1
1358562367,relay_rich_scout_matched,delayed,crowd_vector,severe,severe,full_delivery,1,55,50,1,55,12,11,2,1,0.0,0.0,63.57772234968917,0.09460970587751365,0.07064191372187685,0,0.0,0.0,0.5515873015873016,0.08381033189198249,0.30506307809865013,0.0,0.5515873015873016,0.08381033189198249,0.0,0.0007585141300586934,0.0,0.0,8.0,181,0,relay_rich_scout_matched,relay_rich_scout_matched,180,0.15,0.22,12,0.9166666666666666,1.0,0.5,0.6944444444444444,0.569955882374938,1.0,78.09049346436024,1,0
2433846050,relay_rich_scout_matched,delayed,crowd_vector,severe,severe,full_delivery,1,57,54,1,57,12,11,2,1,0.0,0.0,94.70562751392514,0.13607130389931774,0.10522847501547238,0,0.0,0.0,0.5325670498084291,0.08020906257654846,0.3163555212601312,0.0,0.5325670498084291,0.08020906257654846,0.0,0.0014799231360230036,0.0,0.0,8.0,181,0,relay_rich_scout_matched,relay_rich_scout_matched,180,0.15,0.22,12,0.9166666666666666,1.0,0.5,0.6833333333333333,0.38149407318491935,1.0,75.2742503579222,1,0
2883817771,relay_rich_scout_matched,delayed,crowd_vector,severe,severe,full_delivery,1,56,53,1,56,11,10,2,1,0.08333333333333333,0.08333333333333333,91.99410231101567,0.13528544457502303,0.10221566923446185,0,0.0,0.0,0.5633528265107212,0.08338062924028553,0.3112494195947095,0.0,0.5633528265107212,0.08338062924028553,0.0,0.0014418342008753757,0.0,0.0,8.210526315789474,181,0,relay_rich_scout_matched,relay_rich_scout_matched,180,0.15,0.22,12,0.8333333333333334,0.9166666666666666,0.5,0.6888888888888889,0.3850661610226226,1.0,71.91314847653895,0,1
1240714351,relay_rich_scout_matched,delayed,crowd_vector,severe,severe,full_delivery,1,54,53,1,54,12,11,2,1,0.0,0.0,87.17052721192864,0.13207655638171006,0.09685614134658738,0,0.0,0.0,0.5454545454545454,0.09036010822607655,0.3266362131018782,0.0,0.5454545454545454,0.09036010822607655,0.0,0.00035051484683726845,0.0,0.0,8.0,181,0,relay_rich_scout_matched,relay_rich_scout_matched,180,0.15,0.22,12,0.9166666666666666,1.0,0.5,0.7,0.3996520164467724,1.0,75.79512823025479,1,0
190924851,relay_rich_scout_matched,delayed,crowd_vector,severe,severe,full_delivery,1,58,54,1,58,10,10,2,2,0.16666666666666666,0.16666666666666666,86.16063404284682,0.135900053695342,0.09573403782538537,0,0.007407407407407407,0.1111111111111111,0.5517890772128059,0.07432505997457739,0.30021217667092476,0.0,0.5517890772128059,0.07432505997457739,0.0,0.003210342299137758,0.0,0.0,10.983050847457626,181,0,relay_rich_scout_matched,relay_rich_scout_matched,180,0.15,0.22,12,0.8333333333333334,0.8333333333333334,1.0,0.6777777777777778,0.3822724832029909,1.0,79.19625920928632,0,1
4283563962,relay_rich_scout_matched,delayed,crowd_vector,severe,severe,full_delivery,1,58,53,1,58,11,11,2,1,0.08333333333333333,0.08333333333333333,99.90154963488094,0.14374323688472077,0.11100172181653438,0,0.0,0.0,0.544256120527307,0.0816590973615952,0.31174455497908415,0.0,0.544256120527307,0.0816590973615952,0.0,0.0016255465581327172,0.0,0.0,8.0,181,0,relay_rich_scout_matched,relay_rich_scout_matched,180,0.15,0.22,12,0.9166666666666666,0.9166666666666666,0.5,0.6777777777777778,0.3466216505239965,1.0,73.19714755178039,0,1
1125885391,relay_rich_scout_matched,delayed,crowd_vector,severe,severe,full_delivery,1,55,53,1,55,10,9,2,1,0.16666666666666666,0.16666666666666666,76.82893600765546,0.13646347425871308,0.0853654844529505,0,0.0,0.0,0.5694444444444444,0.07577092487827379,0.3019953625787076,0.0,0.5694444444444444,0.07577092487827379,0.0,0.0018170885020386055,0.0,0.0,15.642857142857142,181,0,relay_rich_scout_matched,relay_rich_scout_matched,180,0.15,0.22,12,0.75,0.8333333333333334,0.5,0.6944444444444444,0.3797114806422133,1.0,68.42707184010209,0,1
170789319,relay_rich_scout_matched,delayed,crowd_vector,severe,severe,full_delivery,1,57,52,1,57,10,10,2,1,0.16666666666666666,0.16666666666666666,90.59498477498062,0.13959165604773593,0.1006610941944229,0,0.0,0.0,0.5363984674329503,0.08729664409495272,0.3239242407235299,0.0,0.5363984674329503,0.08729664409495272,0.0,0.000776020506680083,0.0,0.0,9.448275862068966,181,0,relay_rich_scout_matched,relay_rich_scout_matched,180,0.15,0.22,12,0.8333333333333334,0.8333333333333334,0.5,0.6833333333333333,0.36549247251029116,1.0,70.05022794847741,0,1
2499589572,relay_rich_scout_matched,delayed,crowd_vector,severe,severe,full_delivery,1,52,52,1,52,11,9,2,1,0.08333333333333333,0.08333333333333333,61.59519634363472,0.10300200057464,0.06843910704848302,0,0.0,0.0,0.5513626834381551,0.08135288269861919,0.31151964234800844,0.0,0.5513626834381551,0.08135288269861919,0.0,0.0009005283443769698,0.0,0.0,8.0,181,0,relay_rich_scout_matched,relay_rich_scout_matched,180,0.15,0.22,12,0.75,0.9166666666666666,0.5,0.7111111111111111,0.531809088297091,1.0,72.32310501393705,0,1
3975045374,relay_rich_scout_matched,delayed,crowd_vector,severe,severe,full_delivery,1,56,51,1,56,11,11,2,1,0.08333333333333333,0.08333333333333333,63.074227276614806,0.09414063772629075,0.07008247475179423,0,0.0,0.0,0.5477582846003899,0.08296008667552272,0.3193969695168901,0.0,0.5477582846003899,0.08296008667552272,0.0,0.0008903854335007797,0.0,0.0,8.0,181,0,relay_rich_scout_matched,relay_rich_scout_matched,180,0.15,0.22,12,0.9166666666666666,0.9166666666666666,0.5,0.6888888888888889,0.5720880103350421,1.0,76.5314543669128,0,1
3246979576,relay_rich_scout_matched,delayed,crowd_vector,severe,severe,full_delivery,1,53,52,1,53,11,10,2,1,0.08333333333333333,0.08333333333333333,67.36849421764701,0.11025940133821115,0.07485388246405224,0,0.0,0.0,0.5370370370370371,0.08988916672646628,0.32221047449907875,0.0,0.5370370370370371,0.08988916672646628,0.0,0.0008927385355886939,0.0,0.0,8.0,181,0,relay_rich_scout_matched,relay_rich_scout_matched,180,0.15,0.22,12,0.8333333333333334,0.9166666666666666,0.5,0.7055555555555555,0.4988209030081312,1.0,73.77238153100272,0,1
223659973,relay_rich_scout_matched,delayed,crowd_vector,severe,severe,full_delivery,1,57,54,1,57,11,10,2,1,0.08333333333333333,0.08333333333333333,94.70032064713355,0.14727888125526215,0.10522257849681506,0,0.0,0.0,0.5268199233716475,0.08109796414826011,0.32288673313709565,0.0,0.5268199233716475,0.08109796414826011,0.0,0.00102919458958549,0.0,0.0,8.0,181,0,relay_rich_scout_matched,relay_rich_scout_matched,180,0.15,0.22,12,0.8333333333333334,0.9166666666666666,0.5,0.6833333333333333,0.33055053974880844,1.0,71.06104088981665,0,1
618315962,relay_rich_scout_matched,delayed,crowd_vector,severe,severe,full_delivery,1,55,52,1,55,9,9,2,1,0.25,0.25,52.1713442546598,0.0890295977041976,0.05796816028295533,0,0.0,0.0,0.5416666666666666,0.08246491309483858,0.3163074862556156,0.0,0.5416666666666666,0.08246491309483858,0.0,0.002141581256762536,0.0,0.0,13.642857142857142,181,0,relay_rich_scout_matched,relay_rich_scout_matched,180,0.15,0.22,12,0.75,0.75,0.5,0.6944444444444444,0.5953200104354655,1.0,69.94559125720762,0,1
1558556426,relay_rich_scout_matched,delayed,crowd_vector,severe,severe,full_delivery,1,56,52,1,56,12,11,2,1,0.0,0.0,87.02240005494598,0.12722573107448243,0.09669155561660664,0,0.0,0.0,0.5341130604288498,0.08618534529337628,0.3185446158305156,0.0,0.5341130604288498,0.08618534529337628,0.0,0.0009268861064665315,0.0,0.0,8.0,181,0,relay_rich_scout_matched,relay_rich_scout_matched,180,0.15,0.22,12,0.9166666666666666,1.0,0.5,0.6888888888888889,0.4217012223887162,1.0,75.92603933566424,1,0
2384775971,relay_rich_scout_matched,delayed,crowd_vector,severe,severe,full_delivery,1,54,52,1,54,12,10,2,1,0.0,0.0,66.65095691816185,0.1009862983608513,0.07405661879795762,0,0.0,0.0,0.5373737373737374,0.08732192082237111,0.3197890498572443,0.0,0.5373737373737374,0.08732192082237111,0.0,0.0008682628485239606,0.0,0.0,8.0,181,0,relay_rich_scout_matched,relay_rich_scout_matched,180,0.15,0.22,12,0.8333333333333334,1.0,0.5,0.7,0.5409713710870396,1.0,75.77359919521857,1,0
564916564,relay_rich_scout_matched,delayed,crowd_vector,severe,severe,full_delivery,1,54,52,1,54,11,10,2,1,0.08333333333333333,0.08333333333333333,62.581996421454384,0.09965286054371718,0.06953555157939376,0,0.0,0.0,0.5333333333333334,0.081798291661185,0.3124050749440427,0.0,0.5333333333333334,0.081798291661185,0.0,0.0008391286100908442,0.0,0.0,8.0,181,0,relay_rich_scout_matched,relay_rich_scout_matched,180,0.15,0.22,12,0.8333333333333334,0.9166666666666666,0.5,0.7,0.5470324520740129,1.0,74.35845432903618,0,1
3094249152,relay_rich_scout_matched,delayed,crowd_vector,severe,severe,full_delivery,1,57,53,1,57,10,10,2,2,0.16666666666666666,0.16666666666666666,62.972001763787766,0.09839375275591838,0.06996889084865307,0,0.006666666666666667,0.1,0.5919540229885057,0.08044419429711086,0.2928870831546621,0.0,0.5919540229885057,0.08044419429711086,0.0,0.0009102147305256121,0.0,0.0,9.10344827586207,181,0,relay_rich_scout_matched,relay_rich_scout_matched,180,0.15,0.22,12,0.8333333333333334,0.8333333333333334,1.0,0.6833333333333333,0.5527556692912801,1.0,81.67191270341125,0,1
1969509688,relay_rich_scout_matched,delayed,crowd_vector,severe,severe,full_delivery,1,56,50,1,56,12,11,2,1,0.0,0.0,100.21152058826665,0.14650807103547756,0.11134613398696294,0,0.0,0.0,0.5321637426900585,0.08586882709791814,0.33599195627038375,0.0,0.5321637426900585,0.08586882709791814,0.0,0.0007145217349207876,0.0,0.0,8.0,181,0,relay_rich_scout_matched,relay_rich_scout_matched,180,0.15,0.22,12,0.9166666666666666,1.0,0.5,0.6888888888888889,0.33405422256601114,1.0,74.69898133814638,1,0
468896240,relay_rich_scout_matched,delayed,crowd_vector,severe,severe,full_delivery,1,55,53,1,55,11,10,2,1,0.08333333333333333,0.08333333333333333,61.63072590178693,0.0984516388207459,0.06847858433531881,0,0.0,0.0,0.5773809523809523,0.07615668243977061,0.2959838157628986,0.0,0.5773809523809523,0.07615668243977061,0.0,0.0005211885664958034,0.0,0.0,8.0,181,0,relay_rich_scout_matched,relay_rich_scout_matched,180,0.15,0.22,12,0.8333333333333334,0.9166666666666666,0.5,0.6944444444444444,0.5524925508147913,1.0,74.34600682251819,0,1
863252139,relay_rich_scout_matched,delayed,crowd_vector,severe,severe,full_delivery,1,55,52,1,55,11,10,2,1,0.08333333333333333,0.08333333333333333,59.96311976797463,0.09640372953050584,0.06662568863108292,0,0.0,0.0,0.5833333333333333,0.07951369359364724,0.29992230610461734,0.0,0.5833333333333333,0.07951369359364724,0.0,0.0007910495407109601,0.0,0.0,8.0,181,0,relay_rich_scout_matched,relay_rich_scout_matched,180,0.15,0.22,12,0.8333333333333334,0.9166666666666666,0.5,0.6944444444444444,0.5618012294067916,1.0,74.4763283228062,0,1
3165684508,relay_rich_scout_matched,delayed,crowd_vector,severe,severe,full_delivery,1,54,53,1,54,12,11,2,1,0.0,0.0,67.51333392206456,0.1022929301849463,0.07501481546896062,0,0.0,0.0,0.5616161616161617,0.08190768145768218,0.30944989023078867,0.0,0.5616161616161617,0.08190768145768218,0.0,0.00022466435477468683,0.0,0.0,8.0,181,0,relay_rich_scout_matched,relay_rich_scout_matched,180,0.15,0.22,12,0.9166666666666666,1.0,0.5,0.7,0.5350321355229714,1.0,77.69044989732159,1,0
496902721,relay_rich_scout_matched,delayed,crowd_vector,severe,severe,full_delivery,1,56,52,1,56,11,10,2,1,0.08333333333333333,0.08333333333333333,64.22122575024451,0.0958525757466336,0.07135691750027168,0,0.0,0.0,0.5419103313840156,0.08030635623067808,0.3118691518772656,0.0,0.5419103313840156,0.08030635623067808,0.0,0.0007837599083926279,0.0,0.0,8.912280701754385,181,0,relay_rich_scout_matched,relay_rich_scout_matched,180,0.15,0.22,12,0.8333333333333334,0.9166666666666666,0.5,0.6888888888888889,0.5643064738789382,1.0,74.42251285652736,0,1
3399863735,relay_rich_scout_matched,scout_belief,autonomous,severe,severe,full_delivery,1,56,53,1,56,12,11,2,1,0.0,0.0,66.95601021638828,0.09788890382512906,0.07439556690709809,0,0.0,0.0,0.0,0.0,0.0,0.0,0.0,0.0,0.0,0.0034469591480372277,0.0,0.0,8.0,181,0,relay_rich_scout_matched,relay_rich_scout_matched,180,0.15,0.22,12,0.9166666666666666,1.0,0.5,0.6888888888888889,0.5550504371585043,1.0,77.79292834244129,1,0
1491446768,relay_rich_scout_matched,scout_belief,autonomous,severe,severe,full_delivery,1,56,53,1,56,11,11,2,2,0.08333333333333333,0.08333333333333333,80.30551708014161,0.12567373564967388,0.08922835231126845,8,0.0,0.0,0.0,0.0,0.0,0.0,0.0,0.0,0.0,0.00412330201623497,0.0,0.0,8.0,181,0,relay_rich_scout_matched,relay_rich_scout_matched,180,0.15,0.22,12,0.9166666666666666,0.9166666666666666,1.0,0.6888888888888889,0.42875574704693686,0.6,79.52480268087933,0,1
1879596054,relay_rich_scout_matched,scout_belief,autonomous,severe,severe,full_delivery,1,56,52,1,56,12,12,2,2,0.0,0.0,78.01294792767332,0.1140540174381189,0.08668105325297036,0,0.0,0.0,0.0,0.0,0.0,0.0,0.0,0.0,0.0,0.0026426493735876304,0.0,0.0,8.0,181,0,relay_rich_scout_matched,relay_rich_scout_matched,180,0.15,0.22,12,1.0,1.0,1.0,0.6888888888888889,0.4815726480085505,1.0,87.76423929434193,1,0
31367869,relay_rich_scout_matched,scout_belief,autonomous,severe,severe,full_delivery,1,56,51,1,56,10,10,2,1,0.16666666666666666,0.16666666666666666,66.2493718567808,0.10532491551157519,0.07361041317420089,0,0.0,0.0,0.0,0.0,0.0,0.0,0.0,0.0,0.0,0.0033324218257448856,0.0,0.0,11.719298245614034,181,0,relay_rich_scout_matched,relay_rich_scout_matched,180,0.15,0.22,12,0.8333333333333334,0.8333333333333334,0.5,0.6888888888888889,0.5212503840382946,1.0,72.31972759875835,0,1
1354883746,relay_rich_scout_matched,scout_belief,autonomous,severe,severe,full_delivery,1,58,51,1,58,11,10,2,1,0.08333333333333333,0.08333333333333333,70.38217561868765,0.10536253835132882,0.07820241735409739,0,0.0,0.0,0.0,0.0,0.0,0.0,0.0,0.0,0.0,0.0024990876296700454,0.0,0.0,8.0,181,0,relay_rich_scout_matched,relay_rich_scout_matched,180,0.15,0.22,12,0.8333333333333334,0.9166666666666666,0.5,0.6777777777777778,0.5210793711303235,1.0,73.63955564026897,0,1
1494044803,relay_rich_scout_matched,scout_belief,autonomous,severe,severe,full_delivery,1,58,54,1,58,12,11,2,1,0.0,0.0,93.90416834625495,0.13263300613877818,0.10433796482917217,0,0.0,0.0,0.0,0.0,0.0,0.0,0.0,0.0,0.0,0.002343074043293035,0.0,0.0,8.0,181,0,relay_rich_scout_matched,relay_rich_scout_matched,180,0.15,0.22,12,0.9166666666666666,1.0,0.5,0.6777777777777778,0.3971226993691901,1.0,75.40416223561309,1,0
2006524374,relay_rich_scout_matched,scout_belief,autonomous,severe,severe,full_delivery,1,54,53,1,54,11,10,2,1,0.08333333333333333,0.08333333333333333,65.47986533531643,0.10664473181647627,0.07275540592812937,0,0.0,0.0,0.0,0.0,0.0,0.0,0.0,0.0,0.0,0.002714013076776395,0.0,0.0,8.0,181,0,relay_rich_scout_matched,relay_rich_scout_matched,180,0.15,0.22,12,0.8333333333333334,0.9166666666666666,0.5,0.7,0.515251219016017,1.0,73.91351706622423,0,1
3941125485,relay_rich_scout_matched,scout_belief,autonomous,severe,severe,full_delivery,1,56,51,1,56,11,11,2,1,0.08333333333333333,0.08333333333333333,80.59369059358963,0.12101154743782226,0.08954854510398848,0,0.0,0.0,0.0,0.0,0.0,0.0,0.0,0.0,0.0,0.002489158888852642,0.0,0.0,8.0,181,0,relay_rich_scout_matched,relay_rich_scout_matched,180,0.15,0.22,12,0.9166666666666666,0.9166666666666666,0.5,0.6888888888888889,0.44994751164626245,1.0,74.82148738526988,0,1
2521760387,relay_rich_scout_matched,scout_belief,autonomous,severe,severe,full_delivery,1,58,52,1,58,10,10,2,2,0.16666666666666666,0.16666666666666666,104.29094927649872,0.15473434610756487,0.11587883252944302,0,0.0,0.0,0.0,0.0,0.0,0.0,0.0,0.0,0.0,0.004108546238405779,0.0,0.0,8.40677966101695,181,0,relay_rich_scout_matched,relay_rich_scout_matched,180,0.15,0.22,12,0.8333333333333334,0.8333333333333334,1.0,0.6777777777777778,0.2966620631474324,1.0,77.9977133285085,0,1
2496249560,relay_rich_scout_matched,scout_belief,autonomous,severe,severe,full_delivery,1,55,52,1,55,12,11,2,1,0.0,0.0,71.62956164015614,0.10659160958356569,0.07958840182239571,0,0.0,0.0,0.0,0.0,0.0,0.0,0.0,0.0,0.0,0.0028841999895893033,0.0,0.0,8.0,181,0,relay_rich_scout_matched,relay_rich_scout_matched,180,0.15,0.22,12,0.9166666666666666,1.0,0.5,0.6944444444444444,0.515492683711065,1.0,77.328008683066,1,0
3626799428,relay_rich_scout_matched,scout_belief,autonomous,severe,severe,full_delivery,0,180,53,0,180,7,9,2,2,0.4166666666666667,0.3333333333333333,96.88168073319274,0.06307401089400569,0.10621026584724949,14,0.0,0.0,0.0,0.0,0.0,0.0,0.0,0.0,0.0,0.005405128326107856,0.0,0.0,11.71111111111111,181,1,relay_rich_scout_matched,relay_rich_scout_matched,180,0.15,0.22,12,0.75,0.5833333333333334,1.0,0.0,0.7132999504817923,0.30000000000000004,59.48619930674509,0,1
431715695,relay_rich_scout_matched,scout_belief,autonomous,severe,severe,full_delivery,1,56,52,1,56,12,11,2,1,0.0,0.0,106.1038079499965,0.15512252624268494,0.11789311994444054,9,0.0,0.0,0.0,0.0,0.0,0.0,0.0,0.0,0.0,0.0024757162720853232,0.0,0.0,8.0,181,0,relay_rich_scout_matched,relay_rich_scout_matched,180,0.15,0.22,12,0.9166666666666666,1.0,0.5,0.6888888888888889,0.29489760798779574,0.55,69.65078873405137,0,1
1871855086,relay_rich_scout_matched,scout_belief,autonomous,severe,severe,full_delivery,1,56,53,1,56,12,11,2,1,0.0,0.0,73.80742442667494,0.10790559126706863,0.08200824936297216,0,0.0,0.0,0.0,0.0,0.0,0.0,0.0,0.0,0.0,0.0026648240994267547,0.0,0.0,8.0,181,0,relay_rich_scout_matched,relay_rich_scout_matched,180,0.15,0.22,12,0.9166666666666666,1.0,0.5,0.6888888888888889,0.5095200396951426,1.0,77.15550277795421,1,0
1049688349,relay_rich_scout_matched,scout_belief,autonomous,severe,severe,full_delivery,1,56,52,1,56,10,10,2,1,0.16666666666666666,0.16666666666666666,99.77754953111268,0.15397769989369242,0.11086394392345854,0,0.0,0.0,0.0,0.0,0.0,0.0,0.0,0.0,0.0,0.004603961933193937,0.0,0.0,9.824561403508772,181,0,relay_rich_scout_matched,relay_rich_scout_matched,180,0.15,0.22,12,0.8333333333333334,0.8333333333333334,0.5,0.6888888888888889,0.3001013641195799,1.0,69.22364131989634,0,1
2190121526,relay_rich_scout_matched,scout_belief,autonomous,severe,severe,full_delivery,1,57,52,1,57,12,11,2,1,0.0,0.0,99.2212789778461,0.14255930887621565,0.11024586553094011,9,0.0,0.0,0.0,0.0,0.0,0.0,0.0,0.0,0.0,0.0024447245765896607,0.0,0.0,8.0,181,0,relay_rich_scout_matched,relay_rich_scout_matched,180,0.15,0.22,12,0.9166666666666666,1.0,0.5,0.6833333333333333,0.35200314147174705,0.55,70.3613773139378,1,0
3012934884,relay_rich_scout_matched,scout_belief,autonomous,severe,severe,full_delivery,1,55,51,1,55,10,9,2,1,0.16666666666666666,0.16666666666666666,59.908667476124684,0.10547300611993782,0.06656518608458298,0,0.0,0.0,0.0,0.0,0.0,0.0,0.0,0.0,0.0,0.002952059913320832,0.0,0.0,11.928571428571429,181,0,relay_rich_scout_matched,relay_rich_scout_matched,180,0.15,0.22,12,0.75,0.8333333333333334,0.5,0.6944444444444444,0.5205772449093735,1.0,70.39919253984233,0,1
440610104,relay_rich_scout_matched,scout_belief,autonomous,severe,severe,full_delivery,1,55,51,1,55,10,10,2,1,0.16666666666666666,0.16666666666666666,64.40450536202944,0.10174487418961997,0.07156056151336604,0,0.0,0.0,0.0,0.0,0.0,0.0,0.0,0.0,0.0,0.00287063516641162,0.0,0.0,10.642857142857142,181,0,relay_rich_scout_matched,relay_rich_scout_matched,180,0.15,0.22,12,0.8333333333333334,0.8333333333333334,0.5,0.6944444444444444,0.537523299138091,1.0,72.63643729904439,0,1
4026932575,relay_rich_scout_matched,scout_belief,autonomous,severe,severe,full_delivery,1,55,53,1,55,11,11,2,1,0.08333333333333333,0.08333333333333333,103.09475188978101,0.15620416952997124,0.1145497243219789,0,0.0,0.0,0.0,0.0,0.0,0.0,0.0,0.0,0.0,0.004081582930974622,0.0,0.0,8.0,181,0,relay_rich_scout_matched,relay_rich_scout_matched,180,0.15,0.22,12,0.9166666666666666,0.9166666666666666,0.5,0.6944444444444444,0.2899810475910398,1.0,72.67084577738567,0,1
500603551,relay_rich_scout_matched,scout_belief,autonomous,severe,severe,full_delivery,1,55,51,1,55,11,11,2,1,0.08333333333333333,0.08333333333333333,74.1237075199197,0.11180046383094978,0.08235967502213301,0,0.0,0.0,0.0,0.0,0.0,0.0,0.0,0.0,0.0,0.0024956094011272154,0.0,0.0,8.0,181,0,relay_rich_scout_matched,relay_rich_scout_matched,180,0.15,0.22,12,0.9166666666666666,0.9166666666666666,0.5,0.6944444444444444,0.4918160734956828,1.0,75.49653614005067,0,1
2573087290,relay_rich_scout_matched,scout_belief,autonomous,severe,severe,full_delivery,1,56,51,1,56,11,10,2,1,0.08333333333333333,0.08333333333333333,77.9924036866938,0.11799153356534615,0.08665822631854868,0,0.0,0.0,0.0,0.0,0.0,0.0,0.0,0.0,0.0,0.0031100280800953777,0.0,0.0,8.0,181,0,relay_rich_scout_matched,relay_rich_scout_matched,180,0.15,0.22,12,0.8333333333333334,0.9166666666666666,0.5,0.6888888888888889,0.4636748474302448,1.0,73.01367008624565,0,1
3701996220,relay_rich_scout_matched,scout_belief,autonomous,severe,severe,full_delivery,1,56,55,1,56,10,9,2,1,0.16666666666666666,0.16666666666666666,96.05558775667237,0.15929616543395086,0.10672843084074707,0,0.0,0.0,0.0,0.0,0.0,0.0,0.0,0.0,0.0,0.0038288986615271875,0.0,0.0,11.719298245614034,181,0,relay_rich_scout_matched,relay_rich_scout_matched,180,0.15,0.22,12,0.75,0.8333333333333334,0.5,0.6888888888888889,0.27592652075476876,1.0,66.88519351278899,0,1
1225255286,relay_rich_scout_matched,scout_belief,autonomous,severe,severe,full_delivery,1,57,52,1,57,9,9,2,2,0.25,0.25,83.42134897513711,0.1309597315151289,0.09269038775015234,9,0.0,0.0,0.0,0.0,0.0,0.0,0.0,0.0,0.0,0.002158501100682141,0.0,0.0,10.689655172413794,181,0,relay_rich_scout_matched,relay_rich_scout_matched,180,0.15,0.22,12,0.75,0.75,1.0,0.6833333333333333,0.40472849311305037,0.55,71.59953223691605,0,1
2834984394,relay_rich_scout_matched,scout_belief,autonomous,severe,severe,full_delivery,1,55,53,1,55,11,10,2,1,0.08333333333333333,0.08333333333333333,100.88060424550626,0.1568905198219382,0.11208956027278473,11,0.0,0.0,0.0,0.0,0.0,0.0,0.0,0.0,0.0,0.0031051342284945643,0.0,0.0,8.0,181,0,relay_rich_scout_matched,relay_rich_scout_matched,180,0.15,0.22,12,0.8333333333333334,0.9166666666666666,0.5,0.6944444444444444,0.2868612735366446,0.44999999999999996,65.12716894062413,0,1
1045271769,relay_rich_scout_matched,scout_belief,autonomous,severe,severe,full_delivery,1,56,51,1,56,11,10,2,1,0.08333333333333333,0.08333333333333333,98.80365281739067,0.15510777522353322,0.10978183646376741,13,0.0,0.0,0.0,0.0,0.0,0.0,0.0,0.0,0.0,0.0025405063067840505,0.0,0.0,11.228070175438596,181,0,relay_rich_scout_matched,relay_rich_scout_matched,180,0.15,0.22,12,0.8333333333333334,0.9166666666666666,0.5,0.6888888888888889,0.29496465807484895,0.35,64.15172743527012,0,1
1050244070,relay_rich_scout_matched,scout_belief,autonomous,severe,severe,full_delivery,1,57,53,1,57,12,11,2,1,0.0,0.0,100.28260237562296,0.14408419881555024,0.11142511375069218,11,0.0,0.0,0.0,0.0,0.0,0.0,0.0,0.0,0.0,0.0027647790902453977,0.0,0.0,8.0,181,0,relay_rich_scout_matched,relay_rich_scout_matched,180,0.15,0.22,12,0.9166666666666666,1.0,0.5,0.6833333333333333,0.3450718235656808,0.44999999999999996,69.26433886325286,0,1
454723224,relay_rich_scout_matched,scout_belief,autonomous,severe,severe,full_delivery,1,57,54,1,57,12,11,2,1,0.0,0.0,111.69428125999443,0.16048028916665866,0.12410475695554936,8,0.0,0.0,0.0,0.0,0.0,0.0,0.0,0.0,0.0,0.0034948914617247296,0.0,0.0,8.0,181,0,relay_rich_scout_matched,relay_rich_scout_matched,180,0.15,0.22,12,0.9166666666666666,1.0,0.5,0.6833333333333333,0.2705441401515516,0.6,69.72095129545505,0,1
3392820079,relay_rich_scout_matched,scout_belief,autonomous,severe,severe,full_delivery,1,57,55,1,57,11,10,2,1,0.08333333333333333,0.08333333333333333,106.26649051357093,0.16248698855286076,0.11807387834841214,12,0.0,0.0,0.0,0.0,0.0,0.0,0.0,0.0,0.0,0.0032859951417000665,0.0,0.0,8.0,181,0,relay_rich_scout_matched,relay_rich_scout_matched,180,0.15,0.22,12,0.8333333333333334,0.9166666666666666,0.5,0.6833333333333333,0.26142277930517843,0.4,64.09325224360583,0,1
594730144,relay_rich_scout_matched,scout_belief,autonomous,severe,severe,full_delivery,1,56,54,1,56,10,10,2,1,0.16666666666666666,0.16666666666666666,94.56246441953964,0.14775385065553068,0.1050694049105996,0,0.0,0.0,0.0,0.0,0.0,0.0,0.0,0.0,0.0,0.004290699805450803,0.0,0.0,8.0,181,0,relay_rich_scout_matched,relay_rich_scout_matched,180,0.15,0.22,12,0.8333333333333334,0.8333333333333334,0.5,0.6888888888888889,0.32839158792940604,1.0,69.61970445323391,0,1
75817307,relay_rich_scout_matched,scout_belief,autonomous,severe,severe,full_delivery,1,54,53,1,54,11,10,2,1,0.08333333333333333,0.08333333333333333,98.71135807542686,0.15070436347393412,0.10967928675047428,0,0.0,0.0,0.0,0.0,0.0,0.0,0.0,0.0,0.0,0.003114428957823118,0.0,0.0,8.290909090909091,181,0,relay_rich_scout_matched,relay_rich_scout_matched,180,0.15,0.22,12,0.8333333333333334,0.9166666666666666,0.5,0.7,0.3149801660275722,1.0,71.109722324386,0,1
4002631443,relay_rich_scout_matched,scout_belief,autonomous,severe,severe,full_delivery,1,56,50,1,56,12,11,2,1,0.0,0.0,69.90252899493525,0.1021966798171568,0.07766947666103917,0,0.0,0.0,0.0,0.0,0.0,0.0,0.0,0.0,0.0,0.0030372636274861096,0.0,0.0,8.0,181,0,relay_rich_scout_matched,relay_rich_scout_matched,180,0.15,0.22,12,0.9166666666666666,1.0,0.5,0.6888888888888889,0.5354696371947418,1.0,77.5187971429486,1,0
4238642363,relay_rich_scout_matched,scout_belief,autonomous,severe,severe,full_delivery,1,55,52,1,55,11,10,2,1,0.08333333333333333,0.08333333333333333,74.79735264928388,0.12064089136981271,0.08310816961031542,8,0.0,0.0,0.0,0.0,0.0,0.0,0.0,0.0,0.0,0.002400301093884263,0.0,0.0,8.0,181,0,relay_rich_scout_matched,relay_rich_scout_matched,180,0.15,0.22,12,0.8333333333333334,0.9166666666666666,0.5,0.6944444444444444,0.45163231195539677,0.6,68.93396347848666,0,1
163754899,relay_rich_scout_matched,scout_belief,autonomous,severe,severe,full_delivery,1,55,51,1,55,10,10,2,1,0.16666666666666666,0.16666666666666666,69.69793611911979,0.1124160259985803,0.07744215124346643,0,0.0,0.0,0.0,0.0,0.0,0.0,0.0,0.0,0.0,0.0026997457075017394,0.0,0.0,10.142857142857142,181,0,relay_rich_scout_matched,relay_rich_scout_matched,180,0.15,0.22,12,0.8333333333333334,0.8333333333333334,0.5,0.6944444444444444,0.48901806364281675,1.0,71.95736400211055,0,1
754534555,relay_rich_scout_matched,scout_belief,crowd_vector,severe,severe,full_delivery,1,54,53,1,54,11,9,2,1,0.08333333333333333,0.08333333333333333,61.421809948366146,0.10102271373086537,0.0682464554981846,0,0.0,0.0,0.5434343434343434,0.08545817796932394,0.3147429510561775,0.0,0.5434343434343434,0.08545817796932394,0.0,0.0027750777317044812,0.0,0.0,8.0,181,0,relay_rich_scout_matched,relay_rich_scout_matched,180,0.15,0.22,12,0.75,0.9166666666666666,0.5,0.7,0.5408058466778847,1.0,72.27128185349038,0,1
1709135895,relay_rich_scout_matched,scout_belief,crowd_vector,severe,severe,full_delivery,1,57,52,1,57,11,11,2,2,0.08333333333333333,0.08333333333333333,59.264419607928524,0.08938826486867048,0.06584935511992059,0,0.0,0.0,0.5689655172413792,0.08079292943908585,0.30358255314174964,0.0,0.5689655172413792,0.08079292943908585,0.0,0.003646386795853457,0.0,0.0,10.206896551724139,181,0,relay_rich_scout_matched,relay_rich_scout_matched,180,0.15,0.22,12,0.9166666666666666,0.9166666666666666,1.0,0.6833333333333333,0.5936897051424069,1.0,85.74498920532702,0,1
2593875925,relay_rich_scout_matched,scout_belief,crowd_vector,severe,severe,full_delivery,1,57,52,1,57,11,10,2,1,0.08333333333333333,0.08333333333333333,80.84195055047657,0.12047980707969683,0.08982438950052953,0,0.0,0.0,0.5632183908045977,0.07971534379406958,0.30879900625625545,0.0,0.5632183908045977,0.07971534379406958,0.0,0.004763458132712382,0.0,0.0,8.0,181,0,relay_rich_scout_matched,relay_rich_scout_matched,180,0.15,0.22,12,0.8333333333333334,0.9166666666666666,0.5,0.6833333333333333,0.4523645132741053,1.0,72.76643651917081,0,1
3854257264,relay_rich_scout_matched,scout_belief,crowd_vector,severe,severe,full_delivery,1,57,54,1,57,10,10,2,1,0.16666666666666666,0.16666666666666666,95.92377973171764,0.1496470822647701,0.10658197747968627,0,0.0,0.0,0.5383141762452107,0.08279187461345724,0.3174715371599546,0.0,0.5383141762452107,0.08279187461345724,0.0,0.005906585341587035,0.0,0.0,8.137931034482758,181,0,relay_rich_scout_matched,relay_rich_scout_matched,180,0.15,0.22,12,0.8333333333333334,0.8333333333333334,0.5,0.6833333333333333,0.31978598970559047,1.0,69.41033718921162,0,1
428831634,relay_rich_scout_matched,scout_belief,crowd_vector,severe,severe,full_delivery,1,55,51,1,55,11,10,2,1,0.08333333333333333,0.08333333333333333,60.64162768682842,0.09828464779064575,0.06737958631869824,0,0.0,0.0,0.5416666666666666,0.09082802530738728,0.3172043187278285,0.0,0.5416666666666666,0.09082802530738728,0.0,0.0035423750487667324,0.0,0.0,11.857142857142858,181,0,relay_rich_scout_matched,relay_rich_scout_matched,180,0.15,0.22,12,0.8333333333333334,0.9166666666666666,0.5,0.6944444444444444,0.5532516009516102,1.0,74.35663352443366,0,1
651070442,relay_rich_scout_matched,scout_belief,crowd_vector,severe,severe,full_delivery,1,54,51,1,54,11,10,2,1,0.08333333333333333,0.08333333333333333,81.77726686820439,0.1260050336952302,0.09086362985356043,0,0.0,0.0,0.5494949494949495,0.08403119674049263,0.3157128600984626,0.0,0.5494949494949495,0.08403119674049263,0.0,0.003491211731716605,0.0,0.0,8.727272727272727,181,0,relay_rich_scout_matched,relay_rich_scout_matched,180,0.15,0.22,12,0.8333333333333334,0.9166666666666666,0.5,0.7,0.4272498468398628,1.0,72.68149785575807,0,1
288279094,relay_rich_scout_matched,scout_belief,crowd_vector,severe,severe,full_delivery,1,55,50,1,55,11,11,2,1,0.08333333333333333,0.08333333333333333,70.60238643383981,0.10697331277854517,0.07844709603759979,0,0.0,0.0,0.5535714285714286,0.08177374869331935,0.3168017143348945,0.0,0.5535714285714286,0.08177374869331935,0.0,0.0036621636674295127,0.0,0.0,8.0,181,0,relay_rich_scout_matched,relay_rich_scout_matched,180,0.15,0.22,12,0.9166666666666666,0.9166666666666666,0.5,0.6944444444444444,0.513757669188431,1.0,75.80371847974914,0,1
2615507086,relay_rich_scout_matched,scout_belief,crowd_vector,severe,severe,full_delivery,1,57,54,1,57,9,9,2,2,0.25,0.25,80.95705784506357,0.14719465062738832,0.08995228649451509,9,0.0,0.0,0.5689655172413793,0.07929174401782109,0.30389941755257416,0.0,0.5689655172413793,0.07929174401782109,0.0,0.007244967122150599,0.009259259259259259,0.0,15.03448275862069,181,0,relay_rich_scout_matched,relay_rich_scout_matched,180,0.15,0.22,12,0.75,0.75,1.0,0.6833333333333333,0.330933406239144,0.55,70.56640102068135,0,1
476689907,relay_rich_scout_matched,scout_belief,crowd_vector,severe,severe,full_delivery,1,54,51,1,54,12,10,2,1,0.0,0.0,63.92352562292244,0.09685382670139764,0.07102613958102494,0,0.0,0.0,0.5575757575757576,0.08178745786793258,0.3135899991757872,0.0,0.5575757575757576,0.08178745786793258,0.0,0.003675693272969344,0.0,0.0,8.0,181,0,relay_rich_scout_matched,relay_rich_scout_matched,180,0.15,0.22,12,0.8333333333333334,1.0,0.5,0.7,0.5597553331754652,1.0,76.03657466445651,1,0
2361001108,relay_rich_scout_matched,scout_belief,crowd_vector,severe,severe,full_delivery,1,57,52,1,57,12,12,2,2,0.0,0.0,68.33314513649391,0.0981798062305947,0.07592571681832656,0,0.0,0.0,0.5708812260536398,0.08296191122264321,0.3135305906934592,0.0,0.5708812260536398,0.08296191122264321,0.0,0.0033077521934441554,0.0,0.0,8.0,181,0,relay_rich_scout_matched,relay_rich_scout_matched,180,0.15,0.22,12,1.0,1.0,1.0,0.6833333333333333,0.5537281534972969,1.0,88.68552748229548,1,0
481265751,relay_rich_scout_matched,scout_belief,crowd_vector,severe,severe,full_delivery,1,57,53,1,57,9,9,2,1,0.25,0.25,82.69153754661568,0.13645468242015787,0.09187948616290631,0,0.0,0.0,0.5727969348659003,0.08204840613143433,0.3073233471577128,0.0,0.5727969348659003,0.08204840613143433,0.0,0.0044129303152899944,0.0,0.0,13.10344827586207,181,0,relay_rich_scout_matched,relay_rich_scout_matched,180,0.15,0.22,12,0.75,0.75,0.5,0.6833333333333333,0.3797514435447369,1.0,66.74985354295964,0,1
650553496,relay_rich_scout_matched,scout_belief,crowd_vector,severe,severe,full_delivery,1,54,54,1,54,10,9,2,1,0.16666666666666666,0.16666666666666666,98.72816313922962,0.16184944776922888,0.10969795904358846,9,0.0,0.0,0.5757575757575757,0.07630958323470458,0.29799753646649635,0.0,0.5757575757575757,0.07630958323470458,0.0,0.005574381880483762,0.0,0.0,8.0,181,0,relay_rich_scout_matched,relay_rich_scout_matched,180,0.15,0.22,12,0.75,0.8333333333333334,0.5,0.7,0.2643206919580505,0.55,62.400489687412716,0,1
1618977867,relay_rich_scout_matched,scout_belief,crowd_vector,severe,severe,full_delivery,1,55,52,1,55,10,10,2,2,0.16666666666666666,0.16666666666666666,68.71008461689581,0.11489980705166523,0.07634453846321756,0,0.0,0.0,0.5496031746031746,0.08481236954851228,0.3190245190042539,0.0,0.5496031746031746,0.08481236954851228,0.0,0.0042029601195833705,0.0,0.0,13.142857142857142,181,0,relay_rich_scout_matched,relay_rich_scout_matched,180,0.15,0.22,12,0.8333333333333334,0.8333333333333334,1.0,0.6944444444444444,0.477728149765158,1.0,80.79930520782332,0,1
1003693144,relay_rich_scout_matched,scout_belief,crowd_vector,severe,severe,full_delivery,1,56,50,1,56,11,11,2,2,0.08333333333333333,0.08333333333333333,69.31614017659732,0.10763375803819458,0.07701793352955258,0,0.0,0.0,0.5730994152046783,0.07684375586605627,0.2943521330813965,0.0,0.5730994152046783,0.07684375586605627,0.0,0.0036176147253947854,0.0,0.0,10.736842105263158,181,0,relay_rich_scout_matched,relay_rich_scout_matched,180,0.15,0.22,12,0.9166666666666666,0.9166666666666666,1.0,0.6888888888888889,0.5107556452809336,1.0,84.67280125615528,0,1
1227117846,relay_rich_scout_matched,scout_belief,crowd_vector,severe,severe,full_delivery,1,57,53,1,57,12,11,2,1,0.0,0.0,89.97331168040846,0.12927199954081675,0.09997034631156496,0,0.0,0.0,0.578544061302682,0.07361527624053629,0.2997019381190849,0.0,0.578544061302682,0.07361527624053629,0.0,0.005063430603186241,0.0,0.0,8.0,181,0,relay_rich_scout_matched,relay_rich_scout_matched,180,0.15,0.22,12,0.9166666666666666,1.0,0.5,0.6833333333333333,0.4124000020871966,1.0,75.70693336255407,1,0
1712711980,relay_rich_scout_matched,scout_belief,crowd_vector,severe,severe,full_delivery,1,56,51,1,56,12,11,2,1,0.0,0.0,82.43252999295429,0.12051539472654135,0.09159169999217143,0,0.0,0.0,0.5419103313840156,0.08670060620322967,0.3220709613901555,0.0,0.5419103313840156,0.08670060620322967,0.0,0.003718666333052352,0.0,0.0,8.0,181,0,relay_rich_scout_matched,relay_rich_scout_matched,180,0.15,0.22,12,0.9166666666666666,1.0,0.5,0.6888888888888889,0.4522027512429938,1.0,76.35306073962414,1,0
2005735318,relay_rich_scout_matched,scout_belief,crowd_vector,severe,severe,full_delivery,1,54,50,1,54,11,9,2,1,0.08333333333333333,0.08333333333333333,71.48939343193096,0.11187698502649603,0.07943265936881218,0,0.0,0.0,0.5676767676767678,0.08040885682262601,0.29922351231388655,0.0,0.5676767676767678,0.08040885682262601,0.0,0.0029686307939427443,0.0,0.0,9.454545454545455,181,0,relay_rich_scout_matched,relay_rich_scout_matched,180,0.15,0.22,12,0.75,0.9166666666666666,0.5,0.7,0.4914682498795635,1.0,71.58055549831388,0,1
2619321890,relay_rich_scout_matched,scout_belief,crowd_vector,severe,severe,full_delivery,1,54,53,1,54,11,10,2,1,0.08333333333333333,0.08333333333333333,73.13540264177328,0.11989410269143161,0.0812615584908592,0,0.0071428571428571435,0.1,0.5636363636363636,0.07901517601238024,0.3065605640151537,0.0,0.5636363636363636,0.07901517601238024,0.0,0.0043871498020560265,0.0,0.0,8.0,181,0,relay_rich_scout_matched,relay_rich_scout_matched,180,0.15,0.22,12,0.8333333333333334,0.9166666666666666,0.5,0.7,0.4550268059480381,1.0,73.07037528327253,0,1
2456024772,relay_rich_scout_matched,scout_belief,crowd_vector,severe,severe,full_delivery,1,57,49,1,57,12,11,2,1,0.0,0.0,68.5556033298053,0.09849943007155933,0.07617289258867255,0,0.0,0.0,0.5325670498084292,0.08962651403705804,0.32926204925919983,0.0,0.5325670498084292,0.08962651403705804,0.0,0.003593213201814774,0.0,0.0,8.0,181,0,relay_rich_scout_matched,relay_rich_scout_matched,180,0.15,0.22,12,0.9166666666666666,1.0,0.5,0.6833333333333333,0.5522753178565485,1.0,77.66518778332501,1,0
1699508457,relay_rich_scout_matched,scout_belief,crowd_vector,severe,severe,full_delivery,1,57,53,1,57,10,10,2,1,0.16666666666666666,0.16666666666666666,92.01352364949915,0.14698645950399225,0.1022372484994435,0,0.0,0.0,0.5344827586206897,0.07543161487518066,0.31297467928634054,0.0,0.5344827586206897,0.07543161487518066,0.0,0.006631657194225762,0.007575757575757576,0.0,11.448275862068966,181,0,relay_rich_scout_matched,relay_rich_scout_matched,180,0.15,0.22,12,0.8333333333333334,0.8333333333333334,0.5,0.6833333333333333,0.33187972952730793,1.0,69.57964954671564,0,1
4076099442,relay_rich_scout_matched,scout_belief,crowd_vector,severe,severe,full_delivery,1,53,52,1,53,10,9,2,1,0.16666666666666666,0.16666666666666666,60.84213363120068,0.10544563887556443,0.0676023707013341,0,0.0,0.0,0.565843621399177,0.08463250814230687,0.31135760331828166,0.0,0.565843621399177,0.08463250814230687,0.0,0.003520447247891224,0.0,0.0,13.11111111111111,181,0,relay_rich_scout_matched,relay_rich_scout_matched,180,0.15,0.22,12,0.75,0.8333333333333334,0.5,0.7055555555555555,0.5207016414747071,1.0,70.5787118695348,0,1
2953098576,relay_rich_scout_matched,scout_belief,crowd_vector,severe,severe,full_delivery,1,56,48,1,56,12,11,2,1,0.0,0.0,64.33404695397648,0.09405562420172,0.0714822743933072,0,0.0,0.0,0.5769980506822613,0.08070198234450482,0.30519840008650667,0.0,0.5769980506822613,0.08070198234450482,0.0,0.003216838492643353,0.0,0.0,8.0,181,0,relay_rich_scout_matched,relay_rich_scout_matched,180,0.15,0.22,12,0.9166666666666666,1.0,0.5,0.6888888888888889,0.5724744354467273,1.0,78.03686431847639,1,0
513079116,relay_rich_scout_matched,scout_belief,crowd_vector,severe,severe,full_delivery,1,55,51,1,55,10,10,2,1,0.16666666666666666,0.16666666666666666,70.85076589723612,0.11157600928698601,0.07872307321915124,0,0.0,0.0,0.5714285714285713,0.08087656529047545,0.3135304250118954,0.0,0.5714285714285713,0.08087656529047545,0.0,0.003660560168674087,0.0,0.0,9.571428571428571,181,0,relay_rich_scout_matched,relay_rich_scout_matched,180,0.15,0.22,12,0.8333333333333334,0.8333333333333334,0.5,0.6944444444444444,0.4928363214227909,1.0,72.01081961103019,0,1
1114466091,relay_rich_scout_matched,scout_belief,crowd_vector,severe,severe,full_delivery,1,56,52,1,56,12,11,2,1,0.0,0.0,97.26709774880757,0.1422033592818824,0.10807455305423064,9,0.0,0.0,0.5750487329434697,0.08199514835341706,0.31029295624355063,0.0,0.5750487329434697,0.08199514835341706,0.0,0.0032603311252347323,0.0,0.0,8.0,181,0,relay_rich_scout_matched,relay_rich_scout_matched,180,0.15,0.22,12,0.9166666666666666,1.0,0.5,0.6888888888888889,0.3536210941732618,0.55,70.4729175406479,1,0
3344878995,relay_rich_scout_matched,scout_belief,crowd_vector,severe,severe,full_delivery,1,55,51,1,55,10,9,2,1,0.16666666666666666,0.16666666666666666,65.89868192465707,0.1044353120834502,0.07322075769406342,0,0.0,0.0,0.5476190476190476,0.08648748834669295,0.31445146597122253,0.0,0.5476190476190476,0.08648748834669295,0.0,0.0037504809309738974,0.0,0.0,10.785714285714286,181,0,relay_rich_scout_matched,relay_rich_scout_matched,180,0.15,0.22,12,0.75,0.8333333333333334,0.5,0.6944444444444444,0.5252940359843172,1.0,70.46522761489155,0,1
1127420588,relay_rich_scout_matched,scout_belief,crowd_vector,severe,severe,full_delivery,1,55,53,1,55,10,9,2,1,0.16666666666666666,0.16666666666666666,95.66714808249138,0.15734728303041345,0.1062968312027682,10,0.0,0.0,0.5496031746031746,0.09642881941837998,0.34525536600795004,0.0,0.5496031746031746,0.09642881941837998,0.0,0.0050468993676405964,0.0,0.0,9.142857142857142,181,0,relay_rich_scout_matched,relay_rich_scout_matched,180,0.15,0.22,12,0.75,0.8333333333333334,0.5,0.6944444444444444,0.2847850771344843,0.5,62.0981021909939,0,1
3502927394,relay_rich_scout_matched,scout_belief,crowd_vector,severe,severe,full_delivery,1,57,53,1,57,10,9,2,1,0.16666666666666666,0.16666666666666666,90.97952221158596,0.14533470001850793,0.10108835801287329,0,0.0,0.0,0.5632183908045977,0.08075621603822918,0.3116367623094298,0.0,0.5632183908045977,0.08075621603822918,0.0,0.005454462372462413,0.0,0.0,10.89655172413793,181,0,relay_rich_scout_matched,relay_rich_scout_matched,180,0.15,0.22,12,0.75,0.8333333333333334,0.5,0.6833333333333333,0.33938772718860033,1.0,67.68476151397374,0,1
2153757960,relay_rich_scout_matched,scout_belief,crowd_vector,severe,severe,full_delivery,1,60,51,1,60,12,12,2,2,0.0,0.0,93.89325950539508,0.12826948019862716,0.10432584389488342,0,0.0,0.0,0.5482695810564664,0.0819111996485873,0.32573924726463804,0.0,0.5482695810564664,0.0819111996485873,0.0,0.004165199066726016,0.0,0.0,8.0,181,0,relay_rich_scout_matched,relay_rich_scout_matched,180,0.15,0.22,12,1.0,1.0,1.0,0.6666666666666667,0.4169569081880583,1.0,86.50406338129947,1,0
1816881739,relay_rich_scout_matched,scout_belief,crowd_vector,severe,severe,full_delivery,1,56,52,1,56,10,10,2,1,0.16666666666666666,0.16666666666666666,92.87307576736494,0.1446621117871728,0.10319230640818326,9,0.0,0.0,0.543859649122807,0.08067150582582922,0.317495172945604,0.0,0.543859649122807,0.08067150582582922,0.0,0.005316832715702509,0.0,0.0,8.070175438596491,181,0,relay_rich_scout_matched,relay_rich_scout_matched,180,0.15,0.22,12,0.8333333333333334,0.8333333333333334,0.5,0.6888888888888889,0.3424449464219418,0.55,65.31645147212942,0,1
2430614149,relay_rich_scout_matched,scout_belief,crowd_vector,severe,severe,full_delivery,1,56,53,1,56,10,9,2,1,0.16666666666666666,0.16666666666666666,71.79356383181485,0.11579607069647556,0.07977062647979428,0,0.0,0.0,0.543859649122807,0.08308669322724752,0.3160330499577479,0.0,0.543859649122807,0.08308669322724752,0.0,0.0034837583907050477,0.0,0.0,12.350877192982455,181,0,relay_rich_scout_matched,relay_rich_scout_matched,180,0.15,0.22,12,0.75,0.8333333333333334,0.5,0.6888888888888889,0.47365422410692926,1.0,69.65338135971923,0,1
120988251,relay_rich_scout_matched,scout_belief,crowd_vector,severe,severe,full_delivery,1,56,53,1,56,11,11,2,2,0.08333333333333333,0.08333333333333333,94.29844694220307,0.1485014912475639,0.10477605215800341,10,0.006666666666666667,0.1,0.5477582846003899,0.08651205232425607,0.32129374786840303,0.0,0.5477582846003899,0.08651205232425607,0.0,0.006742867431340996,0.0,0.0,8.0,181,0,relay_rich_scout_matched,relay_rich_scout_matched,180,0.15,0.22,12,0.9166666666666666,0.9166666666666666,1.0,0.6888888888888889,0.3249932216019823,0.5,77.07212732464997,0,1
4028938116,relay_rich_scout_matched,scout_belief,crowd_vector,severe,severe,full_delivery,1,54,52,1,54,12,9,2,1,0.0,0.0,92.46942079229889,0.14010518301863467,0.1027438008803321,0,0.0,0.0,0.5717171717171716,0.08427755277792025,0.308958399849978,0.0,0.5717171717171716,0.08427755277792025,0.0,0.005355699457331732,0.0,0.0,8.0,181,0,relay_rich_scout_matched,relay_rich_scout_matched,180,0.15,0.22,12,0.75,1.0,0.5,0.7,0.363158259006206,1.0,71.28421562608689,1,0
2477344908,relay_rich_scout_matched_standardized,delayed,autonomous,degraded,degraded,full_delivery,1,54,44,1,54,12,11,2,1,0.0,0.0,76.56646115014371,0.11600978962142987,0.0850738457223819,8,0.0,0.0,0.0,0.0,0.0,0.0,0.0,0.0,0.0,0.00011606341163625831,0.0,0.0,4.0,181,0,relay_rich_scout_matched_standardized,relay_rich_scout_matched_standardized,180,0.15,0.22,12,0.9166666666666666,1.0,0.5,0.7,0.4726827744480461,0.6,72.81755884227263,1,0
2299300174,relay_rich_scout_matched_standardized,delayed,autonomous,degraded,degraded,full_delivery,1,56,44,1,56,12,11,2,1,0.0,0.0,71.43044029749338,0.10443046827118915,0.07936715588610375,0,0.0,0.0,0.0,0.0,0.0,0.0,0.0,0.0,0.0,3.7007546162157465e-05,0.0,0.0,4.0,181,0,relay_rich_scout_matched_standardized,relay_rich_scout_matched_standardized,180,0.15,0.22,12,0.9166666666666666,1.0,0.5,0.6888888888888889,0.5253160533127765,1.0,77.3766469686011,1,0
3403267123,relay_rich_scout_matched_standardized,delayed,autonomous,degraded,degraded,full_delivery,1,57,46,1,57,10,9,2,1,0.16666666666666666,0.16666666666666666,69.02502101460811,0.11600843868001363,0.07669446779400901,9,0.0,0.0,0.0,0.0,0.0,0.0,0.0,0.0,0.0,0.0001830901532330556,0.0,0.0,4.0,181,0,relay_rich_scout_matched_standardized,relay_rich_scout_matched_standardized,180,0.15,0.22,12,0.75,0.8333333333333334,0.5,0.6833333333333333,0.4726889150908471,0.55,65.05097814460521,0,1
3653689926,relay_rich_scout_matched_standardized,delayed,autonomous,degraded,degraded,full_delivery,1,55,44,1,55,12,11,2,1,0.0,0.0,71.5370172718166,0.10645389474972708,0.07948557474646288,0,0.0,0.0,0.0,0.0,0.0,0.0,0.0,0.0,0.0,3.87680857642369e-05,0.0,0.0,4.0,181,0,relay_rich_scout_matched_standardized,relay_rich_scout_matched_standardized,180,0.15,0.22,12,0.9166666666666666,1.0,0.5,0.6944444444444444,0.5161186602285133,1.0,77.33677235431028,1,0
1422015708,relay_rich_scout_matched_standardized,delayed,autonomous,degraded,degraded,full_delivery,1,56,44,1,56,12,11,2,1,0.0,0.0,71.08974898328822,0.10393238155451494,0.07898860998143135,8,0.0,0.0,0.0,0.0,0.0,0.0,0.0,0.0,0.0,0.00015379201222501132,0.0,0.0,4.0,181,0,relay_rich_scout_matched_standardized,relay_rich_scout_matched_standardized,180,0.15,0.22,12,0.9166666666666666,1.0,0.5,0.6888888888888889,0.527580083843114,0.6,73.40834339602583,1,0
737568841,relay_rich_scout_matched_standardized,delayed,autonomous,degraded,degraded,full_delivery,1,57,46,1,57,12,11,2,1,0.0,0.0,108.42280939949588,0.15577989856249408,0.12046978822166209,12,0.0,0.0,0.0,0.0,0.0,0.0,0.0,0.0,0.0,0.0004649709605012704,0.0,0.0,4.0,181,0,relay_rich_scout_matched_standardized,relay_rich_scout_matched_standardized,180,0.15,0.22,12,0.9166666666666666,1.0,0.5,0.6833333333333333,0.2919095519886633,0.4,68.02006706117461,0,1
1266765436,relay_rich_scout_matched_standardized,delayed,autonomous,degraded,degraded,full_delivery,1,55,46,1,55,10,9,2,1,0.16666666666666666,0.16666666666666666,92.45224000132977,0.14745173843912243,0.10272471111258863,11,0.0,0.0,0.0,0.0,0.0,0.0,0.0,0.0,0.0,0.00014099933823787572,0.0,0.0,5.0,181,0,relay_rich_scout_matched_standardized,relay_rich_scout_matched_standardized,180,0.15,0.22,12,0.75,0.8333333333333334,0.5,0.6944444444444444,0.32976482527671624,0.44999999999999996,62.227818664985136,0,1
1260622324,relay_rich_scout_matched_standardized,delayed,autonomous,degraded,degraded,full_delivery,1,56,43,1,56,11,10,2,1,0.08333333333333333,0.08333333333333333,78.56299921191648,0.12086615263371765,0.08729222134657387,0,0.0,0.0,0.0,0.0,0.0,0.0,0.0,0.0,0.0,0.0005090596485704154,0.0,0.0,5.157894736842105,181,0,relay_rich_scout_matched_standardized,relay_rich_scout_matched_standardized,180,0.15,0.22,12,0.8333333333333334,0.9166666666666666,0.5,0.6888888888888889,0.4506083971194652,1.0,72.83073978189474,0,1
3766935077,relay_rich_scout_matched_standardized,delayed,autonomous,degraded,degraded,full_delivery,1,56,44,1,56,12,11,2,1,0.0,0.0,67.63436455286673,0.0988806499310917,0.0751492939476297,0,0.0,0.0,0.0,0.0,0.0,0.0,0.0,0.0,0.0,3.141831585463542e-05,0.0,0.0,4.0,181,0,relay_rich_scout_matched_standardized,relay_rich_scout_matched_standardized,180,0.15,0.22,12,0.9166666666666666,1.0,0.5,0.6888888888888889,0.5505425003132196,1.0,77.7298172266073,1,0
1656122048,relay_rich_scout_matched_standardized,delayed,autonomous,degraded,degraded,full_delivery,1,58,44,1,58,12,12,2,2,0.0,0.0,88.88001995134024,0.1255367513437009,0.09875557772371138,10,0.0,0.0,0.0,0.0,0.0,0.0,0.0,0.0,0.0,0.00010087792736982347,0.0,0.0,4.0,181,0,relay_rich_scout_matched_standardized,relay_rich_scout_matched_standardized,180,0.15,0.22,12,1.0,1.0,1.0,0.6777777777777778,0.42937840298317775,0.5,81.85574208620893,1,1
3877173074,relay_rich_scout_matched_standardized,delayed,autonomous,degraded,degraded,full_delivery,1,56,45,1,56,11,11,2,1,0.08333333333333333,0.08333333333333333,72.75964039063159,0.1079519887101359,0.08084404487847954,8,0.0,0.0,0.0,0.0,0.0,0.0,0.0,0.0,0.0,0.00011386517419104693,0.0,0.0,4.0,181,0,relay_rich_scout_matched_standardized,relay_rich_scout_matched_standardized,180,0.15,0.22,12,0.9166666666666666,0.9166666666666666,0.5,0.6888888888888889,0.509309142226655,0.6,71.65255021339539,0,1
1508634675,relay_rich_scout_matched_standardized,delayed,autonomous,degraded,degraded,full_delivery,1,55,44,1,55,12,12,2,2,0.0,0.0,70.86892271590591,0.10545970642247904,0.07874324746211768,0,0.0,0.0,0.0,0.0,0.0,0.0,0.0,0.0,0.0,4.196513823893941e-05,0.0,0.0,4.0,181,0,relay_rich_scout_matched_standardized,relay_rich_scout_matched_standardized,180,0.15,0.22,12,1.0,1.0,1.0,0.6944444444444444,0.5206376980796408,1.0,88.40003888422608,1,0
3207590531,relay_rich_scout_matched_standardized,delayed,autonomous,degraded,degraded,full_delivery,1,55,45,1,55,12,11,2,1,0.0,0.0,73.00374417295428,0.10863652406689625,0.08111527130328254,8,0.0,0.0,0.0,0.0,0.0,0.0,0.0,0.0,0.0,0.00010624571594832589,0.0,0.0,4.0,181,0,relay_rich_scout_matched_standardized,relay_rich_scout_matched_standardized,180,0.15,0.22,12,0.9166666666666666,1.0,0.5,0.6944444444444444,0.5061976178777443,0.6,73.19787776139952,1,0
1196727961,relay_rich_scout_matched_standardized,delayed,autonomous,degraded,degraded,full_delivery,1,53,44,1,53,12,11,2,1,0.0,0.0,71.69017832346216,0.11063299123991074,0.07965575369273574,8,0.0,0.0,0.0,0.0,0.0,0.0,0.0,0.0,0.0,0.0001855448174451482,0.0,0.0,4.0,181,0,relay_rich_scout_matched_standardized,relay_rich_scout_matched_standardized,180,0.15,0.22,12,0.9166666666666666,1.0,0.5,0.7055555555555555,0.49712276709131475,0.6,73.24860762816729,1,0
2965356209,relay_rich_scout_matched_standardized,delayed,autonomous,degraded,degraded,full_delivery,1,54,45,1,54,10,9,2,1,0.16666666666666666,0.16666666666666666,61.902659766772274,0.10728363911052387,0.06878073307419141,9,0.0,0.0,0.0,0.0,0.0,0.0,0.0,0.0,0.0,0.0003275299348566832,0.0,0.0,5.745454545454545,181,0,relay_rich_scout_matched_standardized,relay_rich_scout_matched_standardized,180,0.15,0.22,12,0.75,0.8333333333333334,0.5,0.7,0.5123470949521642,0.55,65.8728593293303,0,1
3324934221,relay_rich_scout_matched_standardized,delayed,autonomous,degraded,degraded,full_delivery,1,56,46,1,56,11,11,2,2,0.08333333333333333,0.08333333333333333,103.22996980266504,0.1580857117958117,0.1146999664474056,13,0.0,0.0,0.0,0.0,0.0,0.0,0.0,0.0,0.0,0.00030408073464974504,0.0,0.0,4.0,181,0,relay_rich_scout_matched_standardized,relay_rich_scout_matched_standardized,180,0.15,0.22,12,0.9166666666666666,0.9166666666666666,1.0,0.6888888888888889,0.28142858274631044,0.35,74.96222238067057,0,1
1739143778,relay_rich_scout_matched_standardized,delayed,autonomous,degraded,degraded,full_delivery,1,55,44,1,55,12,11,2,1,0.0,0.0,70.20419926597187,0.10447053462198194,0.07800466585107985,8,0.0,0.0,0.0,0.0,0.0,0.0,0.0,0.0,0.0,0.00015296793168506327,0.0,0.0,4.0,181,0,relay_rich_scout_matched_standardized,relay_rich_scout_matched_standardized,180,0.15,0.22,12,0.9166666666666666,1.0,0.5,0.6944444444444444,0.5251339335364458,0.6,73.46298618062134,1,0
1723780915,relay_rich_scout_matched_standardized,delayed,autonomous,degraded,degraded,full_delivery,1,56,45,1,56,11,10,2,1,0.08333333333333333,0.08333333333333333,97.26186802983193,0.14692125080035034,0.1080687422553688,11,0.0,0.0,0.0,0.0,0.0,0.0,0.0,0.0,0.0,7.005790313862438e-05,0.0,0.0,4.0,181,0,relay_rich_scout_matched_standardized,relay_rich_scout_matched_standardized,180,0.15,0.22,12,0.8333333333333334,0.9166666666666666,0.5,0.6888888888888889,0.33217613272568025,0.44999999999999996,65.67268808038176,0,1
4219629005,relay_rich_scout_matched_standardized,delayed,autonomous,degraded,degraded,full_delivery,1,57,44,1,57,12,11,2,1,0.0,0.0,107.40343415730617,0.1543152789616468,0.11933714906367351,13,0.0,0.0,0.0,0.0,0.0,0.0,0.0,0.0,0.0,0.00041851933237318015,0.0,0.0,4.0,181,0,relay_rich_scout_matched_standardized,relay_rich_scout_matched_standardized,180,0.15,0.22,12,0.9166666666666666,1.0,0.5,0.6833333333333333,0.29856691381069644,0.35,67.61327012668308,0,1
160962301,relay_rich_scout_matched_standardized,delayed,autonomous,degraded,degraded,full_delivery,1,56,44,1,56,12,12,2,2,0.0,0.0,72.26105956085257,0.1056448239193751,0.08029006617872508,8,0.0,0.0,0.0,0.0,0.0,0.0,0.0,0.0,0.0,0.0001805686787404292,0.0,0.0,4.0,181,0,relay_rich_scout_matched_standardized,relay_rich_scout_matched_standardized,180,0.15,0.22,12,1.0,1.0,1.0,0.6888888888888889,0.5197962549119314,0.6,84.29936979098926,1,0
1383527878,relay_rich_scout_matched_standardized,delayed,autonomous,degraded,degraded,full_delivery,1,57,44,1,57,12,12,2,2,0.0,0.0,68.78661274364235,0.09883134014891143,0.07642956971515817,7,0.0,0.0,0.0,0.0,0.0,0.0,0.0,0.0,0.0,0.00014680626902487074,0.0,0.0,4.0,181,0,relay_rich_scout_matched_standardized,relay_rich_scout_matched_standardized,180,0.15,0.22,12,1.0,1.0,1.0,0.6833333333333333,0.5507666356867662,0.65,85.14406623294806,1,0
71619744,relay_rich_scout_matched_standardized,delayed,autonomous,degraded,degraded,full_delivery,1,58,44,1,58,12,12,2,2,0.0,0.0,91.80801577720453,0.12967233866836797,0.10200890641911614,10,0.0,0.0,0.0,0.0,0.0,0.0,0.0,0.0,0.0,0.0003719884158710044,0.0,0.0,4.0,181,0,relay_rich_scout_matched_standardized,relay_rich_scout_matched_standardized,180,0.15,0.22,12,1.0,1.0,1.0,0.6777777777777778,0.4105802787801456,0.5,81.5925683473665,1,1
2304951569,relay_rich_scout_matched_standardized,delayed,autonomous,degraded,degraded,full_delivery,1,56,44,1,56,12,11,2,1,0.0,0.0,67.96810454783832,0.09936857390034842,0.07552011616426481,6,0.0,0.0,0.0,0.0,0.0,0.0,0.0,0.0,0.0,0.00014411492343894443,0.0,0.0,4.0,181,0,relay_rich_scout_matched_standardized,relay_rich_scout_matched_standardized,180,0.15,0.22,12,0.9166666666666666,1.0,0.5,0.6888888888888889,0.5483246640893253,0.7,74.69876751947278,1,0
1103775496,relay_rich_scout_matched_standardized,delayed,autonomous,degraded,degraded,full_delivery,1,55,46,1,55,12,11,2,1,0.0,0.0,97.5626573416589,0.14518252580604005,0.10840295260184322,11,0.0,0.0,0.0,0.0,0.0,0.0,0.0,0.0,0.0,8.232221786845767e-05,0.0,0.0,4.0,181,0,relay_rich_scout_matched_standardized,relay_rich_scout_matched_standardized,180,0.15,0.22,12,0.9166666666666666,1.0,0.5,0.6944444444444444,0.34007942815436343,0.44999999999999996,69.3722231052722,0,1
1129168245,relay_rich_scout_matched_standardized,delayed,autonomous,degraded,degraded,full_delivery,1,55,44,1,55,11,10,2,1,0.08333333333333333,0.08333333333333333,73.72377163941762,0.11377125252996546,0.08191530182157514,0,0.0,0.0,0.0,0.0,0.0,0.0,0.0,0.0,0.0,0.00014820536452839789,0.0,0.0,4.821428571428571,181,0,relay_rich_scout_matched_standardized,relay_rich_scout_matched_standardized,180,0.15,0.22,12,0.8333333333333334,0.9166666666666666,0.5,0.6944444444444444,0.4828579430456116,1.0,73.37112231374967,0,1
625136357,relay_rich_scout_matched_standardized,delayed,autonomous,degraded,degraded,full_delivery,1,55,45,1,55,11,11,2,1,0.08333333333333333,0.08333333333333333,96.07046755052974,0.1455613144704996,0.10674496394503305,12,0.0,0.0,0.0,0.0,0.0,0.0,0.0,0.0,0.0,7.573754561248324e-05,0.0,0.0,4.0,181,0,relay_rich_scout_matched_standardized,relay_rich_scout_matched_standardized,180,0.15,0.22,12,0.9166666666666666,0.9166666666666666,0.5,0.6944444444444444,0.33835766149772906,0.4,67.34811837207931,0,1
2109203041,relay_rich_scout_matched_standardized,delayed,autonomous,degraded,degraded,full_delivery,1,55,45,1,55,12,11,2,1,0.0,0.0,102.85872299459446,0.15306357588481317,0.11428746999399385,12,0.0,0.0,0.0,0.0,0.0,0.0,0.0,0.0,0.0,0.00010913382180500064,0.0,0.0,4.0,181,0,relay_rich_scout_matched_standardized,relay_rich_scout_matched_standardized,180,0.15,0.22,12,0.9166666666666666,1.0,0.5,0.6944444444444444,0.30425647325084926,0.4,68.37070173662299,0,1
302014202,relay_rich_scout_matched_standardized,delayed,autonomous,degraded,degraded,full_delivery,1,54,45,1,54,11,10,2,1,0.08333333333333333,0.08333333333333333,87.24712351570656,0.1382680245890754,0.09694124835078508,10,0.0,0.0,0.0,0.0,0.0,0.0,0.0,0.0,0.0,0.0002395317523828003,0.0,0.0,5.0181818181818185,181,0,relay_rich_scout_matched_standardized,relay_rich_scout_matched_standardized,180,0.15,0.22,12,0.8333333333333334,0.9166666666666666,0.5,0.7,0.37150897914056646,0.5,66.90112570796794,0,1
3347418579,relay_rich_scout_matched_standardized,delayed,autonomous,degraded,degraded,full_delivery,1,57,43,1,57,12,12,2,2,0.0,0.0,76.11439768502382,0.10935976678882732,0.08457155298335979,0,0.0,0.0,0.0,0.0,0.0,0.0,0.0,0.0,0.0,0.00010732212010977685,0.0,0.0,4.0,181,0,relay_rich_scout_matched_standardized,relay_rich_scout_matched_standardized,180,0.15,0.22,12,1.0,1.0,1.0,0.6833333333333333,0.5029101509598759,1.0,87.9740754467716,1,0
188948454,relay_rich_scout_matched_standardized,delayed,autonomous,degraded,degraded,full_delivery,1,58,45,1,58,12,11,2,1,0.0,0.0,109.11751634503112,0.15412078579806657,0.12124168482781236,13,0.0,0.0,0.0,0.0,0.0,0.0,0.0,0.0,0.0,0.0004628048231671983,0.0,0.0,4.0,181,0,relay_rich_scout_matched_standardized,relay_rich_scout_matched_standardized,180,0.15,0.22,12,0.9166666666666666,1.0,0.5,0.6777777777777778,0.29945097364515194,0.35,67.53675807547657,0,1
2529894126,relay_rich_scout_matched_standardized,delayed,autonomous,degraded,degraded,full_delivery,1,56,45,1,56,11,10,2,1,0.08333333333333333,0.08333333333333333,67.28256151419343,0.10447602719595253,0.07475840168243715,7,0.0,0.0,0.0,0.0,0.0,0.0,0.0,0.0,0.0,3.3085363390719065e-05,0.0,0.0,4.0,181,0,relay_rich_scout_matched_standardized,relay_rich_scout_matched_standardized,180,0.15,0.22,12,0.8333333333333334,0.9166666666666666,0.5,0.6888888888888889,0.5251089672911249,0.65,70.37374776429797,0,1
1526152133,relay_rich_scout_matched_standardized,delayed,autonomous,degraded,degraded,full_delivery,1,56,44,1,56,11,11,2,2,0.08333333333333333,0.08333333333333333,65.09142218986268,0.10107363694078056,0.07232380243318076,7,0.0,0.0,0.0,0.0,0.0,0.0,0.0,0.0,0.0,9.48439425221919e-05,0.0,0.0,4.0,181,0,relay_rich_scout_matched_standardized,relay_rich_scout_matched_standardized,180,0.15,0.22,12,0.9166666666666666,0.9166666666666666,1.0,0.6888888888888889,0.5405743775419065,0.65,81.59026350780891,0,1
3639312762,relay_rich_scout_matched_standardized,delayed,crowd_vector,degraded,degraded,full_delivery,1,57,43,1,57,12,11,2,1,0.0,0.0,61.733969737175684,0.08869823238099954,0.06859329970797298,0,0.0,0.0,0.6436781609195402,0.05203513015028387,0.24173801066902378,0.0,0.6436781609195402,0.05203513015028387,0.0,0.00017041938770390446,0.0,0.0,4.0,181,0,relay_rich_scout_matched_standardized,relay_rich_scout_matched_standardized,180,0.15,0.22,12,0.9166666666666666,1.0,0.5,0.6833333333333333,0.5968262164500021,1.0,78.28890036363335,1,0
4252823254,relay_rich_scout_matched_standardized,delayed,crowd_vector,degraded,degraded,full_delivery,1,54,44,1,54,12,11,2,1,0.0,0.0,60.59035534445583,0.09180356870372096,0.06732261704939536,0,0.0,0.0,0.6404040404040403,0.05394798505899749,0.23994838652778244,0.0,0.6404040404040403,0.05394798505899749,0.0,0.00020755122475527601,0.0,0.0,4.0,181,0,relay_rich_scout_matched_standardized,relay_rich_scout_matched_standardized,180,0.15,0.22,12,0.9166666666666666,1.0,0.5,0.7,0.5827110513467229,1.0,78.3579547188541,1,0
3134710675,relay_rich_scout_matched_standardized,delayed,crowd_vector,degraded,degraded,full_delivery,1,57,44,1,57,12,12,2,2,0.0,0.0,61.84734669751044,0.088861130312515,0.06871927410834493,0,0.0,0.0,0.6570881226053639,0.050263435565190896,0.23688707343428775,0.0,0.6570881226053639,0.050263435565190896,0.0,0.00017784192290304813,0.0,0.0,4.0,181,0,relay_rich_scout_matched_standardized,relay_rich_scout_matched_standardized,180,0.15,0.22,12,1.0,1.0,1.0,0.6833333333333333,0.59608577130675,1.0,89.27853413162784,1,0
4238010129,relay_rich_scout_matched_standardized,delayed,crowd_vector,degraded,degraded,full_delivery,1,56,44,1,56,12,11,2,1,0.0,0.0,74.86132448737551,0.10944638082949636,0.08317924943041724,0,0.0,0.0,0.6432748538011696,0.04837983195363291,0.2401122958683463,0.0,0.6432748538011696,0.04837983195363291,0.0,0.0001646313414863411,0.0,0.0,4.0,181,0,relay_rich_scout_matched_standardized,relay_rich_scout_matched_standardized,180,0.15,0.22,12,0.9166666666666666,1.0,0.5,0.6888888888888889,0.5025164507750166,1.0,77.05745253307245,1,0
2520513746,relay_rich_scout_matched_standardized,delayed,crowd_vector,degraded,degraded,full_delivery,1,55,45,1,55,11,11,2,1,0.08333333333333333,0.08333333333333333,90.31541936259295,0.13746639172388578,0.10035046595843661,0,0.0,0.0,0.6408730158730158,0.05068374297091395,0.23455076210935596,0.0,0.6408730158730158,0.05068374297091395,0.0,0.000450185397275952,0.0,0.0,4.0,181,0,relay_rich_scout_matched_standardized,relay_rich_scout_matched_standardized,180,0.15,0.22,12,0.9166666666666666,0.9166666666666666,0.5,0.6944444444444444,0.37515276489142824,1.0,73.86324981959109,0,1
2674979210,relay_rich_scout_matched_standardized,delayed,crowd_vector,degraded,degraded,full_delivery,1,56,43,1,56,10,9,2,1,0.16666666666666666,0.16666666666666666,55.03560698272994,0.0889105120884167,0.061150674425255486,0,0.0,0.0,0.6179337231968811,0.061517928037073615,0.2616082573582796,0.0,0.6179337231968811,0.061517928037073615,0.0,0.00015943708435227233,0.0,0.0,4.7368421052631575,181,0,relay_rich_scout_matched_standardized,relay_rich_scout_matched_standardized,180,0.15,0.22,12,0.75,0.8333333333333334,0.5,0.6888888888888889,0.595861308689015,1.0,71.36428054386843,0,1
476459627,relay_rich_scout_matched_standardized,delayed,crowd_vector,degraded,degraded,full_delivery,1,57,44,1,57,12,12,2,2,0.0,0.0,65.6809368357662,0.09436916212035375,0.07297881870640689,0,0.0,0.0,0.6494252873563217,0.051035525999328944,0.2360188815144453,0.0,0.6494252873563217,0.051035525999328944,0.0,2.732863378688016e-05,0.0,0.0,4.0,181,0,relay_rich_scout_matched_standardized,relay_rich_scout_matched_standardized,180,0.15,0.22,12,1.0,1.0,1.0,0.6833333333333333,0.5710492630893012,1.0,88.92802301658355,1,0
133063831,relay_rich_scout_matched_standardized,delayed,crowd_vector,degraded,degraded,full_delivery,1,56,45,1,56,11,10,2,1,0.08333333333333333,0.08333333333333333,64.07586846114594,0.09903534538044195,0.07119540940127327,0,0.0,0.0,0.6374269005847952,0.053667854202990556,0.24880035244823676,0.0,0.6374269005847952,0.053667854202990556,0.0,4.545670203681719e-05,0.0,0.0,5.2631578947368425,181,0,relay_rich_scout_matched_standardized,relay_rich_scout_matched_standardized,180,0.15,0.22,12,0.8333333333333334,0.9166666666666666,0.5,0.6888888888888889,0.5498393391798093,1.0,74.21997297073956,0,1
1996696989,relay_rich_scout_matched_standardized,delayed,crowd_vector,degraded,degraded,full_delivery,1,56,46,1,56,10,9,2,1,0.16666666666666666,0.16666666666666666,70.71135878817284,0.11405057869060137,0.07856817643130316,0,0.0,0.0,0.6237816764132552,0.05453187847250172,0.256770274012148,0.0,0.6237816764132552,0.05453187847250172,0.0,0.0002727616126086461,0.0,0.0,6.175438596491228,181,0,relay_rich_scout_matched_standardized,relay_rich_scout_matched_standardized,180,0.15,0.22,12,0.75,0.8333333333333334,0.5,0.6888888888888889,0.4815882786790847,1.0,69.76445812372941,0,1
3055977256,relay_rich_scout_matched_standardized,delayed,crowd_vector,degraded,degraded,full_delivery,1,53,43,1,53,12,11,2,1,0.0,0.0,65.64922270309523,0.10131052886280129,0.07294358078121693,0,0.0,0.0,0.6172839506172839,0.05501571338808498,0.25551904546123133,0.0,0.6172839506172839,0.05501571338808498,0.0,0.0002269786708703295,0.0,0.0,4.0,181,0,relay_rich_scout_matched_standardized,relay_rich_scout_matched_standardized,180,0.15,0.22,12,0.9166666666666666,1.0,0.5,0.7055555555555555,0.539497596078176,1.0,77.84185523398335,1,0
4245117529,relay_rich_scout_matched_standardized,delayed,crowd_vector,degraded,degraded,full_delivery,1,56,44,1,56,10,9,2,1,0.16666666666666666,0.16666666666666666,89.18954257044442,0.14316138454324948,0.09909949174493823,9,0.0,0.0,0.6276803118908382,0.05144124110218904,0.24530339687029656,0.0,0.6276803118908382,0.05144124110218904,0.0,0.0005674089030444444,0.0,0.0,4.982456140350878,181,0,relay_rich_scout_matched_standardized,relay_rich_scout_matched_standardized,180,0.15,0.22,12,0.75,0.8333333333333334,0.5,0.6888888888888889,0.34926643389432055,0.55,63.411952296742726,0,1
670344176,relay_rich_scout_matched_standardized,delayed,crowd_vector,degraded,degraded,full_delivery,1,56,44,1,56,12,12,2,2,0.0,0.0,61.27811063656113,0.089587881047604,0.06808678959617903,0,0.0,0.0,0.6686159844054581,0.047399478283471075,0.21875413530592144,0.0,0.6686159844054581,0.047399478283471075,0.0,7.432992087296244e-05,0.0,0.0,4.0,181,0,relay_rich_scout_matched_standardized,relay_rich_scout_matched_standardized,180,0.15,0.22,12,1.0,1.0,1.0,0.6888888888888889,0.5927823588745273,1.0,89.3211752464656,1,0
768532348,relay_rich_scout_matched_standardized,delayed,crowd_vector,degraded,degraded,full_delivery,1,52,43,1,52,12,11,2,1,0.0,0.0,58.358503002504506,0.09175865251966117,0.0648427811138939,0,0.0,0.0,0.6142557651991614,0.056886575980646566,0.2544591539768317,0.0,0.6142557651991614,0.056886575980646566,0.0,0.00021509231704808704,0.0,0.0,4.0,181,0,relay_rich_scout_matched_standardized,relay_rich_scout_matched_standardized,180,0.15,0.22,12,0.9166666666666666,1.0,0.5,0.7111111111111111,0.5829152158197219,1.0,78.53859079925388,1,0
909442325,relay_rich_scout_matched_standardized,delayed,crowd_vector,degraded,degraded,full_delivery,1,55,44,1,55,11,10,2,1,0.08333333333333333,0.08333333333333333,82.19089289772023,0.12605965168362,0.09132321433080026,9,0.0,0.0,0.628968253968254,0.052638685055797774,0.24764698404270094,0.0,0.628968253968254,0.052638685055797774,0.0,0.00010932482406968094,0.0,0.0,4.678571428571429,181,0,relay_rich_scout_matched_standardized,relay_rich_scout_matched_standardized,180,0.15,0.22,12,0.8333333333333334,0.9166666666666666,0.5,0.6944444444444444,0.4270015832562728,0.55,68.08913327669893,0,1
3101310129,relay_rich_scout_matched_standardized,delayed,crowd_vector,degraded,degraded,full_delivery,1,55,44,1,55,12,12,2,2,0.0,0.0,63.03771085960662,0.0938061173506051,0.07004190095511846,0,0.0,0.0,0.6428571428571429,0.05194258140935568,0.23534312132786003,0.0,0.6428571428571429,0.05194258140935568,0.0,5.072769495630434e-05,0.0,0.0,4.0,181,0,relay_rich_scout_matched_standardized,relay_rich_scout_matched_standardized,180,0.15,0.22,12,1.0,1.0,1.0,0.6944444444444444,0.5736085574972496,1.0,89.1416309160726,1,0
512444070,relay_rich_scout_matched_standardized,delayed,crowd_vector,degraded,degraded,full_delivery,1,54,44,1,54,12,12,2,2,0.0,0.0,60.567662529543846,0.09176918565082401,0.06729740281060427,0,0.0,0.0,0.6606060606060604,0.04627876493525477,0.2255246227366464,0.0,0.6606060606060604,0.04627876493525477,0.0,0.00016389945003828028,0.0,0.0,4.0,181,0,relay_rich_scout_matched_standardized,relay_rich_scout_matched_standardized,180,0.15,0.22,12,1.0,1.0,1.0,0.7,0.5828673379508,1.0,89.3601427313112,1,0
3942430188,relay_rich_scout_matched_standardized,delayed,crowd_vector,degraded,degraded,full_delivery,1,57,44,1,57,11,11,2,1,0.08333333333333333,0.08333333333333333,75.39139353974957,0.1087898896677483,0.08376821504416619,0,0.0,0.0,0.6321839080459768,0.05149311728451889,0.24106321838430547,0.0,0.6321839080459768,0.05149311728451889,0.0,0.0001327839957778081,0.0,0.0,4.0,181,0,relay_rich_scout_matched_standardized,relay_rich_scout_matched_standardized,180,0.15,0.22,12,0.9166666666666666,0.9166666666666666,0.5,0.6833333333333333,0.505500501510235,1.0,75.51034035447661,0,1
1912694183,relay_rich_scout_matched_standardized,delayed,crowd_vector,degraded,degraded,full_delivery,1,57,45,1,57,12,11,2,1,0.0,0.0,85.61616849350777,0.1230117363412468,0.09512907610389752,0,0.0,0.0,0.6436781609195401,0.04974098287894499,0.23818545463699817,0.0,0.6436781609195401,0.04974098287894499,0.0,0.00034886107242119584,0.0,0.0,4.0,181,0,relay_rich_scout_matched_standardized,relay_rich_scout_matched_standardized,180,0.15,0.22,12,0.9166666666666666,1.0,0.5,0.6833333333333333,0.44085574390342364,1.0,76.10531374798126,1,0
4072793239,relay_rich_scout_matched_standardized,delayed,crowd_vector,degraded,degraded,full_delivery,1,55,44,1,55,12,11,2,1,0.0,0.0,58.8680128710026,0.08760120962946816,0.06540890319000289,0,0.0,0.0,0.619047619047619,0.056900832632255476,0.2552857956805513,0.0,0.619047619047619,0.056900832632255476,0.0,0.0001575509349242051,0.0,0.0,4.0,181,0,relay_rich_scout_matched_standardized,relay_rich_scout_matched_standardized,180,0.15,0.22,12,0.9166666666666666,1.0,0.5,0.6944444444444444,0.6018126835024175,1.0,78.53648868014494,1,0
1137908688,relay_rich_scout_matched_standardized,delayed,crowd_vector,degraded,degraded,full_delivery,1,57,44,1,57,12,12,2,2,0.0,0.0,74.9393295393636,0.10767145048759137,0.08326592171040399,0,0.0,0.0,0.6781609195402298,0.04701162466878392,0.22138048736089483,0.0,0.6781609195402298,0.04701162466878392,0.0,0.00016936840930524923,0.0,0.0,4.0,181,0,relay_rich_scout_matched_standardized,relay_rich_scout_matched_standardized,180,0.15,0.22,12,1.0,1.0,1.0,0.6833333333333333,0.5105843159654937,1.0,88.08151375685026,1,0
6403911,relay_rich_scout_matched_standardized,delayed,crowd_vector,degraded,degraded,full_delivery,1,55,44,1,55,11,11,2,1,0.08333333333333333,0.08333333333333333,59.42267149668687,0.0892232304755058,0.0660251905518743,0,0.0,0.0,0.6448412698412699,0.053399923604935826,0.2429581801842294,0.0,0.6448412698412699,0.053399923604935826,0.0,0.0001676624010353246,0.0,0.0,4.178571428571429,181,0,relay_rich_scout_matched_standardized,relay_rich_scout_matched_standardized,180,0.15,0.22,12,0.9166666666666666,0.9166666666666666,0.5,0.6944444444444444,0.5944398614749736,1.0,76.93326917176073,0,1
284961277,relay_rich_scout_matched_standardized,delayed,crowd_vector,degraded,degraded,full_delivery,1,55,43,1,55,12,11,2,1,0.0,0.0,59.875007956028895,0.0890997142202811,0.06652778661780988,0,0.0,0.0,0.636904761904762,0.053543023138179824,0.23549780024653086,0.0,0.636904761904762,0.053543023138179824,0.0,0.0001921091743858223,0.0,0.0,4.0,181,0,relay_rich_scout_matched_standardized,relay_rich_scout_matched_standardized,180,0.15,0.22,12,0.9166666666666666,1.0,0.5,0.6944444444444444,0.5950012989987223,1.0,78.44112929709321,1,0
4041974920,relay_rich_scout_matched_standardized,delayed,crowd_vector,degraded,degraded,full_delivery,1,56,44,1,56,12,11,2,1,0.0,0.0,78.81005240305532,0.11521937485826801,0.08756672489228369,0,0.0,0.0,0.6198830409356725,0.05465850715970705,0.25986165960844826,0.0,0.6198830409356725,0.05465850715970705,0.0,8.425666812982646e-05,0.0,0.0,4.0,181,0,relay_rich_scout_matched_standardized,relay_rich_scout_matched_standardized,180,0.15,0.22,12,0.9166666666666666,1.0,0.5,0.6888888888888889,0.4762755688260545,1.0,76.69008018578698,1,0
4004088686,relay_rich_scout_matched_standardized,delayed,crowd_vector,degraded,degraded,full_delivery,1,56,45,1,56,11,10,2,1,0.08333333333333333,0.08333333333333333,87.88206522231916,0.13604034864136091,0.09764673913591017,0,0.0,0.0,0.6276803118908382,0.05451430195083714,0.2515361803333281,0.0,0.6276803118908382,0.05451430195083714,0.0,0.0006201603584457485,0.0,0.0,5.298245614035087,181,0,relay_rich_scout_matched_standardized,relay_rich_scout_matched_standardized,180,0.15,0.22,12,0.8333333333333334,0.9166666666666666,0.5,0.6888888888888889,0.381634778902905,1.0,71.86510912686289,0,1
3681358222,relay_rich_scout_matched_standardized,delayed,crowd_vector,degraded,degraded,full_delivery,1,56,44,1,56,11,10,2,1,0.08333333333333333,0.08333333333333333,86.20943686214646,0.13262990286484072,0.09578826318016273,0,0.0,0.0,0.6510721247563352,0.04950375765393228,0.2325292776310272,0.0,0.6510721247563352,0.04950375765393228,0.0,0.0004393802021842857,0.0,0.0,4.0,181,0,relay_rich_scout_matched_standardized,relay_rich_scout_matched_standardized,180,0.15,0.22,12,0.8333333333333334,0.9166666666666666,0.5,0.6888888888888889,0.39713680515981487,1.0,72.08213749445963,0,1
1037121429,relay_rich_scout_matched_standardized,delayed,crowd_vector,degraded,degraded,full_delivery,1,57,45,1,57,11,10,2,1,0.08333333333333333,0.08333333333333333,69.52151666677734,0.10501739677760928,0.07724612962975261,0,0.0,0.0,0.6532567049808428,0.04982688615600209,0.23078300597251894,0.0,0.6532567049808428,0.04982688615600209,0.0,0.00019445216224824925,0.0,0.0,5.137931034482759,181,0,relay_rich_scout_matched_standardized,relay_rich_scout_matched_standardized,180,0.15,0.22,12,0.8333333333333334,0.9166666666666666,0.5,0.6833333333333333,0.5226481964654124,1.0,73.75040808384911,0,1
1779587411,relay_rich_scout_matched_standardized,delayed,crowd_vector,degraded,degraded,full_delivery,1,55,45,1,55,12,11,2,1,0.0,0.0,76.28536089406026,0.11351988228282776,0.0847615121045114,0,0.0,0.0,0.6091269841269841,0.06207902882081362,0.2613571778361621,0.0,0.6091269841269841,0.06207902882081362,0.0,0.00012828041803415865,0.0,0.0,4.0,181,0,relay_rich_scout_matched_standardized,relay_rich_scout_matched_standardized,180,0.15,0.22,12,0.9166666666666666,1.0,0.5,0.6944444444444444,0.4840005350780556,1.0,76.88711860220388,1,0
263580428,relay_rich_scout_matched_standardized,delayed,crowd_vector,degraded,degraded,full_delivery,1,56,46,1,56,12,12,2,2,0.0,0.0,90.44833757511333,0.1322344116595224,0.10049815286123703,0,0.0,0.0,0.6569200779727096,0.04842575174527767,0.23087715310325263,0.0,0.6569200779727096,0.04842575174527767,0.0,0.00044246469928954234,0.0,0.0,4.0,181,0,relay_rich_scout_matched_standardized,relay_rich_scout_matched_standardized,180,0.15,0.22,12,1.0,1.0,1.0,0.6888888888888889,0.3989344924567163,1.0,86.60730511661625,1,0
2566935006,relay_rich_scout_matched_standardized,delayed,crowd_vector,degraded,degraded,full_delivery,1,53,45,1,53,11,10,2,1,0.08333333333333333,0.08333333333333333,84.1897071939503,0.14125789797642668,0.09354411910438921,0,0.0,0.0,0.6646090534979423,0.04971033885752427,0.23483713562060093,0.0,0.6646090534979423,0.04971033885752427,0.0,0.0010128162363581706,0.0,0.0,5.888888888888889,181,0,relay_rich_scout_matched_standardized,relay_rich_scout_matched_standardized,180,0.15,0.22,12,0.8333333333333334,0.9166666666666666,0.5,0.7055555555555555,0.35791864556169695,1.0,71.79974992675264,0,1
983840629,relay_rich_scout_matched_standardized,delayed,crowd_vector,degraded,degraded,full_delivery,1,55,45,1,55,11,10,2,1,0.08333333333333333,0.08333333333333333,89.00283025658004,0.13863369198844244,0.09889203361842226,10,0.0,0.0,0.6329365079365079,0.05523146307723499,0.2475430959149127,0.0,0.6329365079365079,0.05523146307723499,0.0,0.00015090349085928497,0.0,0.0,4.0,181,0,relay_rich_scout_matched_standardized,relay_rich_scout_matched_standardized,180,0.15,0.22,12,0.8333333333333334,0.9166666666666666,0.5,0.6944444444444444,0.36984685459798894,0.5,66.78896707548296,0,1
3660134668,relay_rich_scout_matched_standardized,delayed,crowd_vector,degraded,degraded,full_delivery,1,56,45,1,56,11,11,2,2,0.08333333333333333,0.08333333333333333,88.19084058798425,0.13526202544169363,0.09798982287553806,0,0.0,0.0,0.6608187134502923,0.0458071822593826,0.22658815033825136,0.0,0.6608187134502923,0.0458071822593826,0.0,0.0005235682094252265,0.0,0.0,5.087719298245614,181,0,relay_rich_scout_matched_standardized,relay_rich_scout_matched_standardized,180,0.15,0.22,12,0.9166666666666666,0.9166666666666666,1.0,0.6888888888888889,0.38517261162866534,1.0,82.91463878502353,0,1
2873549604,relay_rich_scout_matched_standardized,delayed,crowd_vector,degraded,degraded,full_delivery,1,56,44,1,56,12,11,2,1,0.0,0.0,63.066229086173756,0.09220208930727157,0.0700735878735264,0,0.0,0.0,0.6374269005847952,0.05391486529683995,0.243060135524248,0.0,0.6374269005847952,0.05391486529683995,0.0,0.00018618259871066653,0.0,0.0,4.0,181,0,relay_rich_scout_matched_standardized,relay_rich_scout_matched_standardized,180,0.15,0.22,12,0.9166666666666666,1.0,0.5,0.6888888888888889,0.5808995940578565,1.0,78.15481653903221,1,0
1104504717,relay_rich_scout_matched_standardized,scout_belief,autonomous,degraded,degraded,full_delivery,1,57,47,1,57,11,11,2,2,0.08333333333333333,0.08333333333333333,95.09473728378777,0.14743370121517482,0.10566081920420863,13,0.0,0.0,0.0,0.0,0.0,0.0,0.0,0.0,0.0,0.002728362591717529,0.0,0.0,5.724137931034483,181,0,relay_rich_scout_matched_standardized,relay_rich_scout_matched_standardized,180,0.15,0.22,12,0.9166666666666666,0.9166666666666666,1.0,0.6833333333333333,0.3298468126582963,0.35,75.55118871054948,0,1
990801162,relay_rich_scout_matched_standardized,scout_belief,autonomous,degraded,degraded,full_delivery,1,55,44,1,55,11,11,2,1,0.08333333333333333,0.08333333333333333,69.51758443721944,0.1058106308024649,0.07724176048579938,8,0.0,0.0,0.0,0.0,0.0,0.0,0.0,0.0,0.0,0.002347598690558702,0.0,0.0,4.0,181,0,relay_rich_scout_matched_standardized,relay_rich_scout_matched_standardized,180,0.15,0.22,12,0.9166666666666666,0.9166666666666666,0.5,0.6944444444444444,0.5190425872615232,0.6,71.87770733277243,0,1
1970055142,relay_rich_scout_matched_standardized,scout_belief,autonomous,degraded,degraded,full_delivery,1,57,44,1,57,11,11,2,1,0.08333333333333333,0.08333333333333333,61.47699943112371,0.09258584251675257,0.06830777714569301,6,0.0,0.0,0.0,0.0,0.0,0.0,0.0,0.0,0.0,0.00213383772446959,0.0,0.0,4.0,181,0,relay_rich_scout_matched_standardized,relay_rich_scout_matched_standardized,180,0.15,0.22,12,0.9166666666666666,0.9166666666666666,0.5,0.6833333333333333,0.5791552612874883,0.7,73.54150699135816,0,1
83685717,relay_rich_scout_matched_standardized,scout_belief,autonomous,degraded,degraded,full_delivery,1,56,46,1,56,12,11,2,1,0.0,0.0,104.69888660880771,0.1530685476736955,0.11633209623200857,13,0.0,0.0,0.0,0.0,0.0,0.0,0.0,0.0,0.0,0.003334325500970152,0.0,0.0,4.0,181,0,relay_rich_scout_matched_standardized,relay_rich_scout_matched_standardized,180,0.15,0.22,12,0.9166666666666666,1.0,0.5,0.6888888888888889,0.3042338742104751,0.35,67.78149646116887,0,1
2551687599,relay_rich_scout_matched_standardized,scout_belief,autonomous,degraded,degraded,full_delivery,1,56,46,1,56,11,10,2,1,0.08333333333333333,0.08333333333333333,95.20758778067922,0.14295433600702587,0.10578620864519914,10,0.0,0.0,0.0,0.0,0.0,0.0,0.0,0.0,0.0,0.002228033611027257,0.0,0.0,4.0,181,0,relay_rich_scout_matched_standardized,relay_rich_scout_matched_standardized,180,0.15,0.22,12,0.8333333333333334,0.9166666666666666,0.5,0.6888888888888889,0.35020756360442784,0.5,66.42512811268423,0,1
3224580885,relay_rich_scout_matched_standardized,scout_belief,autonomous,degraded,degraded,full_delivery,1,55,44,1,55,11,11,2,1,0.08333333333333333,0.08333333333333333,65.99544870069703,0.09954064660738617,0.07332827633410781,0,0.0,0.0,0.0,0.0,0.0,0.0,0.0,0.0,0.0,0.002442907522099733,0.0,0.0,4.0,181,0,relay_rich_scout_matched_standardized,relay_rich_scout_matched_standardized,180,0.15,0.22,12,0.9166666666666666,0.9166666666666666,0.5,0.6944444444444444,0.547542515420972,1.0,76.2767063270047,0,1
2349042398,relay_rich_scout_matched_standardized,scout_belief,autonomous,degraded,degraded,full_delivery,1,54,44,1,54,12,11,2,1,0.0,0.0,78.42515573718968,0.1188259935411965,0.08713906193021076,9,0.0,0.0,0.0,0.0,0.0,0.0,0.0,0.0,0.0,0.0022353542962643014,0.0,0.0,4.0,181,0,relay_rich_scout_matched_standardized,relay_rich_scout_matched_standardized,180,0.15,0.22,12,0.9166666666666666,1.0,0.5,0.7,0.45988184754001593,0.55,72.13834586556021,1,0
1282734638,relay_rich_scout_matched_standardized,scout_belief,autonomous,degraded,degraded,full_delivery,1,57,45,1,57,12,11,2,1,0.0,0.0,97.3786292939169,0.13991182369815647,0.108198476993241,11,0.0,0.0,0.0,0.0,0.0,0.0,0.0,0.0,0.0,0.002475198530881923,0.0,0.0,4.0,181,0,relay_rich_scout_matched_standardized,relay_rich_scout_matched_standardized,180,0.15,0.22,12,0.9166666666666666,1.0,0.5,0.6833333333333333,0.3640371650083797,0.44999999999999996,69.52985364345065,0,1
3330554206,relay_rich_scout_matched_standardized,scout_belief,autonomous,degraded,degraded,full_delivery,1,57,45,1,57,11,11,2,1,0.08333333333333333,0.08333333333333333,100.61207462681492,0.14905492537305914,0.11179119402979436,13,0.0,0.0,0.0,0.0,0.0,0.0,0.0,0.0,0.0,0.00195271268024324,0.0,0.0,4.0,181,0,relay_rich_scout_matched_standardized,relay_rich_scout_matched_standardized,180,0.15,0.22,12,0.9166666666666666,0.9166666666666666,0.5,0.6833333333333333,0.3224776119406403,0.35,66.4480199005023,0,1
306387063,relay_rich_scout_matched_standardized,scout_belief,autonomous,degraded,degraded,full_delivery,1,54,44,1,54,12,11,2,1,0.0,0.0,64.30332828204736,0.09742928527582934,0.07144814253560818,0,0.0,0.0,0.0,0.0,0.0,0.0,0.0,0.0,0.0,0.0027910983195348904,0.0,0.0,4.0,181,0,relay_rich_scout_matched_standardized,relay_rich_scout_matched_standardized,180,0.15,0.22,12,0.9166666666666666,1.0,0.5,0.7,0.5571396123825939,1.0,77.9999545733563,1,0
930084672,relay_rich_scout_matched_standardized,scout_belief,autonomous,degraded,degraded,full_delivery,1,58,46,1,58,12,11,2,1,0.0,0.0,101.7119428153504,0.14366093617987344,0.11301326979483378,0,0.0,0.0,0.0,0.0,0.0,0.0,0.0,0.0,0.0,0.003288748445696391,0.0,0.0,4.0,181,0,relay_rich_scout_matched_standardized,relay_rich_scout_matched_standardized,180,0.15,0.22,12,0.9166666666666666,1.0,0.5,0.6777777777777778,0.34699574463693894,1.0,74.70238486936157,1,0
2736717446,relay_rich_scout_matched_standardized,scout_belief,autonomous,degraded,degraded,full_delivery,1,56,46,1,56,10,9,2,1,0.16666666666666666,0.16666666666666666,105.05928510078448,0.1618787135605308,0.11673253900087165,14,0.0,0.0,0.0,0.0,0.0,0.0,0.0,0.0,0.0,0.0026550028376377505,0.0,0.0,4.421052631578948,181,0,relay_rich_scout_matched_standardized,relay_rich_scout_matched_standardized,180,0.15,0.22,12,0.75,0.8333333333333334,0.5,0.6888888888888889,0.2641876656339509,0.30000000000000004,59.72084954109754,0,1
225199202,relay_rich_scout_matched_standardized,scout_belief,autonomous,degraded,degraded,full_delivery,1,56,45,1,56,12,12,2,2,0.0,0.0,76.63737850883152,0.11204295103630339,0.08515264278759058,9,0.0,0.0,0.0,0.0,0.0,0.0,0.0,0.0,0.0,0.0021373451020826897,0.0,0.0,4.0,181,0,relay_rich_scout_matched_standardized,relay_rich_scout_matched_standardized,180,0.15,0.22,12,1.0,1.0,1.0,0.6888888888888889,0.4907138589258937,0.55,83.39221624718473,1,0
1190896452,relay_rich_scout_matched_standardized,scout_belief,autonomous,degraded,degraded,full_delivery,1,55,45,1,55,11,10,2,1,0.08333333333333333,0.08333333333333333,84.04376928850199,0.1309092979571682,0.09338196587611332,10,0.0,0.0,0.0,0.0,0.0,0.0,0.0,0.0,0.0,0.003078888541420863,0.0,0.0,5.035714285714286,181,0,relay_rich_scout_matched_standardized,relay_rich_scout_matched_standardized,180,0.15,0.22,12,0.8333333333333334,0.9166666666666666,0.5,0.6944444444444444,0.40495773655832634,0.5,67.28051942292768,0,1
4256852725,relay_rich_scout_matched_standardized,scout_belief,autonomous,degraded,degraded,full_delivery,1,56,43,1,56,12,12,2,2,0.0,0.0,63.00057168158718,0.09210609894968887,0.07000063520176354,0,0.0,0.0,0.0,0.0,0.0,0.0,0.0,0.0,0.0,0.002893152437969148,0.0,0.0,4.0,181,0,relay_rich_scout_matched_standardized,relay_rich_scout_matched_standardized,180,0.15,0.22,12,1.0,1.0,1.0,0.6888888888888889,0.5813359138650507,1.0,89.16092501633292,1,0
3229525234,relay_rich_scout_matched_standardized,scout_belief,autonomous,degraded,degraded,full_delivery,1,54,44,1,54,12,11,2,1,0.0,0.0,62.566770060905164,0.09479813645591692,0.06951863340100574,0,0.0,0.0,0.0,0.0,0.0,0.0,0.0,0.0,0.0,0.0025836846505592724,0.0,0.0,4.0,181,0,relay_rich_scout_matched_standardized,relay_rich_scout_matched_standardized,180,0.15,0.22,12,0.9166666666666666,1.0,0.5,0.7,0.5690993797458321,1.0,78.16739131644164,1,0
1220604363,relay_rich_scout_matched_standardized,scout_belief,autonomous,degraded,degraded,full_delivery,1,57,45,1,57,12,11,2,1,0.0,0.0,96.61326796073789,0.13881216661025558,0.10734807551193098,10,0.0,0.0,0.0,0.0,0.0,0.0,0.0,0.0,0.0,0.002864436192786051,0.0,0.0,4.0,181,0,relay_rich_scout_matched_standardized,relay_rich_scout_matched_standardized,180,0.15,0.22,12,0.9166666666666666,1.0,0.5,0.6833333333333333,0.36903560631702004,0.5,70.0998318217716,1,1
2952998831,relay_rich_scout_matched_standardized,scout_belief,autonomous,degraded,degraded,full_delivery,1,56,44,1,56,10,10,2,1,0.16666666666666666,0.16666666666666666,72.57537555054185,0.10864577178224828,0.08063930616726872,0,0.0,0.0,0.0,0.0,0.0,0.0,0.0,0.0,0.0,0.0026071368836107635,0.0,0.0,4.491228070175438,181,0,relay_rich_scout_matched_standardized,relay_rich_scout_matched_standardized,180,0.15,0.22,12,0.8333333333333334,0.8333333333333334,0.5,0.6888888888888889,0.5061555828079624,1.0,72.1084003815337,0,1
1302261883,relay_rich_scout_matched_standardized,scout_belief,autonomous,degraded,degraded,full_delivery,1,54,44,1,54,12,11,2,1,0.0,0.0,65.48882514865205,0.09922549264947281,0.07276536127628006,0,0.0,0.0,0.0,0.0,0.0,0.0,0.0,0.0,0.0,0.0024790297353275144,0.0,0.0,4.0,181,0,relay_rich_scout_matched_standardized,relay_rich_scout_matched_standardized,180,0.15,0.22,12,0.9166666666666666,1.0,0.5,0.7,0.5489750334114872,1.0,77.8856504677608,1,0
237757727,relay_rich_scout_matched_standardized,scout_belief,autonomous,degraded,degraded,full_delivery,1,56,45,1,56,9,9,2,1,0.25,0.25,63.25127668575436,0.10541879447625727,0.07027919631750484,5,0.0,0.0,0.0,0.0,0.0,0.0,0.0,0.0,0.0,0.0024579094728081796,0.0,0.0,5.157894736842105,181,0,relay_rich_scout_matched_standardized,relay_rich_scout_matched_standardized,180,0.15,0.22,12,0.75,0.75,0.5,0.6888888888888889,0.5208236614715579,0.75,66.31375348282404,0,1
1632861956,relay_rich_scout_matched_standardized,scout_belief,autonomous,degraded,degraded,full_delivery,1,56,45,1,56,12,11,2,1,0.0,0.0,78.64069271364332,0.11497177297316274,0.08737854745960369,9,0.0,0.0,0.0,0.0,0.0,0.0,0.0,0.0,0.0,0.002335275577782331,0.0,0.0,4.0,181,0,relay_rich_scout_matched_standardized,relay_rich_scout_matched_standardized,180,0.15,0.22,12,0.9166666666666666,1.0,0.5,0.6888888888888889,0.47740103194016936,0.55,72.2058366693846,1,0
832732833,relay_rich_scout_matched_standardized,scout_belief,autonomous,degraded,degraded,full_delivery,1,55,44,1,55,12,11,2,1,0.0,0.0,68.1185048670309,0.10136682271879598,0.07568722763003433,7,0.0,0.0,0.0,0.0,0.0,0.0,0.0,0.0,0.0,0.002226486422120138,0.0,0.0,4.0,181,0,relay_rich_scout_matched_standardized,relay_rich_scout_matched_standardized,180,0.15,0.22,12,0.9166666666666666,1.0,0.5,0.6944444444444444,0.5392417149145637,0.65,74.160495119915,1,0
353204062,relay_rich_scout_matched_standardized,scout_belief,autonomous,degraded,degraded,full_delivery,1,55,45,1,55,12,11,2,1,0.0,0.0,80.46046617192863,0.11973283656536998,0.08940051796880959,9,0.0,0.0,0.0,0.0,0.0,0.0,0.0,0.0,0.0,0.0024238971774463718,0.0,0.0,4.0,181,0,relay_rich_scout_matched_standardized,relay_rich_scout_matched_standardized,180,0.15,0.22,12,0.9166666666666666,1.0,0.5,0.6944444444444444,0.45575983379377283,0.55,71.99174878422393,1,0
3184538494,relay_rich_scout_matched_standardized,scout_belief,autonomous,degraded,degraded,full_delivery,1,55,44,1,55,12,11,2,1,0.0,0.0,65.13148507049489,0.09692185278347454,0.07236831674499432,0,0.0,0.0,0.0,0.0,0.0,0.0,0.0,0.0,0.0,0.0024150449486512325,0.0,0.0,4.0,181,0,relay_rich_scout_matched_standardized,relay_rich_scout_matched_standardized,180,0.15,0.22,12,0.9166666666666666,1.0,0.5,0.6944444444444444,0.5594461237114794,1.0,77.94335684307181,1,0
1298172275,relay_rich_scout_matched_standardized,scout_belief,autonomous,degraded,degraded,full_delivery,1,57,45,1,57,10,9,2,1,0.16666666666666666,0.16666666666666666,71.39586975387111,0.11405091014995385,0.0793287441709679,9,0.0,0.0,0.0,0.0,0.0,0.0,0.0,0.0,0.0,0.0025238757848644005,0.0,0.0,4.0,181,0,relay_rich_scout_matched_standardized,relay_rich_scout_matched_standardized,180,0.15,0.22,12,0.75,0.8333333333333334,0.5,0.6833333333333333,0.48158677204566436,0.55,65.17554814197266,0,1
3076721424,relay_rich_scout_matched_standardized,scout_belief,autonomous,degraded,degraded,full_delivery,1,56,44,1,56,12,11,2,1,0.0,0.0,65.52930642767122,0.09580307957261874,0.07281034047519024,0,0.0,0.0,0.0,0.0,0.0,0.0,0.0,0.0,0.0,0.0027061659869553095,0.0,0.0,4.0,181,0,relay_rich_scout_matched_standardized,relay_rich_scout_matched_standardized,180,0.15,0.22,12,0.9166666666666666,1.0,0.5,0.6888888888888889,0.5645314564880966,1.0,77.92566261305556,1,0
3113885322,relay_rich_scout_matched_standardized,scout_belief,autonomous,degraded,degraded,full_delivery,1,56,45,1,56,11,11,2,2,0.08333333333333333,0.08333333333333333,59.53046188899818,0.09345441426844299,0.06614495765444242,0,0.0,0.0,0.0,0.0,0.0,0.0,0.0,0.0,0.0,0.0027404301842083845,0.0,0.0,4.0,181,0,relay_rich_scout_matched_standardized,relay_rich_scout_matched_standardized,180,0.15,0.22,12,0.9166666666666666,0.9166666666666666,1.0,0.6888888888888889,0.5752072078707137,1.0,85.57512313241222,0,1
3049634971,relay_rich_scout_matched_standardized,scout_belief,autonomous,degraded,degraded,full_delivery,1,59,46,1,59,12,11,2,1,0.0,0.0,109.86767483359564,0.1525939928244384,0.12207519425955071,14,0.0,0.0,0.0,0.0,0.0,0.0,0.0,0.0,0.0,0.0026856398749207267,0.0,0.0,4.0,181,0,relay_rich_scout_matched_standardized,relay_rich_scout_matched_standardized,180,0.15,0.22,12,0.9166666666666666,1.0,0.5,0.6722222222222223,0.30639094170709824,0.30000000000000004,67.04502873945492,0,1
3331287361,relay_rich_scout_matched_standardized,scout_belief,autonomous,degraded,degraded,full_delivery,1,57,45,1,57,11,11,2,2,0.08333333333333333,0.08333333333333333,83.1419102283175,0.12353924253836181,0.09237990025368611,10,0.0,0.0,0.0,0.0,0.0,0.0,0.0,0.0,0.0,0.0023402354540532897,0.0,0.0,4.758620689655173,181,0,relay_rich_scout_matched_standardized,relay_rich_scout_matched_standardized,180,0.15,0.22,12,0.9166666666666666,0.9166666666666666,1.0,0.6833333333333333,0.4384579884619918,0.5,78.57174517180121,0,1
3181257226,relay_rich_scout_matched_standardized,scout_belief,autonomous,degraded,degraded,full_delivery,1,56,44,1,56,12,11,2,1,0.0,0.0,75.20548680989324,0.10994954211972696,0.0835616520109925,8,0.0,0.0,0.0,0.0,0.0,0.0,0.0,0.0,0.0,0.0025383951893701083,0.0,0.0,4.0,181,0,relay_rich_scout_matched_standardized,relay_rich_scout_matched_standardized,180,0.15,0.22,12,0.9166666666666666,1.0,0.5,0.6888888888888889,0.500229354001241,0.6,73.0254331782396,1,0
3949604152,relay_rich_scout_matched_standardized,scout_belief,autonomous,degraded,degraded,full_delivery,1,56,44,1,56,12,11,2,1,0.0,0.0,74.11457456320312,0.10835464117427357,0.08234952729244792,8,0.0,0.0,0.0,0.0,0.0,0.0,0.0,0.0,0.0,0.0024611691642711345,0.0,0.0,4.0,181,0,relay_rich_scout_matched_standardized,relay_rich_scout_matched_standardized,180,0.15,0.22,12,0.9166666666666666,1.0,0.5,0.6888888888888889,0.507478903753302,0.6,73.12692687476844,1,0
95377221,relay_rich_scout_matched_standardized,scout_belief,autonomous,degraded,degraded,full_delivery,1,57,45,1,57,12,11,2,1,0.0,0.0,94.20415078197699,0.1353507913534152,0.10467127864664111,0,0.0,0.0,0.0,0.0,0.0,0.0,0.0,0.0,0.0,0.0028664059620407667,0.0,0.0,4.0,181,0,relay_rich_scout_matched_standardized,relay_rich_scout_matched_standardized,180,0.15,0.22,12,0.9166666666666666,1.0,0.5,0.6833333333333333,0.3847691302117491,1.0,75.32010115629781,1,0
904584005,relay_rich_scout_matched_standardized,scout_belief,crowd_vector,degraded,degraded,full_delivery,1,55,44,1,55,11,10,2,1,0.08333333333333333,0.08333333333333333,68.37266125305386,0.10887366441569087,0.0759696236145043,0,0.0,0.0,0.6408730158730158,0.05265293203817927,0.2338511893197437,0.0,0.6408730158730158,0.05265293203817927,0.0,0.0032647176361758124,0.0,0.0,4.0,181,0,relay_rich_scout_matched_standardized,relay_rich_scout_matched_standardized,180,0.15,0.22,12,0.8333333333333334,0.9166666666666666,0.5,0.6944444444444444,0.5051197072014051,1.0,73.68278701193078,0,1
2478549664,relay_rich_scout_matched_standardized,scout_belief,crowd_vector,degraded,degraded,full_delivery,1,57,44,1,57,11,11,2,1,0.08333333333333333,0.08333333333333333,87.6412578650158,0.13022475165678427,0.09737917540557312,0,0.0,0.0,0.6245210727969348,0.05989644136882951,0.2610680166249876,0.0,0.6245210727969348,0.05989644136882951,0.0,0.0033132814210861867,0.0,0.0,4.0,181,0,relay_rich_scout_matched_standardized,relay_rich_scout_matched_standardized,180,0.15,0.22,12,0.9166666666666666,0.9166666666666666,0.5,0.6833333333333333,0.4080693106509806,1.0,74.14630368244705,0,1
3662193285,relay_rich_scout_matched_standardized,scout_belief,crowd_vector,degraded,degraded,full_delivery,1,56,44,1,56,12,11,2,1,0.0,0.0,60.0840621815775,0.08784219617189692,0.06676006909064167,0,0.0,0.0,0.6510721247563352,0.046899503357933095,0.23203544796875752,0.0,0.6510721247563352,0.046899503357933095,0.0,0.0030105637095621182,0.0,0.0,4.0,181,0,relay_rich_scout_matched_standardized,relay_rich_scout_matched_standardized,180,0.15,0.22,12,0.9166666666666666,1.0,0.5,0.6888888888888889,0.6007172901277413,1.0,78.4322642840106,1,0
2613428694,relay_rich_scout_matched_standardized,scout_belief,crowd_vector,degraded,degraded,full_delivery,1,58,44,1,58,12,12,2,2,0.0,0.0,67.7622904328768,0.09570944976395028,0.07529143381430756,0,0.0,0.0,0.6421845574387947,0.05519814750575242,0.2405105044954695,0.0,0.6421845574387947,0.05519814750575242,0.0,0.00304181750975501,0.0,0.0,4.0,181,0,relay_rich_scout_matched_standardized,relay_rich_scout_matched_standardized,180,0.15,0.22,12,1.0,1.0,1.0,0.6777777777777778,0.5649570465274987,1.0,88.75384309582942,1,0
3244673868,relay_rich_scout_matched_standardized,scout_belief,crowd_vector,degraded,degraded,full_delivery,1,56,44,1,56,11,10,2,1,0.08333333333333333,0.08333333333333333,60.79590791495837,0.09529139171623568,0.0675510087943982,0,0.0,0.0,0.6374269005847953,0.05211455568809027,0.2423230615522921,0.0,0.6374269005847953,0.05211455568809027,0.0,0.0032520408948856056,0.0,0.0,4.0,181,0,relay_rich_scout_matched_standardized,relay_rich_scout_matched_standardized,180,0.15,0.22,12,0.8333333333333334,0.9166666666666666,0.5,0.6888888888888889,0.5668573103807468,1.0,74.45822456755268,0,1
1665200493,relay_rich_scout_matched_standardized,scout_belief,crowd_vector,degraded,degraded,full_delivery,1,57,43,1,57,10,10,2,1,0.16666666666666666,0.16666666666666666,71.34710010969141,0.11361003202180162,0.0792745556774349,0,0.0,0.0,0.6551724137931033,0.05569922097276388,0.2509506054218366,0.0,0.6551724137931033,0.05569922097276388,0.0,0.003265060101099541,0.0,0.0,4.0,181,0,relay_rich_scout_matched_standardized,relay_rich_scout_matched_standardized,180,0.15,0.22,12,0.8333333333333334,0.8333333333333334,0.5,0.6833333333333333,0.4835907635372654,1.0,71.70360402285506,0,1
2402332029,relay_rich_scout_matched_standardized,scout_belief,crowd_vector,degraded,degraded,full_delivery,1,54,43,1,54,12,11,2,1,0.0,0.0,62.881434961027004,0.09527490145610153,0.06986826106780779,0,0.0,0.0,0.6646464646464646,0.046506398386217764,0.22518560475064198,0.0,0.6646464646464646,0.046506398386217764,0.0,0.00314915490080926,0.0,0.0,4.0,181,0,relay_rich_scout_matched_standardized,relay_rich_scout_matched_standardized,180,0.15,0.22,12,0.9166666666666666,1.0,0.5,0.7,0.5669322661086293,1.0,78.1370517255208,1,0
3045818037,relay_rich_scout_matched_standardized,scout_belief,crowd_vector,degraded,degraded,full_delivery,1,55,44,1,55,12,11,2,1,0.0,0.0,62.397062185411734,0.09285277110924366,0.06933006909490193,0,0.0,0.0,0.6369047619047619,0.05322534826650516,0.2467795122146421,0.0,0.6369047619047619,0.05322534826650516,0.0,0.0026437611801665675,0.0,0.0,4.0,181,0,relay_rich_scout_matched_standardized,relay_rich_scout_matched_standardized,180,0.15,0.22,12,0.9166666666666666,1.0,0.5,0.6944444444444444,0.5779419495034379,1.0,78.20229840415924,1,0
3957860209,relay_rich_scout_matched_standardized,scout_belief,crowd_vector,degraded,degraded,full_delivery,1,59,44,1,59,12,12,2,2,0.0,0.0,78.68178636165389,0.1092802588356304,0.08742420706850432,0,0.0,0.0,0.6259259259259259,0.058789021233772346,0.25944099037303076,0.0,0.6259259259259259,0.058789021233772346,0.0,0.003202386133836863,0.0,0.0,4.0,181,0,relay_rich_scout_matched_standardized,relay_rich_scout_matched_standardized,180,0.15,0.22,12,1.0,1.0,1.0,0.6722222222222223,0.5032715507471346,1.0,87.80135726601543,1,0
1973426978,relay_rich_scout_matched_standardized,scout_belief,crowd_vector,degraded,degraded,full_delivery,1,56,45,1,56,11,10,2,1,0.08333333333333333,0.08333333333333333,68.37906501876412,0.10552324848574711,0.07597673890973791,7,0.0,0.0,0.6335282651072124,0.05366248089782054,0.251263300753403,0.0,0.6335282651072124,0.05366248089782054,0.0,0.0033420690812697653,0.0,0.0,4.0,181,0,relay_rich_scout_matched_standardized,relay_rich_scout_matched_standardized,180,0.15,0.22,12,0.8333333333333334,0.9166666666666666,0.5,0.6888888888888889,0.5203488705193313,0.65,70.30710640949287,0,1
2258857224,relay_rich_scout_matched_standardized,scout_belief,crowd_vector,degraded,degraded,full_delivery,1,55,44,1,55,12,11,2,1,0.0,0.0,85.26378696602255,0.126880635366105,0.09473754107335838,0,0.0,0.0,0.628968253968254,0.05328202624582912,0.2497212845008811,0.0,0.628968253968254,0.05328202624582912,0.0,0.0034141082789478842,0.0,0.0,4.0,181,0,relay_rich_scout_matched_standardized,relay_rich_scout_matched_standardized,180,0.15,0.22,12,0.9166666666666666,1.0,0.5,0.6944444444444444,0.4232698392449773,1.0,76.03688886054078,1,0
1178980675,relay_rich_scout_matched_standardized,scout_belief,crowd_vector,degraded,degraded,full_delivery,1,56,45,1,56,12,11,2,1,0.0,0.0,84.65639513553708,0.12376665955487877,0.09406266126170787,0,0.0,0.0,0.6335282651072125,0.05355755574441846,0.24845378124983167,0.0,0.6335282651072125,0.05355755574441846,0.0,0.0030126490120288944,0.0,0.0,4.0,181,0,relay_rich_scout_matched_standardized,relay_rich_scout_matched_standardized,180,0.15,0.22,12,0.9166666666666666,1.0,0.5,0.6888888888888889,0.437424274750551,1.0,76.14616206872994,1,0
2906314794,relay_rich_scout_matched_standardized,scout_belief,crowd_vector,degraded,degraded,full_delivery,1,57,44,1,57,11,12,2,2,0.08333333333333333,0.08333333333333333,89.91005062510514,0.12955338706787484,0.09990005625011683,0,0.0,0.0,0.6264367816091955,0.05123738443261095,0.25164916067083165,0.0,0.6264367816091955,0.05123738443261095,0.0,0.0025427205780028713,0.0,0.0,4.0,181,0,relay_rich_scout_matched_standardized,relay_rich_scout_matched_standardized,180,0.15,0.22,12,1.0,0.9166666666666666,1.0,0.6833333333333333,0.4111209678732962,1.0,85.18902688355948,0,1
2273144329,relay_rich_scout_matched_standardized,scout_belief,crowd_vector,degraded,degraded,full_delivery,1,56,44,1,56,11,10,2,1,0.08333333333333333,0.08333333333333333,83.40292454675287,0.12791859593060256,0.09266991616305875,10,0.0,0.0,0.6432748538011697,0.053770476038473236,0.2509435341626916,0.0,0.6432748538011697,0.053770476038473236,0.0,0.0029821428786016616,0.0,0.0,4.0,181,0,relay_rich_scout_matched_standardized,relay_rich_scout_matched_standardized,180,0.15,0.22,12,0.8333333333333334,0.9166666666666666,0.5,0.6888888888888889,0.41855183667907925,0.5,67.38194793572934,0,1
1981412037,relay_rich_scout_matched_standardized,scout_belief,crowd_vector,degraded,degraded,full_delivery,1,55,44,1,55,12,11,2,1,0.0,0.0,59.30508560991241,0.08825161549094108,0.06589453956656935,0,0.0,0.0,0.638888888888889,0.05518223132611257,0.24332624325659655,0.0,0.638888888888889,0.05518223132611257,0.0,0.002885311862211677,0.0,0.0,4.0,181,0,relay_rich_scout_matched_standardized,relay_rich_scout_matched_standardized,180,0.15,0.22,12,0.9166666666666666,1.0,0.5,0.6944444444444444,0.598856293222995,1.0,78.49509921623303,1,0
3380178752,relay_rich_scout_matched_standardized,scout_belief,crowd_vector,degraded,degraded,full_delivery,1,55,45,1,55,12,11,2,1,0.0,0.0,71.8077747673865,0.10685680768956325,0.07978641640820723,0,0.0,0.0,0.6587301587301587,0.05023639746794783,0.2428550514026821,0.0,0.6587301587301587,0.05023639746794783,0.0,0.0026269490412588387,0.0,0.0,4.0,181,0,relay_rich_scout_matched_standardized,relay_rich_scout_matched_standardized,180,0.15,0.22,12,0.9166666666666666,1.0,0.5,0.6944444444444444,0.5142872377747125,1.0,77.31113243995708,1,0
1608798167,relay_rich_scout_matched_standardized,scout_belief,crowd_vector,degraded,degraded,full_delivery,1,55,45,1,55,10,9,2,1,0.16666666666666666,0.16666666666666666,55.45714960445891,0.09447555298885675,0.06161905511606546,5,0.0,0.0,0.6686507936507936,0.04899889936892159,0.22550218467599548,0.0,0.6686507936507936,0.04899889936892159,0.0,0.002996161970158456,0.0,0.0,5.035714285714286,181,0,relay_rich_scout_matched_standardized,relay_rich_scout_matched_standardized,180,0.15,0.22,12,0.75,0.8333333333333334,0.5,0.6944444444444444,0.5705656682324693,0.75,68.59903046636569,0,1
3229342526,relay_rich_scout_matched_standardized,scout_belief,crowd_vector,degraded,degraded,full_delivery,1,54,45,1,54,10,10,2,2,0.16666666666666666,0.16666666666666666,66.71899679353275,0.11009735444477352,0.07413221865948083,8,0.0,0.0,0.6686868686868686,0.048130148105991935,0.22823359267816354,0.0,0.6686868686868686,0.048130148105991935,0.0,0.003686654557062238,0.0,0.0,4.581818181818182,181,0,relay_rich_scout_matched_standardized,relay_rich_scout_matched_standardized,180,0.15,0.22,12,0.8333333333333334,0.8333333333333334,1.0,0.7,0.499557479796484,0.6,77.19380471715078,0,1
2398749506,relay_rich_scout_matched_standardized,scout_belief,crowd_vector,degraded,degraded,full_delivery,1,58,45,1,58,11,11,2,1,0.08333333333333333,0.08333333333333333,78.10012538587932,0.11109548419044,0.08677791709542147,0,0.0,0.0,0.6610169491525424,0.049925898540622245,0.24103930622439945,0.0,0.6610169491525424,0.049925898540622245,0.0,0.003510086111318727,0.0,0.0,4.0,181,0,relay_rich_scout_matched_standardized,relay_rich_scout_matched_standardized,180,0.15,0.22,12,0.9166666666666666,0.9166666666666666,0.5,0.6777777777777778,0.49502052640709093,1.0,75.27473181414372,0,1
3182887487,relay_rich_scout_matched_standardized,scout_belief,crowd_vector,degraded,degraded,full_delivery,1,54,43,1,54,12,11,2,1,0.0,0.0,59.44943553961302,0.090074902332747,0.0660549283773478,0,0.0,0.0,0.6565656565656565,0.05401938107057314,0.2338624296636878,0.0,0.6565656565656565,0.05401938107057314,0.0,0.002611609772581827,0.0,0.0,4.0,181,0,relay_rich_scout_matched_standardized,relay_rich_scout_matched_standardized,180,0.15,0.22,12,0.9166666666666666,1.0,0.5,0.7,0.5905686257602409,1.0,78.46796076064336,1,0
754706301,relay_rich_scout_matched_standardized,scout_belief,crowd_vector,degraded,degraded,full_delivery,1,56,44,1,56,9,9,2,1,0.25,0.25,63.596575169131825,0.10908503459542337,0.07066286129903536,0,0.0,0.0,0.6140350877192983,0.0663275913416772,0.2675071584269114,0.0,0.6140350877192983,0.0663275913416772,0.0,0.0028048755542224545,0.0,0.0,6.140350877192983,181,0,relay_rich_scout_matched_standardized,relay_rich_scout_matched_standardized,180,0.15,0.22,12,0.75,0.75,0.5,0.6888888888888889,0.5041589336571665,1.0,68.58044729342255,0,1
3371565402,relay_rich_scout_matched_standardized,scout_belief,crowd_vector,degraded,degraded,full_delivery,1,58,45,1,58,11,11,2,1,0.08333333333333333,0.08333333333333333,94.59345380381039,0.13809263329023413,0.10510383755978932,0,0.0,0.0,0.632768361581921,0.05759367929390204,0.25850734071398584,0.0,0.632768361581921,0.05759367929390204,0.0,0.004160639034868963,0.0,0.0,4.0,181,0,relay_rich_scout_matched_standardized,relay_rich_scout_matched_standardized,180,0.15,0.22,12,0.9166666666666666,0.9166666666666666,0.5,0.6777777777777778,0.3723062123171176,1.0,73.55673141688409,0,1
3967218557,relay_rich_scout_matched_standardized,scout_belief,crowd_vector,degraded,degraded,full_delivery,1,56,43,1,56,11,10,2,1,0.08333333333333333,0.08333333333333333,57.60814554497243,0.08876447695681422,0.06400905060552492,0,0.0,0.0,0.6803118908382066,0.052243192313527496,0.22260131242731235,0.0,0.6803118908382066,0.052243192313527496,0.0,0.0026882715066216746,0.0,0.0,5.192982456140351,181,0,relay_rich_scout_matched_standardized,relay_rich_scout_matched_standardized,180,0.15,0.22,12,0.8333333333333334,0.9166666666666666,0.5,0.6888888888888889,0.5965251047417535,1.0,74.87357368860678,0,1
1339047784,relay_rich_scout_matched_standardized,scout_belief,crowd_vector,degraded,degraded,full_delivery,1,56,44,1,56,12,11,2,1,0.0,0.0,67.92392969747576,0.09930399078578327,0.07547103299719528,0,0.0,0.0,0.5984405458089669,0.05806971023942836,0.26241061007548916,0.0,0.5984405458089669,0.05806971023942836,0.0,0.002631194823050267,0.0,0.0,4.0,181,0,relay_rich_scout_matched_standardized,relay_rich_scout_matched_standardized,180,0.15,0.22,12,0.9166666666666666,1.0,0.5,0.6888888888888889,0.5486182237009851,1.0,77.70287735403602,1,0
2843716521,relay_rich_scout_matched_standardized,scout_belief,crowd_vector,degraded,degraded,full_delivery,1,57,44,1,57,12,12,2,2,0.0,0.0,96.01985708673998,0.13795956477979882,0.10668873009637775,10,0.0,0.0,0.6436781609195404,0.05466479107948923,0.2527097726121227,0.0,0.6436781609195404,0.05466479107948923,0.0,0.003847616715388991,0.0,0.0,4.0,181,0,relay_rich_scout_matched_standardized,relay_rich_scout_matched_standardized,180,0.15,0.22,12,1.0,1.0,1.0,0.6833333333333333,0.37291106918273265,0.5,81.1540883018916,1,1
2982770348,relay_rich_scout_matched_standardized,scout_belief,crowd_vector,degraded,degraded,full_delivery,1,57,45,1,57,12,11,2,1,0.0,0.0,96.15716969603238,0.1381568530115408,0.10684129966225821,8,0.0,0.0,0.6436781609195401,0.05660378826487431,0.24589498690855205,0.0,0.6436781609195401,0.05660378826487431,0.0,0.004780179018812093,0.0,0.0,4.0,181,0,relay_rich_scout_matched_standardized,relay_rich_scout_matched_standardized,180,0.15,0.22,12,0.9166666666666666,1.0,0.5,0.6833333333333333,0.37201430449299644,0.6,71.14153359623528,1,0
688150074,relay_rich_scout_matched_standardized,scout_belief,crowd_vector,degraded,degraded,full_delivery,1,52,44,1,52,12,11,2,1,0.0,0.0,60.393027808235345,0.09495759089345181,0.0671033642313726,0,0.0,0.0,0.649895178197065,0.05318132199753501,0.2338090012674058,0.0,0.649895178197065,0.05318132199753501,0.0,0.0028367683039378336,0.0,0.0,4.0,181,0,relay_rich_scout_matched_standardized,relay_rich_scout_matched_standardized,180,0.15,0.22,12,0.9166666666666666,1.0,0.5,0.7111111111111111,0.5683745868479464,1.0,78.33502199364902,1,0
358456131,relay_rich_scout_matched_standardized,scout_belief,crowd_vector,degraded,degraded,full_delivery,1,55,44,1,55,12,11,2,1,0.0,0.0,60.02706131518691,0.08932598409998052,0.06669673479465213,0,0.0,0.0,0.6309523809523808,0.052680967869820496,0.24298558025332304,0.0,0.6309523809523808,0.052680967869820496,0.0,0.002928859175070669,0.0,0.0,4.0,181,0,relay_rich_scout_matched_standardized,relay_rich_scout_matched_standardized,180,0.15,0.22,12,0.9166666666666666,1.0,0.5,0.6944444444444444,0.593972799545543,1.0,78.4267303047487,1,0
3888264940,relay_rich_scout_matched_standardized,scout_belief,crowd_vector,degraded,degraded,full_delivery,1,55,45,1,55,11,11,2,1,0.08333333333333333,0.08333333333333333,78.86858210020449,0.11967918376358799,0.0876317578891161,7,0.0,0.0,0.6547619047619048,0.05471427545573522,0.2524805003339524,0.0,0.6547619047619048,0.05471427545573522,0.0,0.002597181768918704,0.0,0.0,4.0,181,0,relay_rich_scout_matched_standardized,relay_rich_scout_matched_standardized,180,0.15,0.22,12,0.9166666666666666,0.9166666666666666,0.5,0.6944444444444444,0.4560037101655091,0.65,71.49516305342823,0,1
3175749000,relay_rich_scout_matched_standardized,scout_belief,crowd_vector,degraded,degraded,full_delivery,1,56,44,1,56,10,11,2,2,0.16666666666666666,0.16666666666666666,75.90114610125187,0.11878113630868838,0.08433460677916874,0,0.0,0.0,0.5945419103313839,0.06150105663871373,0.27195718129552104,0.0,0.5945419103313839,0.06150105663871373,0.0,0.0027738107196184775,0.0,0.0,4.982456140350878,181,0,relay_rich_scout_matched_standardized,relay_rich_scout_matched_standardized,180,0.15,0.22,12,0.9166666666666666,0.8333333333333334,1.0,0.6888888888888889,0.46008574405141645,1.0,82.46342263894203,0,1
4205147536,relay_rich_scout_matched_standardized,scout_belief,crowd_vector,degraded,degraded,full_delivery,1,57,44,1,57,12,11,2,1,0.0,0.0,61.592260236207316,0.08849462677615993,0.06843584470689702,0,0.0,0.0,0.6455938697318008,0.05052097013789354,0.23365808540672378,0.0,0.6455938697318008,0.05052097013789354,0.0,0.0031544747391156116,0.0,0.0,4.0,181,0,relay_rich_scout_matched_standardized,relay_rich_scout_matched_standardized,180,0.15,0.22,12,0.9166666666666666,1.0,0.5,0.6833333333333333,0.5977516964720002,1.0,78.30185708394133,1,0
1744135725,relay_rich_scout_matched_standardized,scout_belief,crowd_vector,degraded,degraded,full_delivery,1,57,45,1,57,12,11,2,1,0.0,0.0,73.78989314875693,0.10601996142062778,0.08198877016528548,0,0.0,0.0,0.6340996168582376,0.05455891089109193,0.24748088184208925,0.0,0.6340996168582376,0.05455891089109193,0.0,0.002841830586069176,0.0,0.0,4.0,181,0,relay_rich_scout_matched_standardized,relay_rich_scout_matched_standardized,180,0.15,0.22,12,0.9166666666666666,1.0,0.5,0.6833333333333333,0.5180910844516919,1.0,77.18660851565701,1,0
1507363103,relay_rich_scout_matched_standardized,delayed,autonomous,severe,severe,full_delivery,1,56,45,1,56,12,11,2,1,0.0,0.0,79.21798263476622,0.11581576408591553,0.08801998070529579,9,0.0,0.0,0.0,0.0,0.0,0.0,0.0,0.0,0.0,0.0006847340471269141,0.0,0.0,8.0,181,0,relay_rich_scout_matched_standardized,relay_rich_scout_matched_standardized,180,0.15,0.22,12,0.9166666666666666,1.0,0.5,0.6888888888888889,0.47356470870038403,0.55,72.1521281440276,1,0
716174247,relay_rich_scout_matched_standardized,delayed,autonomous,severe,severe,full_delivery,1,54,45,1,54,10,9,2,1,0.16666666666666666,0.16666666666666666,86.82329281956206,0.14117608588546676,0.09647032535506896,0,0.0,0.0,0.0,0.0,0.0,0.0,0.0,0.0,0.0,0.0014046394259016259,0.0,0.0,9.018181818181818,181,0,relay_rich_scout_matched_standardized,relay_rich_scout_matched_standardized,180,0.15,0.22,12,0.75,0.8333333333333334,0.5,0.7,0.3582905187024238,1.0,68.21606726183393,0,1
1106833285,relay_rich_scout_matched_standardized,delayed,autonomous,severe,severe,full_delivery,1,55,45,1,55,12,11,2,1,0.0,0.0,111.44972022659401,0.16584779795624108,0.12383302247399335,14,0.0,0.0,0.0,0.0,0.0,0.0,0.0,0.0,0.0,0.0019213736747543304,0.0,0.0,8.0,181,0,relay_rich_scout_matched_standardized,relay_rich_scout_matched_standardized,180,0.15,0.22,12,0.9166666666666666,1.0,0.5,0.6944444444444444,0.24614637292617692,0.30000000000000004,66.55716033207759,0,1
3515426234,relay_rich_scout_matched_standardized,delayed,autonomous,severe,severe,full_delivery,1,55,44,1,55,10,9,2,1,0.16666666666666666,0.16666666666666666,71.22378214844753,0.11414067651994796,0.07913753572049725,8,0.0,0.0,0.0,0.0,0.0,0.0,0.0,0.0,0.0,0.0007983660238483985,0.0,0.0,9.785714285714286,181,0,relay_rich_scout_matched_standardized,relay_rich_scout_matched_standardized,180,0.15,0.22,12,0.75,0.8333333333333334,0.5,0.6944444444444444,0.4811787430911456,0.6,65.84761351438715,0,1
2278653062,relay_rich_scout_matched_standardized,delayed,autonomous,severe,severe,full_delivery,0,180,46,0,180,7,10,2,2,0.4166666666666667,0.4166666666666667,102.6718539573722,0.07041965292000837,0.1128581798133461,14,0.0,0.0,0.0,0.0,0.0,0.0,0.0,0.0,0.0,0.0029077254872367513,0.0,0.0,14.555555555555555,181,1,relay_rich_scout_matched_standardized,relay_rich_scout_matched_standardized,180,0.15,0.22,12,0.8333333333333334,0.5833333333333334,1.0,0.0,0.6799106685454165,0.30000000000000004,61.01874935963584,0,1
2333898867,relay_rich_scout_matched_standardized,delayed,autonomous,severe,severe,full_delivery,1,56,43,1,56,11,11,2,1,0.08333333333333333,0.08333333333333333,79.17660541246717,0.11695214979684958,0.08797400601385241,9,0.0,0.0,0.0,0.0,0.0,0.0,0.0,0.0,0.0,0.0006348027747840449,0.0,0.0,8.0,181,0,relay_rich_scout_matched_standardized,relay_rich_scout_matched_standardized,180,0.15,0.22,12,0.9166666666666666,0.9166666666666666,0.5,0.6888888888888889,0.46839931910522925,0.55,70.57981268969542,0,1
1990387300,relay_rich_scout_matched_standardized,delayed,autonomous,severe,severe,full_delivery,1,56,44,1,56,11,11,2,1,0.08333333333333333,0.08333333333333333,94.23275066289068,0.14127848675096055,0.10470305629210075,10,0.0,0.0,0.0,0.0,0.0,0.0,0.0,0.0,0.0,0.0015304115666194536,0.0,0.0,8.0,181,0,relay_rich_scout_matched_standardized,relay_rich_scout_matched_standardized,180,0.15,0.22,12,0.9166666666666666,0.9166666666666666,0.5,0.6888888888888889,0.3578250602229066,0.5,68.5317730653429,0,1
828190559,relay_rich_scout_matched_standardized,delayed,autonomous,severe,severe,full_delivery,1,57,44,1,57,11,11,2,1,0.08333333333333333,0.08333333333333333,104.32620513285771,0.15547869617415455,0.11591800570317523,12,0.0,0.0,0.0,0.0,0.0,0.0,0.0,0.0,0.0,0.0012625257775825513,0.0,0.0,8.0,181,0,relay_rich_scout_matched_standardized,relay_rich_scout_matched_standardized,180,0.15,0.22,12,0.9166666666666666,0.9166666666666666,0.5,0.6833333333333333,0.293278653753843,0.4,66.53923448588714,0,1
945071410,relay_rich_scout_matched_standardized,delayed,autonomous,severe,severe,full_delivery,1,55,44,1,55,10,10,2,1,0.16666666666666666,0.16666666666666666,66.49073198843891,0.10900119998104739,0.07387859109826546,8,0.0,0.0,0.0,0.0,0.0,0.0,0.0,0.0,0.0,0.0016105765766073995,0.0,0.0,11.857142857142858,181,0,relay_rich_scout_matched_standardized,relay_rich_scout_matched_standardized,180,0.15,0.22,12,0.8333333333333334,0.8333333333333334,0.5,0.6944444444444444,0.5045400000861482,0.6,68.17467111231718,0,1
4078295337,relay_rich_scout_matched_standardized,delayed,autonomous,severe,severe,full_delivery,1,56,44,1,56,11,11,2,1,0.08333333333333333,0.08333333333333333,67.61262217189119,0.10275474494208388,0.07512513574654577,0,0.0,0.0,0.0,0.0,0.0,0.0,0.0,0.0,0.0,8.509549786633941e-05,0.0,0.0,8.0,181,0,relay_rich_scout_matched_standardized,relay_rich_scout_matched_standardized,180,0.15,0.22,12,0.9166666666666666,0.9166666666666666,0.5,0.6888888888888889,0.5329329775359823,1.0,75.98328390772596,0,1
4040420950,relay_rich_scout_matched_standardized,delayed,autonomous,severe,severe,full_delivery,1,57,45,1,57,10,10,2,1,0.16666666666666666,0.16666666666666666,110.3721337838964,0.16597313350961865,0.12263570420432933,15,0.0,0.0,0.0,0.0,0.0,0.0,0.0,0.0,0.0,0.002060933792698344,0.0,0.0,8.344827586206897,181,0,relay_rich_scout_matched_standardized,relay_rich_scout_matched_standardized,180,0.15,0.22,12,0.8333333333333334,0.8333333333333334,0.5,0.6833333333333333,0.24557666586536975,0.25,60.871406655448524,0,1
302534418,relay_rich_scout_matched_standardized,delayed,autonomous,severe,severe,full_delivery,1,55,45,1,55,11,10,2,1,0.08333333333333333,0.08333333333333333,103.0648161629682,0.1610387752546378,0.114516462403298,14,0.0,0.0,0.0,0.0,0.0,0.0,0.0,0.0,0.0,0.0029200698133781296,0.0,0.0,10.214285714285714,181,0,relay_rich_scout_matched_standardized,relay_rich_scout_matched_standardized,180,0.15,0.22,12,0.8333333333333334,0.9166666666666666,0.5,0.6944444444444444,0.2680055670243736,0.30000000000000004,63.36318904945235,0,1
648897268,relay_rich_scout_matched_standardized,delayed,autonomous,severe,severe,full_delivery,1,55,45,1,55,10,9,2,1,0.16666666666666666,0.16666666666666666,80.11243940514656,0.13419169079589038,0.08901382156127395,10,0.0,0.0,0.0,0.0,0.0,0.0,0.0,0.0,0.0,0.0002965465729614615,0.0,0.0,8.0,181,0,relay_rich_scout_matched_standardized,relay_rich_scout_matched_standardized,180,0.15,0.22,12,0.75,0.8333333333333334,0.5,0.6944444444444444,0.3900377691095892,0.5,63.57163987864536,0,1
1108596816,relay_rich_scout_matched_standardized,delayed,autonomous,severe,severe,full_delivery,1,56,43,1,56,12,11,2,1,0.0,0.0,74.00042166795288,0.1081877509765393,0.08222269074216987,8,0.0,0.0,0.0,0.0,0.0,0.0,0.0,0.0,0.0,0.0007203469460784568,0.0,0.0,8.0,181,0,relay_rich_scout_matched_standardized,relay_rich_scout_matched_standardized,180,0.15,0.22,12,0.9166666666666666,1.0,0.5,0.6888888888888889,0.508237495561185,0.6,73.13754716007881,1,0
135651962,relay_rich_scout_matched_standardized,delayed,autonomous,severe,severe,full_delivery,1,56,43,1,56,12,11,2,1,0.0,0.0,70.59142045220433,0.10320383107047416,0.07843491161356037,7,0.0,0.0,0.0,0.0,0.0,0.0,0.0,0.0,0.0,0.00010729451903531379,0.0,0.0,8.0,181,0,relay_rich_scout_matched_standardized,relay_rich_scout_matched_standardized,180,0.15,0.22,12,0.9166666666666666,1.0,0.5,0.6888888888888889,0.5308916769523901,0.65,73.95470569955569,1,0
3158577109,relay_rich_scout_matched_standardized,delayed,autonomous,severe,severe,full_delivery,1,55,44,1,55,12,11,2,1,0.0,0.0,99.97343719042509,0.14876999581908495,0.1110815968782501,11,0.0,0.0,0.0,0.0,0.0,0.0,0.0,0.0,0.0,0.000275078056032087,0.0,0.0,8.0,181,0,relay_rich_scout_matched_standardized,relay_rich_scout_matched_standardized,180,0.15,0.22,12,0.9166666666666666,1.0,0.5,0.6944444444444444,0.32377274627688657,0.44999999999999996,69.14392955898751,0,1
1013114438,relay_rich_scout_matched_standardized,delayed,autonomous,severe,severe,full_delivery,1,57,44,1,57,9,9,2,1,0.25,0.25,86.08698463564747,0.13083128364080163,0.09565220515071941,0,0.0,0.0,0.0,0.0,0.0,0.0,0.0,0.0,0.0,0.0013251215067971143,0.0,0.0,10.068965517241379,181,0,relay_rich_scout_matched_standardized,relay_rich_scout_matched_standardized,180,0.15,0.22,12,0.75,0.75,0.5,0.6833333333333333,0.4053123470872654,1.0,67.10770619255506,0,1
3351393377,relay_rich_scout_matched_standardized,delayed,autonomous,severe,severe,full_delivery,1,59,45,1,59,10,10,2,1,0.16666666666666666,0.16666666666666666,70.14656081859675,0.11046702491117599,0.07794062313177418,0,0.0,0.0,0.0,0.0,0.0,0.0,0.0,0.0,0.0,0.0004648500268579334,0.0,0.0,8.0,181,0,relay_rich_scout_matched_standardized,relay_rich_scout_matched_standardized,180,0.15,0.22,12,0.8333333333333334,0.8333333333333334,0.5,0.6722222222222223,0.4978771594946546,1.0,71.72583578848072,0,1
2856338151,relay_rich_scout_matched_standardized,delayed,autonomous,severe,severe,full_delivery,1,52,45,1,52,11,10,2,1,0.08333333333333333,0.08333333333333333,71.22354945668113,0.1197034444650103,0.07913727717409014,8,0.0,0.0,0.0,0.0,0.0,0.0,0.0,0.0,0.0,0.0007206376463307195,0.0,0.0,8.0,181,0,relay_rich_scout_matched_standardized,relay_rich_scout_matched_standardized,180,0.15,0.22,12,0.8333333333333334,0.9166666666666666,0.5,0.7111111111111111,0.4558934342499532,0.6,69.26028585727713,0,1
4252686321,relay_rich_scout_matched_standardized,delayed,autonomous,severe,severe,full_delivery,1,59,45,1,59,10,10,2,2,0.16666666666666666,0.16666666666666666,66.70678402690278,0.10639040514657541,0.07411864891878087,0,0.007407407407407407,0.1111111111111111,0.0,0.0,0.0,0.0,0.0,0.0,0.0,0.00016905664809733066,0.0,0.0,8.0,181,0,relay_rich_scout_matched_standardized,relay_rich_scout_matched_standardized,180,0.15,0.22,12,0.8333333333333334,0.8333333333333334,1.0,0.6722222222222223,0.5164072493337482,1.0,80.98525704622804,0,1
1736875666,relay_rich_scout_matched_standardized,delayed,autonomous,severe,severe,full_delivery,1,56,45,1,56,9,9,2,1,0.25,0.25,65.08528258613654,0.10883826519420826,0.07231698065126282,8,0.0,0.0,0.0,0.0,0.0,0.0,0.0,0.0,0.0,0.0006796640151805312,0.0,0.0,12.771929824561404,181,0,relay_rich_scout_matched_standardized,relay_rich_scout_matched_standardized,180,0.15,0.22,12,0.75,0.75,0.5,0.6888888888888889,0.5052806127535988,0.6,64.5961508007726,0,1
2372145416,relay_rich_scout_matched_standardized,delayed,autonomous,severe,severe,full_delivery,1,57,46,1,57,10,10,2,1,0.16666666666666666,0.16666666666666666,99.1470835232697,0.15395509863861756,0.11016342613696634,14,0.0,0.0,0.0,0.0,0.0,0.0,0.0,0.0,0.0,0.001451400132701601,0.0,0.0,11.448275862068966,181,0,relay_rich_scout_matched_standardized,relay_rich_scout_matched_standardized,180,0.15,0.22,12,0.8333333333333334,0.8333333333333334,0.5,0.6833333333333333,0.30020409709719287,0.30000000000000004,62.13619069269405,0,1
1638677844,relay_rich_scout_matched_standardized,delayed,autonomous,severe,severe,full_delivery,1,59,46,1,59,9,9,2,2,0.25,0.25,101.29241859540953,0.16078161681811037,0.11254713177267725,14,0.0,0.0,0.0,0.0,0.0,0.0,0.0,0.0,0.0,0.0036089239966442285,0.0,0.0,10.6,181,0,relay_rich_scout_matched_standardized,relay_rich_scout_matched_standardized,180,0.15,0.22,12,0.75,0.75,1.0,0.6722222222222223,0.2691744690085892,0.30000000000000004,67.0239981216758,0,1
1399550262,relay_rich_scout_matched_standardized,delayed,autonomous,severe,severe,full_delivery,1,55,45,1,55,12,11,2,1,0.0,0.0,106.35133165081157,0.15826091019466007,0.11816814627867953,12,0.0,0.0,0.0,0.0,0.0,0.0,0.0,0.0,0.0,0.0004671646695395932,0.0,0.0,8.0,181,0,relay_rich_scout_matched_standardized,relay_rich_scout_matched_standardized,180,0.15,0.22,12,0.9166666666666666,1.0,0.5,0.6944444444444444,0.28063222638790875,0.4,68.03996228054183,0,1
1534821814,relay_rich_scout_matched_standardized,delayed,autonomous,severe,severe,full_delivery,1,57,44,1,57,11,11,2,1,0.08333333333333333,0.08333333333333333,68.90371605817924,0.10073642698564217,0.07655968450908805,0,0.0,0.0,0.0,0.0,0.0,0.0,0.0,0.0,0.0,0.00021567917706890777,0.0,0.0,8.758620689655173,181,0,relay_rich_scout_matched_standardized,relay_rich_scout_matched_standardized,180,0.15,0.22,12,0.9166666666666666,0.9166666666666666,0.5,0.6833333333333333,0.5421071500652629,1.0,76.022833434247,0,1
3422386491,relay_rich_scout_matched_standardized,delayed,autonomous,severe,severe,full_delivery,1,53,44,1,53,11,10,2,1,0.08333333333333333,0.08333333333333333,68.22672432418227,0.11428262030851302,0.07580747147131363,9,0.0,0.0,0.0,0.0,0.0,0.0,0.0,0.0,0.0,0.0019502590532428665,0.0,0.0,11.703703703703704,181,0,relay_rich_scout_matched_standardized,relay_rich_scout_matched_standardized,180,0.15,0.22,12,0.8333333333333334,0.9166666666666666,0.5,0.7055555555555555,0.4805335440522135,0.55,69.01635850561988,0,1
2658631709,relay_rich_scout_matched_standardized,delayed,autonomous,severe,severe,full_delivery,1,56,45,1,56,11,10,2,1,0.08333333333333333,0.08333333333333333,93.59023726751414,0.14398498041156021,0.10398915251946016,12,0.0,0.0,0.0,0.0,0.0,0.0,0.0,0.0,0.0,0.001824858004498782,0.0,0.0,8.0,181,0,relay_rich_scout_matched_standardized,relay_rich_scout_matched_standardized,180,0.15,0.22,12,0.8333333333333334,0.9166666666666666,0.5,0.6888888888888889,0.34552281631108994,0.4,65.35954165057748,0,1
895632646,relay_rich_scout_matched_standardized,delayed,autonomous,severe,severe,full_delivery,1,55,44,1,55,12,11,2,1,0.0,0.0,72.94926851835906,0.10855545910470099,0.08105474279817673,8,0.0,0.0,0.0,0.0,0.0,0.0,0.0,0.0,0.0,0.000701844646066629,0.0,0.0,8.0,181,0,relay_rich_scout_matched_standardized,relay_rich_scout_matched_standardized,180,0.15,0.22,12,0.9166666666666666,1.0,0.5,0.6944444444444444,0.5065660949786319,0.6,73.20303644081194,1,0
2582084628,relay_rich_scout_matched_standardized,delayed,autonomous,severe,severe,full_delivery,1,57,45,1,57,11,11,2,1,0.08333333333333333,0.08333333333333333,104.82650017426995,0.1528083092919387,0.11647388908252217,12,0.0,0.0,0.0,0.0,0.0,0.0,0.0,0.0,0.0,0.0004696453439796163,0.0,0.0,8.0,181,0,relay_rich_scout_matched_standardized,relay_rich_scout_matched_standardized,180,0.15,0.22,12,0.9166666666666666,0.9166666666666666,0.5,0.6833333333333333,0.30541677594573324,0.4,66.7091681965736,0,1
319927696,relay_rich_scout_matched_standardized,delayed,autonomous,severe,severe,full_delivery,1,56,45,1,56,12,12,2,2,0.0,0.0,99.05244770399453,0.14481352003507972,0.11005827522666059,11,0.0,0.0,0.0,0.0,0.0,0.0,0.0,0.0,0.0,0.00027445558278803756,0.0,0.0,8.0,181,0,relay_rich_scout_matched_standardized,relay_rich_scout_matched_standardized,180,0.15,0.22,12,1.0,1.0,1.0,0.6888888888888889,0.341756727113274,0.44999999999999996,80.30681640180805,0,1
646416937,relay_rich_scout_matched_standardized,delayed,autonomous,severe,severe,full_delivery,1,56,45,1,56,10,9,2,1,0.16666666666666666,0.16666666666666666,69.92822256792181,0.11370442693971025,0.07769802507546868,9,0.0,0.0,0.0,0.0,0.0,0.0,0.0,0.0,0.0,0.0025192903232062872,0.0,0.0,12.701754385964913,181,0,relay_rich_scout_matched_standardized,relay_rich_scout_matched_standardized,180,0.15,0.22,12,0.75,0.8333333333333334,0.5,0.6888888888888889,0.4831616957285898,0.55,65.28648596242249,0,1
296628249,relay_rich_scout_matched_standardized,delayed,autonomous,severe,severe,full_delivery,1,55,44,1,55,11,10,2,1,0.08333333333333333,0.08333333333333333,93.06938736855302,0.14474243758717423,0.10341043040950336,10,0.0,0.0,0.0,0.0,0.0,0.0,0.0,0.0,0.0,0.0014429204487257567,0.0,0.0,8.0,181,0,relay_rich_scout_matched_standardized,relay_rich_scout_matched_standardized,180,0.15,0.22,12,0.8333333333333334,0.9166666666666666,0.5,0.6944444444444444,0.3420798291492081,0.5,66.40022871920003,0,1
2585052256,relay_rich_scout_matched_standardized,delayed,crowd_vector,severe,severe,full_delivery,1,56,44,1,56,11,11,2,1,0.08333333333333333,0.08333333333333333,63.076180424958125,0.09556997034084565,0.07008464491662014,0,0.0,0.0,0.53411306042885,0.0952072805719645,0.33869445939945414,0.0,0.53411306042885,0.0952072805719645,0.0,0.0006926713391319086,0.0,0.0,8.0,181,0,relay_rich_scout_matched_standardized,relay_rich_scout_matched_standardized,180,0.15,0.22,12,0.9166666666666666,0.9166666666666666,0.5,0.6888888888888889,0.5655910439052471,1.0,76.44049683689566,0,1
3668408530,relay_rich_scout_matched_standardized,delayed,crowd_vector,severe,severe,full_delivery,1,55,45,1,55,11,11,2,2,0.08333333333333333,0.08333333333333333,55.12666631383103,0.08877079921711921,0.061251851459812254,0,0.0,0.0,0.5615079365079365,0.08027601231028532,0.30739975659920055,0.0,0.5615079365079365,0.08027601231028532,0.0,0.0007160566917841707,0.0,0.0,8.0,181,0,relay_rich_scout_matched_standardized,relay_rich_scout_matched_standardized,180,0.15,0.22,12,0.9166666666666666,0.9166666666666666,1.0,0.6944444444444444,0.5964963671949126,1.0,85.96206025183989,0,1
2804646715,relay_rich_scout_matched_standardized,delayed,crowd_vector,severe,severe,full_delivery,1,58,45,1,58,12,11,2,1,0.0,0.0,95.84073641342495,0.13536827177037422,0.10648970712602772,0,0.0,0.0,0.5649717514124294,0.08349155460888018,0.31127078709768974,0.0,0.5649717514124294,0.08349155460888018,0.0,0.0018080745407577593,0.0,0.0,8.0,181,0,relay_rich_scout_matched_standardized,relay_rich_scout_matched_standardized,180,0.15,0.22,12,0.9166666666666666,1.0,0.5,0.6777777777777778,0.38468967377102625,1.0,75.2300998772388,1,0
3412843304,relay_rich_scout_matched_standardized,delayed,crowd_vector,severe,severe,full_delivery,1,57,45,1,57,12,12,2,2,0.0,0.0,88.7977254583589,0.12758293887695243,0.09866413939817656,0,0.0,0.0,0.5766283524904215,0.0793730793787753,0.2972319437706956,0.0,0.5766283524904215,0.0793730793787753,0.0,0.0003555613755482023,0.0,0.0,8.0,181,0,relay_rich_scout_matched_standardized,relay_rich_scout_matched_standardized,180,0.15,0.22,12,1.0,1.0,1.0,0.6833333333333333,0.42007755055930707,1.0,86.81441904116363,1,0
1657328533,relay_rich_scout_matched_standardized,delayed,crowd_vector,severe,severe,full_delivery,1,53,44,1,53,10,9,2,1,0.16666666666666666,0.16666666666666666,68.4026181245685,0.11324936775590812,0.07600290902729834,0,0.0,0.0,0.5987654320987652,0.06009244190751966,0.26114883783902476,0.0,0.5987654320987652,0.06009244190751966,0.0,0.00024095567513802223,0.0,0.0,9.481481481481481,181,0,relay_rich_scout_matched_standardized,relay_rich_scout_matched_standardized,180,0.15,0.22,12,0.75,0.8333333333333334,0.5,0.7055555555555555,0.48523014656405405,1.0,70.08211094078565,0,1
611459584,relay_rich_scout_matched_standardized,delayed,crowd_vector,severe,severe,full_delivery,1,55,44,1,55,10,10,2,1,0.16666666666666666,0.16666666666666666,67.0212548564528,0.10604628932983037,0.07446806095161422,0,0.0,0.0,0.5595238095238095,0.08521321959988325,0.315666220047373,0.0,0.5595238095238095,0.08521321959988325,0.0,0.00016649800288738117,0.0,0.0,9.642857142857142,181,0,relay_rich_scout_matched_standardized,relay_rich_scout_matched_standardized,180,0.15,0.22,12,0.8333333333333334,0.8333333333333334,0.5,0.6944444444444444,0.5179714121371346,1.0,72.36271088103099,0,1
1642927613,relay_rich_scout_matched_standardized,delayed,crowd_vector,severe,severe,full_delivery,1,56,44,1,56,10,10,2,1,0.16666666666666666,0.16666666666666666,57.09098664083463,0.08906550177977321,0.06343442960092736,0,0.0,0.0,0.5594541910331383,0.08687503520215555,0.3156770192629414,0.0,0.5594541910331383,0.08687503520215555,0.0,0.001699535827742818,0.0,0.0,10.87719298245614,181,0,relay_rich_scout_matched_standardized,relay_rich_scout_matched_standardized,180,0.15,0.22,12,0.8333333333333334,0.8333333333333334,0.5,0.6888888888888889,0.59515681009194,1.0,73.35441756350939,0,1
2806998583,relay_rich_scout_matched_standardized,delayed,crowd_vector,severe,severe,full_delivery,1,57,44,1,57,10,10,2,2,0.16666666666666666,0.16666666666666666,73.06224628136361,0.11597181949422795,0.08118027364595957,9,0.0,0.0,0.5498084291187739,0.07974847255625071,0.31598189774399016,0.0,0.5498084291187739,0.07974847255625071,0.0,0.00046669135512993087,0.0,0.0,8.0,181,0,relay_rich_scout_matched_standardized,relay_rich_scout_matched_standardized,180,0.15,0.22,12,0.8333333333333334,0.8333333333333334,1.0,0.6833333333333333,0.4728553659353275,0.55,76.05330845642793,0,1
3469366770,relay_rich_scout_matched_standardized,delayed,crowd_vector,severe,severe,full_delivery,1,56,45,1,56,11,10,2,1,0.08333333333333333,0.08333333333333333,59.21925042869348,0.09124691899644603,0.06579916714299275,0,0.0,0.0,0.557504873294347,0.07822563807124597,0.3060001749154102,0.0,0.557504873294347,0.07822563807124597,0.0,0.0008337521720228608,0.0,0.0,8.0,181,0,relay_rich_scout_matched_standardized,relay_rich_scout_matched_standardized,180,0.15,0.22,12,0.8333333333333334,0.9166666666666666,0.5,0.6888888888888889,0.5852412772888816,1.0,74.71560010426657,0,1
1915354957,relay_rich_scout_matched_standardized,delayed,crowd_vector,severe,severe,full_delivery,1,54,44,1,54,11,10,2,1,0.08333333333333333,0.08333333333333333,61.505344620710474,0.10000869044017963,0.06833927180078941,7,0.0,0.0,0.5737373737373735,0.08453607123556475,0.3130804259994939,0.0,0.5737373737373735,0.08453607123556475,0.0,0.00011948328842838685,0.0,0.0,8.0,181,0,relay_rich_scout_matched_standardized,relay_rich_scout_matched_standardized,180,0.15,0.22,12,0.8333333333333334,0.9166666666666666,0.5,0.7,0.545415043453729,0.65,70.8358106083522,0,1
201284931,relay_rich_scout_matched_standardized,delayed,crowd_vector,severe,severe,full_delivery,1,58,45,1,58,10,9,2,1,0.16666666666666666,0.16666666666666666,71.24461731990738,0.11028578532493402,0.0791606859110082,0,0.0,0.0,0.5329566854990584,0.08478592228910402,0.3253708287005887,0.0,0.5329566854990584,0.08478592228910402,0.0,0.0008744109696425952,0.0,0.0,12.067796610169491,181,0,relay_rich_scout_matched_standardized,relay_rich_scout_matched_standardized,180,0.15,0.22,12,0.75,0.8333333333333334,0.5,0.6777777777777778,0.49870097579575445,1.0,69.82625810558501,0,1
288081390,relay_rich_scout_matched_standardized,delayed,crowd_vector,severe,severe,full_delivery,1,56,46,1,56,11,10,2,1,0.08333333333333333,0.08333333333333333,60.12117200158207,0.09192839755593589,0.06680130222398008,0,0.0,0.0,0.5497076023391813,0.0871711906823421,0.3233722967377759,0.0,0.5497076023391813,0.0871711906823421,0.0,0.0006520050942613892,0.0,0.0,8.0,181,0,relay_rich_scout_matched_standardized,relay_rich_scout_matched_standardized,180,0.15,0.22,12,0.8333333333333334,0.9166666666666666,0.5,0.6888888888888889,0.5821436474730186,1.0,74.67223328684449,0,1
3565758136,relay_rich_scout_matched_standardized,delayed,crowd_vector,severe,severe,full_delivery,1,57,45,1,57,11,10,2,1,0.08333333333333333,0.08333333333333333,77.12730182367306,0.11920757623442514,0.08569700202630341,9,0.0,0.0,0.574712643678161,0.07837829773484732,0.29695544037553395,0.0,0.574712643678161,0.07837829773484732,0.0,0.00026628962695643524,0.0,0.0,8.0,181,0,relay_rich_scout_matched_standardized,relay_rich_scout_matched_standardized,180,0.15,0.22,12,0.8333333333333334,0.9166666666666666,0.5,0.6833333333333333,0.45814738075261296,0.55,68.34739666386992,0,1
1445862152,relay_rich_scout_matched_standardized,delayed,crowd_vector,severe,severe,full_delivery,1,56,45,1,56,9,9,2,1,0.25,0.25,71.02787922503661,0.11897467206873805,0.07891986580559623,9,0.0,0.0,0.5555555555555555,0.07778184202547792,0.3120592823884461,0.0,0.5555555555555555,0.07778184202547792,0.0,0.0006656574792878811,0.0,0.0,10.456140350877194,181,0,relay_rich_scout_matched_standardized,relay_rich_scout_matched_standardized,180,0.15,0.22,12,0.75,0.75,0.5,0.6888888888888889,0.4592060360511907,0.55,63.4511067269389,0,1
3293845171,relay_rich_scout_matched_standardized,delayed,crowd_vector,severe,severe,full_delivery,1,58,43,1,58,11,10,2,1,0.08333333333333333,0.08333333333333333,61.57962864722757,0.08976622251782444,0.06842180960803064,0,0.0,0.0,0.5630885122410546,0.08207532692249711,0.3149986003046782,0.0,0.5630885122410546,0.08207532692249711,0.0,0.0008666773901167601,0.0,0.0,9.423728813559322,181,0,relay_rich_scout_matched_standardized,relay_rich_scout_matched_standardized,180,0.15,0.22,12,0.8333333333333334,0.9166666666666666,0.5,0.6777777777777778,0.5919717158280707,1.0,74.63204846603743,0,1
2930281652,relay_rich_scout_matched_standardized,delayed,crowd_vector,severe,severe,full_delivery,1,55,44,1,55,11,12,2,2,0.08333333333333333,0.08333333333333333,73.74468084164963,0.11006668782335766,0.08193853426849958,0,0.0,0.0,0.5357142857142857,0.09045990725121185,0.3325108055221599,0.0,0.5357142857142857,0.09045990725121185,0.0,0.0004125690114558181,0.0,0.0,8.0,181,0,relay_rich_scout_matched_standardized,relay_rich_scout_matched_standardized,180,0.15,0.22,12,1.0,0.9166666666666666,1.0,0.6944444444444444,0.49969687353019243,1.0,86.60686734053381,0,1
782281895,relay_rich_scout_matched_standardized,delayed,crowd_vector,severe,severe,full_delivery,1,54,44,1,54,11,10,2,1,0.08333333333333333,0.08333333333333333,55.09378576531279,0.0907640622163308,0.06121531751701421,0,0.0,0.0,0.5414141414141415,0.08304788042642604,0.32078111632196626,0.0,0.5414141414141415,0.08304788042642604,0.0,0.0007187728379370171,0.0,0.0,8.0,181,0,relay_rich_scout_matched_standardized,relay_rich_scout_matched_standardized,180,0.15,0.22,12,0.8333333333333334,0.9166666666666666,0.5,0.7,0.58743608083486,1.0,74.92410513168804,0,1
1867528349,relay_rich_scout_matched_standardized,delayed,crowd_vector,severe,severe,full_delivery,1,54,44,1,54,11,11,2,1,0.08333333333333333,0.08333333333333333,61.09846158381778,0.09271390225162031,0.06788717953757531,0,0.0,0.0,0.5131313131313131,0.10094174996625456,0.3446957879026695,0.0,0.5131313131313131,0.10094174996625456,0.0,0.0004230239505234696,0.0,0.0,8.0,181,0,relay_rich_scout_matched_standardized,relay_rich_scout_matched_standardized,180,0.15,0.22,12,0.9166666666666666,0.9166666666666666,0.5,0.7,0.578573171583544,1.0,76.80002440216961,0,1
2651298068,relay_rich_scout_matched_standardized,delayed,crowd_vector,severe,severe,full_delivery,1,56,45,1,56,11,11,2,2,0.08333333333333333,0.08333333333333333,90.9500960535195,0.14345441017905283,0.10105566228168833,12,0.0,0.0,0.580896686159844,0.07537377822610813,0.2987945265556397,0.0,0.580896686159844,0.07537377822610813,0.0,0.0016467217889841118,0.0,0.0,8.0,181,0,relay_rich_scout_matched_standardized,relay_rich_scout_matched_standardized,180,0.15,0.22,12,0.9166666666666666,0.9166666666666666,1.0,0.6888888888888889,0.3479344991861235,0.4,76.39330521082795,0,1
1288653247,relay_rich_scout_matched_standardized,delayed,crowd_vector,severe,severe,full_delivery,1,56,44,1,56,11,10,2,1,0.08333333333333333,0.08333333333333333,84.89380805058356,0.12746818025613146,0.09432645338953728,0,0.0,0.0,0.5321637426900585,0.08359449101472993,0.3136121676857087,0.0,0.5321637426900585,0.08359449101472993,0.0,0.0016639510641727046,0.0,0.0,9.192982456140351,181,0,relay_rich_scout_matched_standardized,relay_rich_scout_matched_standardized,180,0.15,0.22,12,0.8333333333333334,0.9166666666666666,0.5,0.6888888888888889,0.42059918065394786,1.0,72.4106107513775,0,1
1894009396,relay_rich_scout_matched_standardized,delayed,crowd_vector,severe,severe,full_delivery,1,56,45,1,56,10,10,2,1,0.16666666666666666,0.16666666666666666,81.66684671088778,0.12860920741872092,0.09074094078987531,0,0.0,0.0,0.5458089668615985,0.08490161934630286,0.3233119277408493,0.0,0.5458089668615985,0.08490161934630286,0.0,0.0017967653166975706,0.0,0.0,10.105263157894736,181,0,relay_rich_scout_matched_standardized,relay_rich_scout_matched_standardized,180,0.15,0.22,12,0.8333333333333334,0.8333333333333334,0.5,0.6888888888888889,0.41541269355126853,1.0,70.83799993193999,0,1
1892584069,relay_rich_scout_matched_standardized,delayed,crowd_vector,severe,severe,full_delivery,1,56,44,1,56,12,11,2,1,0.0,0.0,59.671997633907914,0.08723976262267238,0.06630221959323102,0,0.0,0.0,0.5614035087719298,0.08100756702851959,0.3029978242332776,0.0,0.5614035087719298,0.08100756702851959,0.0,0.0006830191559102128,0.0,0.0,8.0,181,0,relay_rich_scout_matched_standardized,relay_rich_scout_matched_standardized,180,0.15,0.22,12,0.9166666666666666,1.0,0.5,0.6888888888888889,0.6034556244423983,1.0,78.4706009644158,1,0
3715843926,relay_rich_scout_matched_standardized,delayed,crowd_vector,severe,severe,full_delivery,1,56,44,1,56,10,10,2,1,0.16666666666666666,0.16666666666666666,59.875823669168156,0.09268703354360396,0.06652869296574239,0,0.0,0.0,0.5964912280701754,0.07024246285864501,0.2791599397371037,0.0,0.5964912280701754,0.07024246285864501,0.0,0.0006705833317081565,0.0,0.0,8.701754385964913,181,0,relay_rich_scout_matched_standardized,relay_rich_scout_matched_standardized,180,0.15,0.22,12,0.8333333333333334,0.8333333333333334,0.5,0.6888888888888889,0.5786953020745275,1.0,73.12395645126561,0,1
1715329867,relay_rich_scout_matched_standardized,delayed,crowd_vector,severe,severe,full_delivery,1,56,43,1,56,11,11,2,1,0.08333333333333333,0.08333333333333333,56.74340096174487,0.08663114650648071,0.06304822329082763,0,0.0,0.0,0.5399610136452241,0.08383804733701919,0.31217566392883994,0.0,0.5399610136452241,0.08383804733701919,0.0,0.0006234225481919453,0.0,0.0,8.0,181,0,relay_rich_scout_matched_standardized,relay_rich_scout_matched_standardized,180,0.15,0.22,12,0.9166666666666666,0.9166666666666666,0.5,0.6888888888888889,0.6062220613341787,1.0,77.00933108090071,0,1
3937283087,relay_rich_scout_matched_standardized,delayed,crowd_vector,severe,severe,full_delivery,1,55,43,1,55,12,11,2,1,0.0,0.0,73.87480434625103,0.10993274456287355,0.08208311594027892,0,0.0,0.0,0.5456349206349207,0.08743086252468438,0.32885910453783856,0.0,0.5456349206349207,0.08743086252468438,0.0,0.0005252883109534978,0.0,0.0,8.0,181,0,relay_rich_scout_matched_standardized,relay_rich_scout_matched_standardized,180,0.15,0.22,12,0.9166666666666666,1.0,0.5,0.6944444444444444,0.5003057065323929,1.0,77.1153910025646,1,0
2125049781,relay_rich_scout_matched_standardized,delayed,crowd_vector,severe,severe,full_delivery,1,56,45,1,56,11,11,2,2,0.08333333333333333,0.08333333333333333,93.27636441326813,0.14090085258801832,0.10364040490363124,0,0.0,0.0,0.5536062378167642,0.08110969104358419,0.3141131485306645,0.0,0.5536062378167642,0.08110969104358419,0.0,0.0019621332272947395,0.0,0.0,9.473684210526315,181,0,relay_rich_scout_matched_standardized,relay_rich_scout_matched_standardized,180,0.15,0.22,12,0.9166666666666666,0.9166666666666666,1.0,0.6888888888888889,0.3595415791453712,1.0,82.55580433025742,0,1
4125104911,relay_rich_scout_matched_standardized,delayed,crowd_vector,severe,severe,full_delivery,1,58,45,1,58,12,12,2,2,0.0,0.0,69.53369728262177,0.09821143683986126,0.07725966364735752,0,0.0,0.0,0.5386064030131826,0.08413556840443537,0.31629977934579845,0.0,0.5386064030131826,0.08413556840443537,0.0,0.00014417068378634666,0.0,0.0,8.0,181,0,relay_rich_scout_matched_standardized,relay_rich_scout_matched_standardized,180,0.15,0.22,12,1.0,1.0,1.0,0.6777777777777778,0.5535843780006307,1.0,88.59462573645327,1,0
1812783136,relay_rich_scout_matched_standardized,delayed,crowd_vector,severe,severe,full_delivery,1,55,45,1,55,12,11,2,1,0.0,0.0,96.01429733718851,0.14287841865653053,0.10668255259687612,10,0.0,0.0,0.5833333333333333,0.07602412154185033,0.29500718198796333,0.0,0.5833333333333333,0.07602412154185033,0.0,0.0017366492865083505,0.0,0.0,8.0,181,0,relay_rich_scout_matched_standardized,relay_rich_scout_matched_standardized,180,0.15,0.22,12,0.9166666666666666,1.0,0.5,0.6944444444444444,0.3505526424703158,0.5,70.01884810569553,1,1
1406638082,relay_rich_scout_matched_standardized,delayed,crowd_vector,severe,severe,full_delivery,0,180,46,0,180,7,9,2,2,0.4166666666666667,0.3333333333333333,51.45942509776685,0.03505410429003191,0.055622881279071945,0,0.0,0.0,0.5277777777777778,0.08025838395968696,0.30568368914683147,0.5338345864661654,0.5437037037037037,0.11063727256803278,0.04,0.0020936622137871226,0.0,0.0,17.022222222222222,181,1,relay_rich_scout_matched_standardized,relay_rich_scout_matched_standardized,180,0.15,0.22,12,0.75,0.5833333333333334,1.0,0.0,0.8406631623180367,1.0,68.26928427245251,0,1
2238875183,relay_rich_scout_matched_standardized,delayed,crowd_vector,severe,severe,full_delivery,1,56,44,1,56,11,10,2,1,0.08333333333333333,0.08333333333333333,57.12312929685683,0.08911564632894982,0.06347014366317426,0,0.0,0.0,0.5224171539961013,0.09210033170427423,0.3302911245596165,0.0,0.5224171539961013,0.09210033170427423,0.0,0.0008671156214581202,0.0,0.0,10.947368421052632,181,0,relay_rich_scout_matched_standardized,relay_rich_scout_matched_standardized,180,0.15,0.22,12,0.8333333333333334,0.9166666666666666,0.5,0.6888888888888889,0.5949288803229553,1.0,74.8512265467436,0,1
3378960435,relay_rich_scout_matched_standardized,delayed,crowd_vector,severe,severe,full_delivery,1,55,45,1,55,9,9,2,1,0.25,0.25,88.77144396808676,0.14894537578538047,0.09863493774231862,11,0.0,0.0,0.5793650793650793,0.07222623293649533,0.2930969948012028,0.0,0.5793650793650793,0.07222623293649533,0.0,0.001175023724151048,0.0,0.0,9.071428571428571,181,0,relay_rich_scout_matched_standardized,relay_rich_scout_matched_standardized,180,0.15,0.22,12,0.75,0.75,0.5,0.6944444444444444,0.3229755646119069,0.44999999999999996,60.63276901567782,0,1
3989320658,relay_rich_scout_matched_standardized,delayed,crowd_vector,severe,severe,full_delivery,1,56,44,1,56,10,9,2,1,0.16666666666666666,0.16666666666666666,86.77277086011553,0.14178557330084238,0.09641418984457281,8,0.0,0.0,0.5828460038986355,0.07484332803861536,0.2922854473997427,0.0,0.5828460038986355,0.07484332803861536,0.0,0.0023672495889164482,0.0,0.0,12.912280701754385,181,0,relay_rich_scout_matched_standardized,relay_rich_scout_matched_standardized,180,0.15,0.22,12,0.75,0.8333333333333334,0.5,0.6888888888888889,0.3555201213598074,0.6,63.999503921259524,0,1
1157161253,relay_rich_scout_matched_standardized,scout_belief,autonomous,severe,severe,full_delivery,1,57,45,1,57,11,10,2,1,0.08333333333333333,0.08333333333333333,78.17687524054087,0.11935400800082575,0.08686319471171207,9,0.0,0.0,0.0,0.0,0.0,0.0,0.0,0.0,0.0,0.002988778567907468,0.0,0.0,8.0,181,0,relay_rich_scout_matched_standardized,relay_rich_scout_matched_standardized,180,0.15,0.22,12,0.8333333333333334,0.9166666666666666,0.5,0.6833333333333333,0.45748178181442845,0.55,68.33807827873534,0,1
1378651562,relay_rich_scout_matched_standardized,scout_belief,autonomous,severe,severe,full_delivery,1,55,44,1,55,10,10,2,1,0.16666666666666666,0.16666666666666666,62.360826389782154,0.0986721936547186,0.06928980709975795,0,0.0,0.0,0.0,0.0,0.0,0.0,0.0,0.0,0.0,0.002494161619242231,0.0,0.0,10.071428571428571,181,0,relay_rich_scout_matched_standardized,relay_rich_scout_matched_standardized,180,0.15,0.22,12,0.8333333333333334,0.8333333333333334,0.5,0.6944444444444444,0.5514900288421882,1.0,72.83197151490174,0,1
496266025,relay_rich_scout_matched_standardized,scout_belief,autonomous,severe,severe,full_delivery,1,56,46,1,56,10,9,2,1,0.16666666666666666,0.16666666666666666,93.67966797163847,0.1535732261830139,0.10408851996848718,14,0.0,0.0,0.0,0.0,0.0,0.0,0.0,0.0,0.0,0.002257656116452361,0.0,0.0,9.333333333333334,181,0,relay_rich_scout_matched_standardized,relay_rich_scout_matched_standardized,180,0.15,0.22,12,0.75,0.8333333333333334,0.5,0.6888888888888889,0.30193988098630054,0.30000000000000004,60.24938055603044,0,1
1214270475,relay_rich_scout_matched_standardized,scout_belief,autonomous,severe,severe,full_delivery,1,57,44,1,57,11,11,2,1,0.08333333333333333,0.08333333333333333,75.65883023885134,0.11258754499829068,0.08406536693205705,8,0.0,0.0,0.0,0.0,0.0,0.0,0.0,0.0,0.0,0.002569921564942428,0.0,0.0,8.0,181,0,relay_rich_scout_matched_standardized,relay_rich_scout_matched_standardized,180,0.15,0.22,12,0.9166666666666666,0.9166666666666666,0.5,0.6833333333333333,0.4882384318259514,0.6,71.26867137889666,0,1
2794080762,relay_rich_scout_matched_standardized,scout_belief,autonomous,severe,severe,full_delivery,1,55,44,1,55,10,9,2,1,0.16666666666666666,0.16666666666666666,66.15525504355166,0.11007529957329727,0.07350583893727962,0,0.0,0.0,0.0,0.0,0.0,0.0,0.0,0.0,0.0,0.002960793670698611,0.0,0.0,11.642857142857142,181,0,relay_rich_scout_matched_standardized,relay_rich_scout_matched_standardized,180,0.15,0.22,12,0.75,0.8333333333333334,0.5,0.6944444444444444,0.49965772921228513,1.0,70.1063193200831,0,1
526038452,relay_rich_scout_matched_standardized,scout_belief,autonomous,severe,severe,full_delivery,1,53,44,1,53,9,9,2,1,0.25,0.25,57.36554340473852,0.10207392064900092,0.06373949267193169,0,0.0,0.0,0.0,0.0,0.0,0.0,0.0,0.0,0.0,0.0038852692176523486,0.0,0.0,8.0,181,0,relay_rich_scout_matched_standardized,relay_rich_scout_matched_standardized,180,0.15,0.22,12,0.75,0.75,0.5,0.7055555555555555,0.5360276334136322,1.0,69.29327575667975,0,1
3409198502,relay_rich_scout_matched_standardized,scout_belief,autonomous,severe,severe,full_delivery,1,58,46,1,58,9,10,2,2,0.25,0.25,80.18929730029039,0.1285084892632859,0.08909921922254488,8,0.0,0.0,0.0,0.0,0.0,0.0,0.0,0.0,0.0,0.0034661389150419278,0.0,0.0,10.372881355932204,181,0,relay_rich_scout_matched_standardized,relay_rich_scout_matched_standardized,180,0.15,0.22,12,0.8333333333333334,0.75,1.0,0.6777777777777778,0.41587050334870046,0.6,74.16663149132626,0,1
1004093709,relay_rich_scout_matched_standardized,scout_belief,autonomous,severe,severe,full_delivery,1,56,43,1,56,11,12,2,2,0.08333333333333333,0.08333333333333333,62.530223388291546,0.09236369776704807,0.06947802598699061,0,0.0,0.0,0.0,0.0,0.0,0.0,0.0,0.0,0.0,0.0021544723009563524,0.0,0.0,8.0,181,0,relay_rich_scout_matched_standardized,relay_rich_scout_matched_standardized,180,0.15,0.22,12,1.0,0.9166666666666666,1.0,0.6888888888888889,0.5801650101497815,1.0,87.64453236431916,0,1
4226820640,relay_rich_scout_matched_standardized,scout_belief,autonomous,severe,severe,full_delivery,1,56,45,1,56,11,10,2,1,0.08333333333333333,0.08333333333333333,97.81267768498334,0.15403571288973755,0.10868075298331482,13,0.0,0.0,0.0,0.0,0.0,0.0,0.0,0.0,0.0,0.002842510455261012,0.0,0.0,11.368421052631579,181,0,relay_rich_scout_matched_standardized,relay_rich_scout_matched_standardized,180,0.15,0.22,12,0.8333333333333334,0.9166666666666666,0.5,0.6888888888888889,0.2998376686830111,0.35,64.21994958378438,0,1
243757612,relay_rich_scout_matched_standardized,scout_belief,autonomous,severe,severe,full_delivery,1,56,44,1,56,11,10,2,1,0.08333333333333333,0.08333333333333333,74.56822119732483,0.11384461251499975,0.0828535791081387,7,0.0,0.0,0.0,0.0,0.0,0.0,0.0,0.0,0.0,0.0031634356050663395,0.0,0.0,8.0,181,0,relay_rich_scout_matched_standardized,relay_rich_scout_matched_standardized,180,0.15,0.22,12,0.8333333333333334,0.9166666666666666,0.5,0.6888888888888889,0.482524488568183,0.65,69.77756506217678,0,1
622344478,relay_rich_scout_matched_standardized,scout_belief,autonomous,severe,severe,full_delivery,1,57,45,1,57,12,11,2,1,0.0,0.0,100.31063523180124,0.1441244759077604,0.11145626136866804,11,0.0,0.0,0.0,0.0,0.0,0.0,0.0,0.0,0.0,0.0033102954563251313,0.0,0.0,8.0,181,0,relay_rich_scout_matched_standardized,relay_rich_scout_matched_standardized,180,0.15,0.22,12,0.9166666666666666,1.0,0.5,0.6833333333333333,0.34488874587381635,0.44999999999999996,69.26177577556676,0,1
666842160,relay_rich_scout_matched_standardized,scout_belief,autonomous,severe,severe,full_delivery,1,56,46,1,56,9,9,2,2,0.25,0.25,86.65355649966729,0.14991964792329981,0.09628172944407476,14,0.0,0.0,0.0,0.0,0.0,0.0,0.0,0.0,0.0,0.003053559508862756,0.0,0.0,9.052631578947368,181,0,relay_rich_scout_matched_standardized,relay_rich_scout_matched_standardized,180,0.15,0.22,12,0.75,0.75,1.0,0.6888888888888889,0.31854705489409174,0.30000000000000004,67.98188099073951,0,1
1622430903,relay_rich_scout_matched_standardized,scout_belief,autonomous,severe,severe,full_delivery,1,54,45,1,54,10,10,2,1,0.16666666666666666,0.16666666666666666,72.36811751477492,0.11961672316491723,0.08040901946086103,10,0.0,0.0,0.0,0.0,0.0,0.0,0.0,0.0,0.0,0.00275218845464832,0.0,0.0,8.0,181,0,relay_rich_scout_matched_standardized,relay_rich_scout_matched_standardized,180,0.15,0.22,12,0.8333333333333334,0.8333333333333334,0.5,0.7,0.45628762197764894,0.5,66.58802670768709,0,1
1596662247,relay_rich_scout_matched_standardized,scout_belief,autonomous,severe,severe,full_delivery,1,53,45,1,53,12,11,2,1,0.0,0.0,61.167937510492465,0.09439496529396985,0.06796437501165829,0,0.0,0.0,0.0,0.0,0.0,0.0,0.0,0.0,0.0,0.0027351698110065314,0.0,0.0,8.0,181,0,relay_rich_scout_matched_standardized,relay_rich_scout_matched_standardized,180,0.15,0.22,12,0.9166666666666666,1.0,0.5,0.7055555555555555,0.5709319759365007,1.0,78.28193655199989,1,0
1627527358,relay_rich_scout_matched_standardized,scout_belief,autonomous,severe,severe,full_delivery,1,56,44,1,56,11,11,2,1,0.08333333333333333,0.08333333333333333,63.08023077928356,0.09249300700774715,0.07008914531031507,0,0.0,0.0,0.0,0.0,0.0,0.0,0.0,0.0,0.0,0.002499884855743774,0.0,0.0,8.070175438596491,181,0,relay_rich_scout_matched_standardized,relay_rich_scout_matched_standardized,180,0.15,0.22,12,0.9166666666666666,0.9166666666666666,0.5,0.6888888888888889,0.5795772408738766,1.0,76.63630359445648,0,1
3410525384,relay_rich_scout_matched_standardized,scout_belief,autonomous,severe,severe,full_delivery,1,57,44,1,57,12,11,2,1,0.0,0.0,88.14011914394929,0.12663810221831795,0.09793346571549921,0,0.0,0.0,0.0,0.0,0.0,0.0,0.0,0.0,0.0,0.0032765179856307086,0.0,0.0,8.0,181,0,relay_rich_scout_matched_standardized,relay_rich_scout_matched_standardized,180,0.15,0.22,12,0.9166666666666666,1.0,0.5,0.6833333333333333,0.4243722626440093,1.0,75.87454501034946,1,0
1095551870,relay_rich_scout_matched_standardized,scout_belief,autonomous,severe,severe,full_delivery,1,55,44,1,55,11,10,2,1,0.08333333333333333,0.08333333333333333,59.97835512926879,0.09627344322515055,0.06664261681029866,0,0.0,0.0,0.0,0.0,0.0,0.0,0.0,0.0,0.0,0.0025017363343860545,0.0,0.0,11.428571428571429,181,0,relay_rich_scout_matched_standardized,relay_rich_scout_matched_standardized,180,0.15,0.22,12,0.8333333333333334,0.9166666666666666,0.5,0.6944444444444444,0.5623934398856794,1.0,74.48461926951062,0,1
2222701857,relay_rich_scout_matched_standardized,scout_belief,autonomous,severe,severe,full_delivery,1,54,44,1,54,12,11,2,1,0.0,0.0,66.1483352915117,0.1002247504416844,0.07349815032390189,8,0.0,0.0,0.0,0.0,0.0,0.0,0.0,0.0,0.0,0.002615421416341029,0.0,0.0,8.0,181,0,relay_rich_scout_matched_standardized,relay_rich_scout_matched_standardized,180,0.15,0.22,12,0.9166666666666666,1.0,0.5,0.7,0.5444329525377982,0.6,73.82206133552916,1,0
142710371,relay_rich_scout_matched_standardized,scout_belief,autonomous,severe,severe,full_delivery,1,55,44,1,55,11,11,2,1,0.08333333333333333,0.08333333333333333,71.5883471386046,0.10732885627976703,0.07954260793178289,0,0.0,0.0,0.0,0.0,0.0,0.0,0.0,0.0,0.0,0.0022499341617061466,0.0,0.0,8.0,181,0,relay_rich_scout_matched_standardized,relay_rich_scout_matched_standardized,180,0.15,0.22,12,0.9166666666666666,0.9166666666666666,0.5,0.6944444444444444,0.5121415623646953,1.0,75.78109298421684,0,1
676925112,relay_rich_scout_matched_standardized,scout_belief,autonomous,severe,severe,full_delivery,1,59,47,1,59,11,11,2,2,0.08333333333333333,0.08333333333333333,105.46333926313183,0.15418616851335062,0.11718148807014647,15,0.0,0.0,0.0,0.0,0.0,0.0,0.0,0.0,0.0,0.0024029405816485623,0.0,0.0,8.0,181,0,relay_rich_scout_matched_standardized,relay_rich_scout_matched_standardized,180,0.15,0.22,12,0.9166666666666666,0.9166666666666666,1.0,0.6722222222222223,0.29915377948476984,0.25,73.94370846834234,0,1
1348336730,relay_rich_scout_matched_standardized,scout_belief,autonomous,severe,severe,full_delivery,1,54,45,1,54,12,11,2,1,0.0,0.0,90.54992015197507,0.13719684871511376,0.10061102239108341,10,0.0,0.0,0.0,0.0,0.0,0.0,0.0,0.0,0.0,0.0022715605261991565,0.0,0.0,8.0,181,0,relay_rich_scout_matched_standardized,relay_rich_scout_matched_standardized,180,0.15,0.22,12,0.9166666666666666,1.0,0.5,0.7,0.3763779603858466,0.5,70.46929144540184,1,1
2704531482,relay_rich_scout_matched_standardized,scout_belief,autonomous,severe,severe,full_delivery,1,56,45,1,56,12,11,2,1,0.0,0.0,72.63399890196712,0.10619005687422094,0.08070444322440791,0,0.0,0.0,0.0,0.0,0.0,0.0,0.0,0.0,0.0,0.0023574346341610286,0.0,0.0,8.0,181,0,relay_rich_scout_matched_standardized,relay_rich_scout_matched_standardized,180,0.15,0.22,12,0.9166666666666666,1.0,0.5,0.6888888888888889,0.5173179232989957,1.0,77.26467314840816,1,0
987188416,relay_rich_scout_matched_standardized,scout_belief,autonomous,severe,severe,full_delivery,1,56,45,1,56,11,10,2,1,0.08333333333333333,0.08333333333333333,63.8597770687734,0.10009369446516206,0.07095530785419267,0,0.0,0.0,0.0,0.0,0.0,0.0,0.0,0.0,0.0,0.0029972343821675087,0.0,0.0,11.157894736842104,181,0,relay_rich_scout_matched_standardized,relay_rich_scout_matched_standardized,180,0.15,0.22,12,0.8333333333333334,0.9166666666666666,0.5,0.6888888888888889,0.5450286615219906,1.0,74.1526234835301,0,1
1129455744,relay_rich_scout_matched_standardized,scout_belief,autonomous,severe,severe,full_delivery,1,57,46,1,57,11,10,2,1,0.08333333333333333,0.08333333333333333,102.2394880594107,0.15146590823616402,0.113599431177123,13,0.0,0.0,0.0,0.0,0.0,0.0,0.0,0.0,0.0,0.0038490481086473328,0.0,0.0,9.379310344827585,181,0,relay_rich_scout_matched_standardized,relay_rich_scout_matched_standardized,180,0.15,0.22,12,0.8333333333333334,0.9166666666666666,0.5,0.6833333333333333,0.3115185989265272,0.35,64.29459371830471,0,1
1571530057,relay_rich_scout_matched_standardized,scout_belief,autonomous,severe,severe,full_delivery,1,56,44,1,56,10,9,2,1,0.16666666666666666,0.16666666666666666,62.34462096402187,0.09911704445790441,0.06927180107113541,0,0.0,0.0,0.0,0.0,0.0,0.0,0.0,0.0,0.0,0.0030471611310081722,0.0,0.0,9.263157894736842,181,0,relay_rich_scout_matched_standardized,relay_rich_scout_matched_standardized,180,0.15,0.22,12,0.75,0.8333333333333334,0.5,0.6888888888888889,0.5494679797367981,1.0,70.7147739385374,0,1
2187933532,relay_rich_scout_matched_standardized,scout_belief,autonomous,severe,severe,full_delivery,1,55,45,1,55,11,10,2,1,0.08333333333333333,0.08333333333333333,101.62980292178734,0.15929436194637514,0.11292200324643038,12,0.0,0.0,0.0,0.0,0.0,0.0,0.0,0.0,0.0,0.002413184892801522,0.0,0.0,8.0,181,0,relay_rich_scout_matched_standardized,relay_rich_scout_matched_standardized,180,0.15,0.22,12,0.8333333333333334,0.9166666666666666,0.5,0.6944444444444444,0.2759347184255675,0.4,64.47419716906906,0,1
800656889,relay_rich_scout_matched_standardized,scout_belief,autonomous,severe,severe,full_delivery,1,57,45,1,57,11,11,2,2,0.08333333333333333,0.08333333333333333,77.33743885490759,0.12046330039705232,0.085930487616564,10,0.0,0.0,0.0,0.0,0.0,0.0,0.0,0.0,0.0,0.0024881787958377453,0.0,0.0,11.655172413793103,181,0,relay_rich_scout_matched_standardized,relay_rich_scout_matched_standardized,180,0.15,0.22,12,0.9166666666666666,0.9166666666666666,1.0,0.6833333333333333,0.45243954364976224,0.5,78.76748694443,0,1
4045650368,relay_rich_scout_matched_standardized,scout_belief,autonomous,severe,severe,full_delivery,1,54,45,1,54,10,9,2,1,0.16666666666666666,0.16666666666666666,65.6561792747249,0.10816503999130957,0.0729513103052499,6,0.0,0.0,0.0,0.0,0.0,0.0,0.0,0.0,0.0,0.002321890203713865,0.0,0.0,8.0,181,0,relay_rich_scout_matched_standardized,relay_rich_scout_matched_standardized,180,0.15,0.22,12,0.75,0.8333333333333334,0.5,0.7,0.5083407273122292,0.7,67.31677018237122,0,1
3615734390,relay_rich_scout_matched_standardized,scout_belief,autonomous,severe,severe,full_delivery,1,55,46,1,55,10,9,2,1,0.16666666666666666,0.16666666666666666,55.1282481323574,0.09620985712453298,0.061253609035952665,0,0.0,0.0,0.0,0.0,0.0,0.0,0.0,0.0,0.0,0.0029178543571480413,0.0,0.0,11.285714285714286,181,0,relay_rich_scout_matched_standardized,relay_rich_scout_matched_standardized,180,0.15,0.22,12,0.75,0.8333333333333334,0.5,0.6944444444444444,0.5626824676157591,1.0,70.98866565773173,0,1
3160044233,relay_rich_scout_matched_standardized,scout_belief,autonomous,severe,severe,full_delivery,1,56,45,1,56,11,11,2,2,0.08333333333333333,0.08333333333333333,68.10918842337578,0.10675421382974261,0.07567687602597309,8,0.0,0.0,0.0,0.0,0.0,0.0,0.0,0.0,0.0,0.002404540254162663,0.0,0.0,11.157894736842104,181,0,relay_rich_scout_matched_standardized,relay_rich_scout_matched_standardized,180,0.15,0.22,12,0.9166666666666666,0.9166666666666666,1.0,0.6888888888888889,0.5147535735011699,0.6,80.7287722512386,0,1
467664637,relay_rich_scout_matched_standardized,scout_belief,autonomous,severe,severe,full_delivery,1,55,45,1,55,12,11,2,1,0.0,0.0,86.73987132361488,0.129077189469665,0.09637763480401654,10,0.0,0.0,0.0,0.0,0.0,0.0,0.0,0.0,0.0,0.0027476581183612423,0.0,0.0,8.0,181,0,relay_rich_scout_matched_standardized,relay_rich_scout_matched_standardized,180,0.15,0.22,12,0.9166666666666666,1.0,0.5,0.6944444444444444,0.41328550241061357,0.5,70.8971081448597,1,1
2099901469,relay_rich_scout_matched_standardized,scout_belief,autonomous,severe,severe,full_delivery,1,57,45,1,57,11,11,2,2,0.08333333333333333,0.08333333333333333,95.27960064714355,0.14772031108084271,0.10586622294127061,13,0.0,0.0,0.0,0.0,0.0,0.0,0.0,0.0,0.0,0.002456566285359829,0.0,0.0,11.448275862068966,181,0,relay_rich_scout_matched_standardized,relay_rich_scout_matched_standardized,180,0.15,0.22,12,0.9166666666666666,0.9166666666666666,1.0,0.6833333333333333,0.328544040541624,0.35,75.53294990091605,0,1
1837798471,relay_rich_scout_matched_standardized,scout_belief,crowd_vector,severe,severe,full_delivery,1,57,44,1,57,10,9,2,1,0.16666666666666666,0.16666666666666666,58.07128620321764,0.09504302160919417,0.06452365133690849,0,0.0,0.0,0.5785440613026821,0.07984523461843299,0.3090846107061845,0.0,0.5785440613026821,0.07984523461843299,0.0,0.0032208908670673317,0.0,0.0,13.724137931034482,181,0,relay_rich_scout_matched_standardized,relay_rich_scout_matched_standardized,180,0.15,0.22,12,0.75,0.8333333333333334,0.5,0.6833333333333333,0.5679862654127538,1.0,70.8851410491119,0,1
2504657513,relay_rich_scout_matched_standardized,scout_belief,crowd_vector,severe,severe,full_delivery,1,56,46,1,56,11,10,2,1,0.08333333333333333,0.08333333333333333,84.49752444559756,0.13369861462911006,0.09388613827288618,9,0.0,0.0,0.5536062378167642,0.07689056266413923,0.30705540366748246,0.0,0.5536062378167642,0.07689056266413923,0.0,0.0036048400250880647,0.0,0.0,11.578947368421053,181,0,relay_rich_scout_matched_standardized,relay_rich_scout_matched_standardized,180,0.15,0.22,12,0.8333333333333334,0.9166666666666666,0.5,0.6888888888888889,0.3922790244131361,0.55,67.51412856400614,0,1
39121844,relay_rich_scout_matched_standardized,scout_belief,crowd_vector,severe,severe,full_delivery,1,57,45,1,57,10,10,2,1,0.16666666666666666,0.16666666666666666,60.69738879427379,0.09238567548595707,0.06744154310474866,0,0.0,0.0,0.553639846743295,0.07812905713764004,0.3088136457262321,0.0,0.553639846743295,0.07812905713764004,0.0,0.003025187279005396,0.0,0.0,9.379310344827585,181,0,relay_rich_scout_matched_standardized,relay_rich_scout_matched_standardized,180,0.15,0.22,12,0.8333333333333334,0.8333333333333334,0.5,0.6833333333333333,0.5800651114274679,1.0,73.0542448933179,0,1
1864585916,relay_rich_scout_matched_standardized,scout_belief,crowd_vector,severe,severe,full_delivery,1,58,45,1,58,11,11,2,1,0.08333333333333333,0.08333333333333333,87.18373713044343,0.12437052372388507,0.09687081903382604,0,0.0,0.0,0.559322033898305,0.08848309559093508,0.32852367733122273,0.0,0.559322033898305,0.08848309559093508,0.0,0.003548353061839936,0.0,0.0,8.0,181,0,relay_rich_scout_matched_standardized,relay_rich_scout_matched_standardized,180,0.15,0.22,12,0.9166666666666666,0.9166666666666666,0.5,0.6777777777777778,0.4346794376187042,1.0,74.4299565711063,0,1
1080569571,relay_rich_scout_matched_standardized,scout_belief,crowd_vector,severe,severe,full_delivery,1,55,45,1,55,11,10,2,1,0.08333333333333333,0.08333333333333333,77.82109088305393,0.12065285408225415,0.0864678787589488,0,0.0,0.0,0.5257936507936508,0.09129419426072606,0.3483557331229971,0.0,0.5257936507936508,0.09129419426072606,0.0,0.0029802547832576197,0.0,0.0,9.857142857142858,181,0,relay_rich_scout_matched_standardized,relay_rich_scout_matched_standardized,180,0.15,0.22,12,0.8333333333333334,0.9166666666666666,0.5,0.6944444444444444,0.4515779359897538,1.0,72.93320221496766,0,1
2612106698,relay_rich_scout_matched_standardized,scout_belief,crowd_vector,severe,severe,full_delivery,1,55,45,1,55,11,10,2,1,0.08333333333333333,0.08333333333333333,92.50304514749419,0.1487187221020807,0.10278116127499355,11,0.0,0.0,0.5476190476190476,0.08632741622029258,0.32094557077354097,0.0,0.5476190476190476,0.08632741622029258,0.0,0.003691179146853789,0.0,0.0,11.5,181,0,relay_rich_scout_matched_standardized,relay_rich_scout_matched_standardized,180,0.15,0.22,12,0.8333333333333334,0.9166666666666666,0.5,0.6944444444444444,0.32400580862690587,0.44999999999999996,65.6471924318878,0,1
71271767,relay_rich_scout_matched_standardized,scout_belief,crowd_vector,severe,severe,full_delivery,1,55,44,1,55,10,11,2,1,0.16666666666666666,0.16666666666666666,77.98723227721032,0.11816247314728837,0.08665248030801147,0,0.0,0.0,0.5615079365079365,0.08014376713164205,0.31252268493652907,0.0,0.5615079365079365,0.08014376713164205,0.0,0.0034832959523656364,0.0,0.0,8.642857142857142,181,0,relay_rich_scout_matched_standardized,relay_rich_scout_matched_standardized,180,0.15,0.22,12,0.9166666666666666,0.8333333333333334,0.5,0.6944444444444444,0.4628978493305075,1.0,73.59168100173822,0,1
2498297814,relay_rich_scout_matched_standardized,scout_belief,crowd_vector,severe,severe,full_delivery,1,57,44,1,57,11,10,2,1,0.08333333333333333,0.08333333333333333,87.3382784356158,0.1362531644861401,0.09704253159512867,0,0.0,0.0,0.5785440613026819,0.07383980076528308,0.29043547328930136,0.0,0.5785440613026819,0.07383980076528308,0.0,0.004510716617331934,0.0,0.0,11.724137931034482,181,0,relay_rich_scout_matched_standardized,relay_rich_scout_matched_standardized,180,0.15,0.22,12,0.8333333333333334,0.9166666666666666,0.5,0.6833333333333333,0.3806674341539086,1.0,71.76267741148806,0,1
815537746,relay_rich_scout_matched_standardized,scout_belief,crowd_vector,severe,severe,full_delivery,1,58,44,1,58,12,11,2,1,0.0,0.0,60.38113343464649,0.08528408677209956,0.06709014826071832,0,0.0,0.0,0.5706214689265536,0.0836998912251717,0.31130747137902465,0.0,0.5706214689265536,0.0836998912251717,0.0,0.003289498349069803,0.0,0.0,8.0,181,0,relay_rich_scout_matched_standardized,relay_rich_scout_matched_standardized,180,0.15,0.22,12,0.9166666666666666,1.0,0.5,0.6777777777777778,0.6123450601268201,1.0,78.4172752862199,1,0
218844132,relay_rich_scout_matched_standardized,scout_belief,crowd_vector,severe,severe,full_delivery,1,57,44,1,57,12,12,2,2,0.0,0.0,61.000115542674486,0.08764384417050931,0.0677779061585272,0,0.0,0.0,0.5708812260536398,0.0815983450437864,0.30968799130243546,0.0,0.5708812260536398,0.0815983450437864,0.0,0.0030302914782606295,0.0,0.0,8.0,181,0,relay_rich_scout_matched_standardized,relay_rich_scout_matched_standardized,180,0.15,0.22,12,1.0,1.0,1.0,0.6833333333333333,0.6016188901340486,1.0,89.35599779521002,1,0
1946249491,relay_rich_scout_matched_standardized,scout_belief,crowd_vector,severe,severe,full_delivery,1,56,45,1,56,11,11,2,2,0.08333333333333333,0.08333333333333333,92.24515691889083,0.1401902080834207,0.10249461879876759,9,0.0,0.0,0.5438596491228069,0.08930394891058317,0.330524914948541,0.0,0.5438596491228069,0.08930394891058317,0.0,0.004033486256588721,0.0,0.0,8.0,181,0,relay_rich_scout_matched_standardized,relay_rich_scout_matched_standardized,180,0.15,0.22,12,0.9166666666666666,0.9166666666666666,1.0,0.6888888888888889,0.3627717814389968,0.55,78.10102716236817,0,1
3434776783,relay_rich_scout_matched_standardized,scout_belief,crowd_vector,severe,severe,full_delivery,1,56,45,1,56,10,10,2,1,0.16666666666666666,0.16666666666666666,63.51437513611016,0.09756432432582206,0.0705715279290113,0,0.0,0.0,0.5555555555555556,0.08574446320916819,0.3200012452051046,0.0,0.5555555555555556,0.08574446320916819,0.0,0.0026772063517178524,0.0,0.0,10.175438596491228,181,0,relay_rich_scout_matched_standardized,relay_rich_scout_matched_standardized,180,0.15,0.22,12,0.8333333333333334,0.8333333333333334,0.5,0.6888888888888889,0.5565257985189906,1.0,72.81358340148809,0,1
3505837463,relay_rich_scout_matched_standardized,scout_belief,crowd_vector,severe,severe,full_delivery,1,55,45,1,55,10,10,2,1,0.16666666666666666,0.16666666666666666,57.727899905712015,0.09105346988282652,0.06414211100634669,0,0.0,0.0,0.5555555555555556,0.08584257621095294,0.32033154578284373,0.0,0.5555555555555556,0.08584257621095294,0.0,0.0029345008219416064,0.0,0.0,10.571428571428571,181,0,relay_rich_scout_matched_standardized,relay_rich_scout_matched_standardized,180,0.15,0.22,12,0.8333333333333334,0.8333333333333334,0.5,0.6944444444444444,0.5861205914416976,1.0,73.31679939129488,0,1
1432958030,relay_rich_scout_matched_standardized,scout_belief,crowd_vector,severe,severe,full_delivery,0,180,46,0,180,7,9,2,2,0.4166666666666667,0.3333333333333333,87.67002622623258,0.05767764883304775,0.09600893150170399,13,0.0,0.0,0.532716049382716,0.07924005589264028,0.3077534057169745,0.4744525547445255,0.5377777777777778,0.09389064936129074,0.013333333333333334,0.003260517820882191,0.0,0.0,15.0,181,1,relay_rich_scout_matched_standardized,relay_rich_scout_matched_standardized,180,0.15,0.22,12,0.75,0.5833333333333334,1.0,0.0,0.737828868940692,0.35,60.32960416516969,0,1
645154562,relay_rich_scout_matched_standardized,scout_belief,crowd_vector,severe,severe,full_delivery,1,57,46,1,57,12,12,2,2,0.0,0.0,94.09634998360505,0.13519590514885782,0.1045514999817834,0,0.0,0.0,0.5689655172413793,0.08146648307790459,0.3082327422271521,0.0,0.5689655172413793,0.08146648307790459,0.0,0.003552702097000955,0.0,0.0,8.0,181,0,relay_rich_scout_matched_standardized,relay_rich_scout_matched_standardized,180,0.15,0.22,12,1.0,1.0,1.0,0.6833333333333333,0.38547315841428265,1.0,86.32995755113329,1,0
3248305703,relay_rich_scout_matched_standardized,scout_belief,crowd_vector,severe,severe,full_delivery,1,55,45,1,55,9,9,2,2,0.25,0.25,63.35672970959782,0.10756660392121871,0.07039636634399758,7,0.0,0.0,0.5456349206349207,0.07590573641147406,0.30920887311552325,0.0,0.5456349206349207,0.07590573641147406,0.0,0.003093189352175004,0.0,0.0,11.571428571428571,181,0,relay_rich_scout_matched_standardized,relay_rich_scout_matched_standardized,180,0.15,0.22,12,0.75,0.75,1.0,0.6944444444444444,0.5110608912671877,0.65,74.26596358885173,0,1
3329889086,relay_rich_scout_matched_standardized,scout_belief,crowd_vector,severe,severe,full_delivery,1,55,44,1,55,10,9,2,1,0.16666666666666666,0.16666666666666666,54.11759966715968,0.09049765830628709,0.06013066629684409,6,0.0,0.0,0.5892857142857143,0.08815654407321312,0.3216013881301278,0.0,0.5892857142857143,0.08815654407321312,0.0,0.002980674470431327,0.0,0.0,10.285714285714286,181,0,relay_rich_scout_matched_standardized,relay_rich_scout_matched_standardized,180,0.15,0.22,12,0.75,0.8333333333333334,0.5,0.6944444444444444,0.588647007698695,0.7,68.35216921889284,0,1
3142418289,relay_rich_scout_matched_standardized,scout_belief,crowd_vector,severe,severe,full_delivery,1,57,45,1,57,11,11,2,2,0.08333333333333333,0.08333333333333333,77.9230628013321,0.11933087718427579,0.086581180890369,9,0.0,0.0,0.5421455938697318,0.09078038855956895,0.3242250886450451,0.0,0.5421455938697318,0.09078038855956895,0.0,0.003454103053777822,0.0,0.0,8.0,181,0,relay_rich_scout_matched_standardized,relay_rich_scout_matched_standardized,180,0.15,0.22,12,0.9166666666666666,0.9166666666666666,1.0,0.6833333333333333,0.45758692188965555,0.55,79.33955023978851,0,1
843615771,relay_rich_scout_matched_standardized,scout_belief,crowd_vector,severe,severe,full_delivery,1,57,45,1,57,11,10,2,1,0.08333333333333333,0.08333333333333333,84.21022118482469,0.1291567809583201,0.09356691242758298,9,0.0,0.0,0.5651340996168582,0.07081085808614496,0.29271016736802435,0.0,0.5651340996168582,0.07081085808614496,0.0,0.00387155587268084,0.0,0.0,8.0,181,0,relay_rich_scout_matched_standardized,relay_rich_scout_matched_standardized,180,0.15,0.22,12,0.8333333333333334,0.9166666666666666,0.5,0.6833333333333333,0.41292372291672685,0.55,67.71426545416752,0,1
2582074263,relay_rich_scout_matched_standardized,scout_belief,crowd_vector,severe,severe,full_delivery,1,57,45,1,57,11,11,2,2,0.08333333333333333,0.08333333333333333,63.654500499625215,0.0994601570306644,0.07072722277736135,0,0.0,0.0,0.5517241379310345,0.08729857303591257,0.3204632075414339,0.0,0.5517241379310345,0.08729857303591257,0.0,0.0031673381809210837,0.0,0.0,8.0,181,0,relay_rich_scout_matched_standardized,relay_rich_scout_matched_standardized,180,0.15,0.22,12,0.9166666666666666,0.9166666666666666,1.0,0.6833333333333333,0.5479083771333437,1.0,85.10405061320013,0,1
350674894,relay_rich_scout_matched_standardized,scout_belief,crowd_vector,severe,severe,full_delivery,1,58,45,1,58,12,12,2,2,0.0,0.0,94.21591194522526,0.13307332195653285,0.10468434660580585,0,0.0,0.0,0.5856873822975517,0.07455868991887088,0.2898788162205605,0.0,0.5856873822975517,0.07455868991887088,0.0,0.004142498510982392,0.0,0.0,8.0,181,0,relay_rich_scout_matched_standardized,relay_rich_scout_matched_standardized,180,0.15,0.22,12,1.0,1.0,1.0,0.6777777777777778,0.39512126383394164,1.0,86.37614213811963,1,0
3018996015,relay_rich_scout_matched_standardized,scout_belief,crowd_vector,severe,severe,full_delivery,1,55,45,1,55,12,12,2,2,0.0,0.0,96.79530982567339,0.14404063962153776,0.1075503442507482,9,0.0,0.0,0.5555555555555556,0.08360633343016434,0.3121407525276068,0.0,0.5555555555555556,0.08360633343016434,0.0,0.003810427991298276,0.0,0.0,8.0,181,0,relay_rich_scout_matched_standardized,relay_rich_scout_matched_standardized,180,0.15,0.22,12,1.0,1.0,1.0,0.6944444444444444,0.34526981990210104,0.55,81.44488858974053,1,0
1930052184,relay_rich_scout_matched_standardized,scout_belief,crowd_vector,severe,severe,full_delivery,1,54,43,1,54,11,10,2,1,0.08333333333333333,0.08333333333333333,70.40997425565253,0.11486129568621946,0.0782333047285028,8,0.0,0.0,0.5232323232323232,0.09028768182591237,0.3338855895942656,0.0,0.5232323232323232,0.09028768182591237,0.0,0.0030859720510002363,0.0,0.0,8.0,181,0,relay_rich_scout_matched_standardized,relay_rich_scout_matched_standardized,180,0.15,0.22,12,0.8333333333333334,0.9166666666666666,0.5,0.7,0.4779032014262752,0.6,69.39064481996783,0,1
3618857575,relay_rich_scout_matched_standardized,scout_belief,crowd_vector,severe,severe,full_delivery,1,58,46,1,58,10,9,2,1,0.16666666666666666,0.16666666666666666,80.65958741952664,0.1268232506596331,0.08962176379947405,11,0.0,0.0,0.5291902071563088,0.08623675327481621,0.32716433655579436,0.0,0.5291902071563088,0.08623675327481621,0.0,0.004439948331118373,0.0,0.0,10.23728813559322,181,0,relay_rich_scout_matched_standardized,relay_rich_scout_matched_standardized,180,0.15,0.22,12,0.75,0.8333333333333334,0.5,0.6777777777777778,0.4235306788198495,0.44999999999999996,63.27387394792234,0,1
1179800427,relay_rich_scout_matched_standardized,scout_belief,crowd_vector,severe,severe,full_delivery,1,57,45,1,57,10,9,2,1,0.16666666666666666,0.16666666666666666,82.36521396799623,0.13546910192104641,0.0915169044088847,11,0.0,0.0,0.5689655172413792,0.07809867508124711,0.3060514650146446,0.0,0.5689655172413792,0.07809867508124711,0.0,0.003742197941283911,0.0,0.0,10.206896551724139,181,0,relay_rich_scout_matched_standardized,relay_rich_scout_matched_standardized,180,0.15,0.22,12,0.75,0.8333333333333334,0.5,0.6833333333333333,0.38423135490433447,0.44999999999999996,62.81257230199403,0,1
230964489,relay_rich_scout_matched_standardized,scout_belief,crowd_vector,severe,severe,full_delivery,1,56,45,1,56,12,11,2,1,0.0,0.0,91.79858534681156,0.13420845810937362,0.10199842816312396,0,0.0,0.0,0.5828460038986355,0.07669543175712196,0.29531209125640784,0.0,0.5828460038986355,0.07669543175712196,0.0,0.0032507805566574376,0.0,0.0,8.0,181,0,relay_rich_scout_matched_standardized,relay_rich_scout_matched_standardized,180,0.15,0.22,12,0.9166666666666666,1.0,0.5,0.6888888888888889,0.3899615540483017,1.0,75.48168397889845,1,0
2949574360,relay_rich_scout_matched_standardized,scout_belief,crowd_vector,severe,severe,full_delivery,0,180,56,0,180,6,8,2,2,0.5,0.5,73.56561739800446,0.05760815771182808,0.08058686050443682,10,0.0,0.0,0.5277777777777778,0.07834890858914724,0.2990054449171958,0.48872180451127817,0.56,0.09034963924132851,0.02666666666666667,0.00396454270161739,0.0,0.0,17.444444444444443,181,1,relay_rich_scout_matched_standardized,relay_rich_scout_matched_standardized,180,0.15,0.22,12,0.6666666666666666,0.5,1.0,0.0,0.7381447376735087,0.5,58.33402632742912,0,1
4105905006,relay_rich_scout_matched_standardized,scout_belief,crowd_vector,severe,severe,full_delivery,1,55,44,1,55,11,10,2,1,0.08333333333333333,0.08333333333333333,60.76753468631904,0.0949492729473735,0.06751948298479893,0,0.0,0.0,0.5515873015873016,0.0868914477217828,0.32229732171110426,0.0,0.5515873015873016,0.0868914477217828,0.0,0.002814062770217149,0.0,0.0,10.214285714285714,181,0,relay_rich_scout_matched_standardized,relay_rich_scout_matched_standardized,180,0.15,0.22,12,0.8333333333333334,0.9166666666666666,0.5,0.6944444444444444,0.5684123956937568,1.0,74.5688846508237,0,1
2796659564,relay_rich_scout_matched_standardized,scout_belief,crowd_vector,severe,severe,full_delivery,1,57,45,1,57,11,11,2,1,0.08333333333333333,0.08333333333333333,93.97687009323565,0.13719251108501554,0.10441874454803961,0,0.006060606060606061,0.09090909090909091,0.5632183908045977,0.08272287368532397,0.3144795878598426,0.0,0.5632183908045977,0.08272287368532397,0.0,0.005334235192546729,0.0,0.0,8.0,181,0,relay_rich_scout_matched_standardized,relay_rich_scout_matched_standardized,180,0.15,0.22,12,0.9166666666666666,0.9166666666666666,0.5,0.6833333333333333,0.376397676886293,1.0,73.70290080974142,0,1
292924804,relay_rich_scout_matched_standardized,scout_belief,crowd_vector,severe,severe,full_delivery,1,55,44,1,55,11,11,2,1,0.08333333333333333,0.08333333333333333,56.567748818448905,0.08770193615263396,0.062853054242721,0,0.0,0.0,0.5297619047619048,0.09873157478505391,0.33770666021253565,0.0,0.5297619047619048,0.09873157478505391,0.0,0.002869042271322749,0.0,0.0,8.0,181,0,relay_rich_scout_matched_standardized,relay_rich_scout_matched_standardized,180,0.15,0.22,12,0.9166666666666666,0.9166666666666666,0.5,0.6944444444444444,0.6013548356698457,1.0,77.03007881048894,0,1
3991312677,relay_rich_scout_matched_standardized,scout_belief,crowd_vector,severe,severe,full_delivery,1,54,43,1,54,11,11,2,1,0.08333333333333333,0.08333333333333333,59.27282077175681,0.0907700164957991,0.06585868974639646,0,0.0,0.0,0.509090909090909,0.09285992037275362,0.34430280213522374,0.0,0.509090909090909,0.09285992037275362,0.0,0.002445273927039545,0.0,0.0,8.0,181,0,relay_rich_scout_matched_standardized,relay_rich_scout_matched_standardized,180,0.15,0.22,12,0.9166666666666666,0.9166666666666666,0.5,0.7,0.587409015928186,1.0,76.9237262229946,0,1
2811731512,relay_rich_scout_matched_standardized,scout_belief,crowd_vector,severe,severe,full_delivery,1,59,46,1,59,10,11,2,2,0.16666666666666666,0.16666666666666666,83.07204473539547,0.12819759990030163,0.09230227192821719,0,0.0,0.0,0.611111111111111,0.0705334517446276,0.27764386689250226,0.0,0.611111111111111,0.0705334517446276,0.0,0.005041188401731325,0.0,0.0,11.0,181,0,relay_rich_scout_matched_standardized,relay_rich_scout_matched_standardized,180,0.15,0.22,12,0.9166666666666666,0.8333333333333334,1.0,0.6722222222222223,0.4172836368168108,1.0,81.59752647099089,0,1
